path	status	reason
.dockerignore	unreviewed	production-relevant until a pass-3 reviewer records it
.githooks/commit-msg	unreviewed	production-relevant until a pass-3 reviewer records it
.githooks/pre-commit	unreviewed	production-relevant until a pass-3 reviewer records it
.githooks/pre-push	unreviewed	production-relevant until a pass-3 reviewer records it
.github/FUNDING.yml	unreviewed	production-relevant until a pass-3 reviewer records it
.github/ISSUE_TEMPLATE/bug_report.yaml	unreviewed	production-relevant until a pass-3 reviewer records it
.github/ISSUE_TEMPLATE/feature_request.yaml	unreviewed	production-relevant until a pass-3 reviewer records it
.github/PULL_REQUEST_TEMPLATE.md	unreviewed	production-relevant until a pass-3 reviewer records it
.github/actions/flutter_build/action.yml	unreviewed	production-relevant until a pass-3 reviewer records it
.github/actions/flutter_integration_test/action.yml	unreviewed	production-relevant until a pass-3 reviewer records it
.github/workflows/android_ci.yaml.bak	unreviewed	production-relevant until a pass-3 reviewer records it
.github/workflows/build_command.yml	unreviewed	production-relevant until a pass-3 reviewer records it
.github/workflows/commit_lint.yml	unreviewed	production-relevant until a pass-3 reviewer records it
.github/workflows/docker_ci.yml	unreviewed	production-relevant until a pass-3 reviewer records it
.github/workflows/flutter_ci.yaml	unreviewed	production-relevant until a pass-3 reviewer records it
.github/workflows/ios_ci.yaml	unreviewed	production-relevant until a pass-3 reviewer records it
.github/workflows/mobile_ci.yml	unreviewed	production-relevant until a pass-3 reviewer records it
.github/workflows/ninja_i18n.yml	unreviewed	production-relevant until a pass-3 reviewer records it
.github/workflows/release.yml	unreviewed	production-relevant until a pass-3 reviewer records it
.github/workflows/rust_ci.yaml	unreviewed	production-relevant until a pass-3 reviewer records it
.github/workflows/rust_coverage.yml	unreviewed	production-relevant until a pass-3 reviewer records it
.github/workflows/translation_notify.yml	unreviewed	production-relevant until a pass-3 reviewer records it
.gitignore	unreviewed	production-relevant until a pass-3 reviewer records it
AUDIT_SUMMARY.md	unreviewed	production-relevant until a pass-3 reviewer records it
CHANGELOG.md	unreviewed	production-relevant until a pass-3 reviewer records it
CODE_OF_CONDUCT.md	unreviewed	production-relevant until a pass-3 reviewer records it
LICENSE	unreviewed	production-relevant until a pass-3 reviewer records it
README.md	doc	readme
ROADMAP.md	unreviewed	production-relevant until a pass-3 reviewer records it
codemagic.yaml	unreviewed	production-relevant until a pass-3 reviewer records it
commitlint.config.js	unreviewed	production-relevant until a pass-3 reviewer records it
doc/CONTRIBUTING.md	unreviewed	production-relevant until a pass-3 reviewer records it
doc/imgs/Typography Styles.svg	asset	binary or font asset, not executable logic
doc/imgs/add_remote_repository.png	asset	binary or font asset, not executable logic
doc/imgs/appflowy-logo-black.svg	asset	binary or font asset, not executable logic
doc/imgs/appflowy-logo-white.svg	asset	binary or font asset, not executable logic
doc/imgs/appflowy_title_and_logo.png	asset	binary or font asset, not executable logic
doc/imgs/cloned_repository.png	asset	binary or font asset, not executable logic
doc/imgs/darkmode - lightmode.svg	asset	binary or font asset, not executable logic
doc/imgs/domain_model_relation.png	asset	binary or font asset, not executable logic
doc/imgs/howtostar.gif	asset	binary or font asset, not executable logic
doc/imgs/run.png	asset	binary or font asset, not executable logic
doc/imgs/welcome.png	asset	binary or font asset, not executable logic
doc/readme/desktop_guide_1.jpg	asset	binary or font asset, not executable logic
doc/readme/desktop_guide_2.jpg	asset	binary or font asset, not executable logic
doc/readme/getting_started_1.png	asset	binary or font asset, not executable logic
doc/readme/mobile_guide_1.png	asset	binary or font asset, not executable logic
doc/readme/mobile_guide_2.png	asset	binary or font asset, not executable logic
doc/readme/mobile_guide_3.png	asset	binary or font asset, not executable logic
doc/readme/mobile_guide_4.png	asset	binary or font asset, not executable logic
doc/readme/mobile_guide_5.png	asset	binary or font asset, not executable logic
doc/roadmap.md	unreviewed	production-relevant until a pass-3 reviewer records it
frontend/.vscode/launch.json	unreviewed	production-relevant until a pass-3 reviewer records it
frontend/.vscode/tasks.json	unreviewed	production-relevant until a pass-3 reviewer records it
frontend/Makefile.toml	unreviewed	production-relevant until a pass-3 reviewer records it
frontend/appflowy_flutter/.gitignore	unreviewed	production-relevant until a pass-3 reviewer records it
frontend/appflowy_flutter/.metadata	unreviewed	production-relevant until a pass-3 reviewer records it
frontend/appflowy_flutter/Makefile	unreviewed	production-relevant until a pass-3 reviewer records it
frontend/appflowy_flutter/README.md	doc	readme
frontend/appflowy_flutter/analysis_options.yaml	unreviewed	production-relevant until a pass-3 reviewer records it
frontend/appflowy_flutter/android/.gitignore	unreviewed	production-relevant until a pass-3 reviewer records it
frontend/appflowy_flutter/android/README.md	doc	readme
frontend/appflowy_flutter/android/app/build.gradle	unreviewed	production-relevant until a pass-3 reviewer records it
frontend/appflowy_flutter/android/app/src/debug/AndroidManifest.xml	unreviewed	production-relevant until a pass-3 reviewer records it
frontend/appflowy_flutter/android/app/src/main/AndroidManifest.xml	unreviewed	production-relevant until a pass-3 reviewer records it
frontend/appflowy_flutter/android/app/src/main/CMakeLists.txt	unreviewed	production-relevant until a pass-3 reviewer records it
frontend/appflowy_flutter/android/app/src/main/Classes/binding.h	unreviewed	production-relevant until a pass-3 reviewer records it
frontend/appflowy_flutter/android/app/src/main/ic_launcher-playstore.png	asset	binary or font asset, not executable logic
frontend/appflowy_flutter/android/app/src/main/kotlin/com/example/app_flowy/MainActivity.kt	reviewed	reported last line matches file length (or off by a trailing blank); model UNKNOWN
frontend/appflowy_flutter/android/app/src/main/res/drawable-v21/launch_background.xml	reviewed	reported last line matches file length (or off by a trailing blank); model UNKNOWN
frontend/appflowy_flutter/android/app/src/main/res/drawable/launcher_background.xml	reviewed	reported last line matches file length (or off by a trailing blank); model UNKNOWN
frontend/appflowy_flutter/android/app/src/main/res/drawable/launcher_foreground.xml	reviewed	reported last line matches file length (or off by a trailing blank); model UNKNOWN
frontend/appflowy_flutter/android/app/src/main/res/mipmap-anydpi-v26/ic_launcher.xml	reviewed	reported last line matches file length (or off by a trailing blank); model UNKNOWN
frontend/appflowy_flutter/android/app/src/main/res/mipmap-anydpi-v26/ic_launcher_round.xml	reviewed	reported last line matches file length (or off by a trailing blank); model UNKNOWN
frontend/appflowy_flutter/android/app/src/main/res/mipmap-hdpi/ic_launcher.png	asset	binary or font asset, not executable logic
frontend/appflowy_flutter/android/app/src/main/res/mipmap-hdpi/ic_launcher_foreground.png	asset	binary or font asset, not executable logic
frontend/appflowy_flutter/android/app/src/main/res/mipmap-hdpi/ic_launcher_monochrome.png	asset	binary or font asset, not executable logic
frontend/appflowy_flutter/android/app/src/main/res/mipmap-hdpi/ic_launcher_round.png	asset	binary or font asset, not executable logic
frontend/appflowy_flutter/android/app/src/main/res/mipmap-mdpi/ic_launcher.png	asset	binary or font asset, not executable logic
frontend/appflowy_flutter/android/app/src/main/res/mipmap-mdpi/ic_launcher_foreground.png	asset	binary or font asset, not executable logic
frontend/appflowy_flutter/android/app/src/main/res/mipmap-mdpi/ic_launcher_monochrome.png	asset	binary or font asset, not executable logic
frontend/appflowy_flutter/android/app/src/main/res/mipmap-mdpi/ic_launcher_round.png	asset	binary or font asset, not executable logic
frontend/appflowy_flutter/android/app/src/main/res/mipmap-xhdpi/ic_launcher.png	asset	binary or font asset, not executable logic
frontend/appflowy_flutter/android/app/src/main/res/mipmap-xhdpi/ic_launcher_foreground.png	asset	binary or font asset, not executable logic
frontend/appflowy_flutter/android/app/src/main/res/mipmap-xhdpi/ic_launcher_monochrome.png	asset	binary or font asset, not executable logic
frontend/appflowy_flutter/android/app/src/main/res/mipmap-xhdpi/ic_launcher_round.png	asset	binary or font asset, not executable logic
frontend/appflowy_flutter/android/app/src/main/res/mipmap-xxhdpi/ic_launcher.png	asset	binary or font asset, not executable logic
frontend/appflowy_flutter/android/app/src/main/res/mipmap-xxhdpi/ic_launcher_foreground.png	asset	binary or font asset, not executable logic
frontend/appflowy_flutter/android/app/src/main/res/mipmap-xxhdpi/ic_launcher_monochrome.png	asset	binary or font asset, not executable logic
frontend/appflowy_flutter/android/app/src/main/res/mipmap-xxhdpi/ic_launcher_round.png	asset	binary or font asset, not executable logic
frontend/appflowy_flutter/android/app/src/main/res/mipmap-xxxhdpi/ic_launcher.png	asset	binary or font asset, not executable logic
frontend/appflowy_flutter/android/app/src/main/res/mipmap-xxxhdpi/ic_launcher_foreground.png	asset	binary or font asset, not executable logic
frontend/appflowy_flutter/android/app/src/main/res/mipmap-xxxhdpi/ic_launcher_monochrome.png	asset	binary or font asset, not executable logic
frontend/appflowy_flutter/android/app/src/main/res/mipmap-xxxhdpi/ic_launcher_round.png	asset	binary or font asset, not executable logic
frontend/appflowy_flutter/android/app/src/main/res/values-night/styles.xml	reviewed	reported last line matches file length (or off by a trailing blank); model UNKNOWN
frontend/appflowy_flutter/android/app/src/main/res/values/ic_launcher_background.xml	reviewed	reported last line matches file length (or off by a trailing blank); model UNKNOWN
frontend/appflowy_flutter/android/app/src/main/res/values/styles.xml	reviewed	reported last line matches file length (or off by a trailing blank); model UNKNOWN
frontend/appflowy_flutter/android/app/src/profile/AndroidManifest.xml	reviewed	reported last line matches file length (or off by a trailing blank); model UNKNOWN
frontend/appflowy_flutter/android/build.gradle	reviewed	reported last line matches file length (or off by a trailing blank); model UNKNOWN
frontend/appflowy_flutter/android/gradle.properties	reviewed	reported last line matches file length (or off by a trailing blank); model UNKNOWN
frontend/appflowy_flutter/android/gradle/wrapper/gradle-wrapper.properties	reviewed	reported last line matches file length (or off by a trailing blank); model UNKNOWN
frontend/appflowy_flutter/android/settings.gradle	reviewed	reported last line matches file length (or off by a trailing blank); model UNKNOWN
frontend/appflowy_flutter/assets/built_in_prompts.json	reviewed	reported last line matches file length (or off by a trailing blank); model UNKNOWN
frontend/appflowy_flutter/assets/fonts/.gitkeep	reviewed	reported last line matches file length (or off by a trailing blank); model UNKNOWN
frontend/appflowy_flutter/assets/google_fonts/Poppins/OFL.txt	reviewed	reported last line matches file length (or off by a trailing blank); model UNKNOWN
frontend/appflowy_flutter/assets/google_fonts/Poppins/Poppins-Black.ttf	asset	binary or font asset, not executable logic
frontend/appflowy_flutter/assets/google_fonts/Poppins/Poppins-BlackItalic.ttf	asset	binary or font asset, not executable logic
frontend/appflowy_flutter/assets/google_fonts/Poppins/Poppins-Bold.ttf	asset	binary or font asset, not executable logic
frontend/appflowy_flutter/assets/google_fonts/Poppins/Poppins-BoldItalic.ttf	asset	binary or font asset, not executable logic
frontend/appflowy_flutter/assets/google_fonts/Poppins/Poppins-ExtraBold.ttf	asset	binary or font asset, not executable logic
frontend/appflowy_flutter/assets/google_fonts/Poppins/Poppins-ExtraBoldItalic.ttf	asset	binary or font asset, not executable logic
frontend/appflowy_flutter/assets/google_fonts/Poppins/Poppins-ExtraLight.ttf	asset	binary or font asset, not executable logic
frontend/appflowy_flutter/assets/google_fonts/Poppins/Poppins-ExtraLightItalic.ttf	asset	binary or font asset, not executable logic
frontend/appflowy_flutter/assets/google_fonts/Poppins/Poppins-Italic.ttf	asset	binary or font asset, not executable logic
frontend/appflowy_flutter/assets/google_fonts/Poppins/Poppins-Light.ttf	asset	binary or font asset, not executable logic
frontend/appflowy_flutter/assets/google_fonts/Poppins/Poppins-LightItalic.ttf	asset	binary or font asset, not executable logic
frontend/appflowy_flutter/assets/google_fonts/Poppins/Poppins-Medium.ttf	asset	binary or font asset, not executable logic
frontend/appflowy_flutter/assets/google_fonts/Poppins/Poppins-MediumItalic.ttf	asset	binary or font asset, not executable logic
frontend/appflowy_flutter/assets/google_fonts/Poppins/Poppins-Regular.ttf	asset	binary or font asset, not executable logic
frontend/appflowy_flutter/assets/google_fonts/Poppins/Poppins-SemiBold.ttf	asset	binary or font asset, not executable logic
frontend/appflowy_flutter/assets/google_fonts/Poppins/Poppins-SemiBoldItalic.ttf	asset	binary or font asset, not executable logic
frontend/appflowy_flutter/assets/google_fonts/Poppins/Poppins-Thin.ttf	asset	binary or font asset, not executable logic
frontend/appflowy_flutter/assets/google_fonts/Poppins/Poppins-ThinItalic.ttf	asset	binary or font asset, not executable logic
frontend/appflowy_flutter/assets/google_fonts/Roboto_Mono/LICENSE.txt	reviewed	reported last line matches file length (or off by a trailing blank); model UNKNOWN
frontend/appflowy_flutter/assets/google_fonts/Roboto_Mono/RobotoMono-Italic.ttf	asset	binary or font asset, not executable logic
frontend/appflowy_flutter/assets/google_fonts/Roboto_Mono/RobotoMono-Regular.ttf	asset	binary or font asset, not executable logic
frontend/appflowy_flutter/assets/icons/icons.json	reviewed	reported last line matches file length (or off by a trailing blank); model UNKNOWN
frontend/appflowy_flutter/assets/images/app_flowy_abstract_cover_1.jpg	asset	binary or font asset, not executable logic
frontend/appflowy_flutter/assets/images/app_flowy_abstract_cover_2.jpg	asset	binary or font asset, not executable logic
frontend/appflowy_flutter/assets/images/appearance/dark.png	asset	binary or font asset, not executable logic
frontend/appflowy_flutter/assets/images/appearance/light.png	asset	binary or font asset, not executable logic
frontend/appflowy_flutter/assets/images/appearance/system.png	asset	binary or font asset, not executable logic
frontend/appflowy_flutter/assets/images/appflowy_launch_splash.jpg	asset	binary or font asset, not executable logic
frontend/appflowy_flutter/assets/images/built_in_cover_images/m_cover_image_1.png	asset	binary or font asset, not executable logic
frontend/appflowy_flutter/assets/images/built_in_cover_images/m_cover_image_2.png	asset	binary or font asset, not executable logic
frontend/appflowy_flutter/assets/images/built_in_cover_images/m_cover_image_3.png	asset	binary or font asset, not executable logic
frontend/appflowy_flutter/assets/images/built_in_cover_images/m_cover_image_4.png	asset	binary or font asset, not executable logic
frontend/appflowy_flutter/assets/images/built_in_cover_images/m_cover_image_5.png	asset	binary or font asset, not executable logic
frontend/appflowy_flutter/assets/images/built_in_cover_images/m_cover_image_6.png	asset	binary or font asset, not executable logic
frontend/appflowy_flutter/assets/images/emoji/1F42F.svg	asset	binary or font asset, not executable logic
frontend/appflowy_flutter/assets/images/emoji/1F431.svg	asset	binary or font asset, not executable logic
frontend/appflowy_flutter/assets/images/emoji/1F435.svg	asset	binary or font asset, not executable logic
frontend/appflowy_flutter/assets/images/emoji/1F43A.svg	asset	binary or font asset, not executable logic
frontend/appflowy_flutter/assets/images/emoji/1F600.svg	asset	binary or font asset, not executable logic
frontend/appflowy_flutter/assets/images/emoji/1F984.svg	asset	binary or font asset, not executable logic
frontend/appflowy_flutter/assets/images/emoji/1F9CC.svg	asset	binary or font asset, not executable logic
frontend/appflowy_flutter/assets/images/emoji/1F9DB.svg	asset	binary or font asset, not executable logic
frontend/appflowy_flutter/assets/images/emoji/1F9DD-200D-2642-FE0F.svg	asset	binary or font asset, not executable logic
frontend/appflowy_flutter/assets/images/emoji/1F9DE-200D-2642-FE0F.svg	asset	binary or font asset, not executable logic
frontend/appflowy_flutter/assets/images/emoji/1F9DF.svg	asset	binary or font asset, not executable logic
frontend/appflowy_flutter/assets/images/flowy_logo.svg	asset	binary or font asset, not executable logic
frontend/appflowy_flutter/assets/images/flowy_logo_dark_mode.svg	asset	binary or font asset, not executable logic
frontend/appflowy_flutter/assets/images/flowy_logo_with_text.svg	asset	binary or font asset, not executable logic
frontend/appflowy_flutter/assets/images/login/discord-mark.svg	asset	binary or font asset, not executable logic
frontend/appflowy_flutter/assets/images/login/github-light.svg	asset	binary or font asset, not executable logic
frontend/appflowy_flutter/assets/images/login/github-mark.svg	asset	binary or font asset, not executable logic
frontend/appflowy_flutter/assets/images/login/google-mark.svg	asset	binary or font asset, not executable logic
frontend/appflowy_flutter/assets/images/login/language.svg	asset	binary or font asset, not executable logic
frontend/appflowy_flutter/assets/template/readme.afdoc	reviewed	reported last line matches file length (or off by a trailing blank); model UNKNOWN
frontend/appflowy_flutter/assets/template/readme.json	reviewed	reported last line matches file length (or off by a trailing blank); model UNKNOWN
frontend/appflowy_flutter/assets/test/images/sample.gif	test-fixture	test or fixture path
frontend/appflowy_flutter/assets/test/images/sample.jpeg	test-fixture	test or fixture path
frontend/appflowy_flutter/assets/test/images/sample.png	test-fixture	test or fixture path
frontend/appflowy_flutter/assets/test/images/sample.svg	test-fixture	test or fixture path
frontend/appflowy_flutter/assets/test/workspaces/ai_workspace.zip	test-fixture	test or fixture path
frontend/appflowy_flutter/assets/test/workspaces/board.zip	test-fixture	test or fixture path
frontend/appflowy_flutter/assets/test/workspaces/cover_image.zip	test-fixture	test or fixture path
frontend/appflowy_flutter/assets/test/workspaces/database/v020.afdb	test-fixture	test or fixture path
frontend/appflowy_flutter/assets/test/workspaces/database/v069.afdb	test-fixture	test or fixture path
frontend/appflowy_flutter/assets/test/workspaces/empty_document.zip	test-fixture	test or fixture path
frontend/appflowy_flutter/assets/test/workspaces/markdowns/markdown_with_table.md	test-fixture	test or fixture path
frontend/appflowy_flutter/assets/test/workspaces/markdowns/test1.md	test-fixture	test or fixture path
frontend/appflowy_flutter/assets/test/workspaces/markdowns/test2.md	test-fixture	test or fixture path
frontend/appflowy_flutter/assets/translations/mr-IN.json	reviewed	reported last line matches file length (or off by a trailing blank); model UNKNOWN
frontend/appflowy_flutter/build.yaml	reviewed	reported last line matches file length (or off by a trailing blank); model UNKNOWN
frontend/appflowy_flutter/cargokit_options.yaml	reviewed	reported last line matches file length (or off by a trailing blank); model UNKNOWN
frontend/appflowy_flutter/dart_dependency_validator.yaml	reviewed	reported last line matches file length (or off by a trailing blank); model UNKNOWN
frontend/appflowy_flutter/dev.env	reviewed	reported last line matches file length (or off by a trailing blank); model UNKNOWN
frontend/appflowy_flutter/devtools_options.yaml	reviewed	reported last line matches file length (or off by a trailing blank); model UNKNOWN
frontend/appflowy_flutter/distribute_options.yaml	reviewed	reported last line matches file length (or off by a trailing blank); model UNKNOWN
frontend/appflowy_flutter/dsa_pub.pem	reviewed	reported last line matches file length (or off by a trailing blank); model UNKNOWN
frontend/appflowy_flutter/integration_test/desktop/board/board_add_row_test.dart	reviewed	reported last line matches file length (or off by a trailing blank); model UNKNOWN
frontend/appflowy_flutter/integration_test/desktop/board/board_field_test.dart	reviewed	reported last line matches file length (or off by a trailing blank); model UNKNOWN
frontend/appflowy_flutter/integration_test/desktop/board/board_group_test.dart	reviewed	reported last line matches file length (or off by a trailing blank); model UNKNOWN
frontend/appflowy_flutter/integration_test/desktop/board/board_hide_groups_test.dart	reviewed	reported last line matches file length (or off by a trailing blank); model UNKNOWN
frontend/appflowy_flutter/integration_test/desktop/board/board_row_test.dart	reviewed	reported last line matches file length (or off by a trailing blank); model UNKNOWN
frontend/appflowy_flutter/integration_test/desktop/board/board_test_runner.dart	reviewed	reported last line matches file length (or off by a trailing blank); model UNKNOWN
frontend/appflowy_flutter/integration_test/desktop/chat/chat_page_test.dart	reviewed	reported last line matches file length (or off by a trailing blank); model UNKNOWN
frontend/appflowy_flutter/integration_test/desktop/cloud/cloud_runner.dart	reviewed	reported last line matches file length (or off by a trailing blank); model UNKNOWN
frontend/appflowy_flutter/integration_test/desktop/cloud/data_migration/anon_user_data_migration_test.dart	reviewed	reported last line matches file length (or off by a trailing blank); model UNKNOWN
frontend/appflowy_flutter/integration_test/desktop/cloud/data_migration/data_migration_test_runner.dart	reviewed	reported last line matches file length (or off by a trailing blank); model UNKNOWN
frontend/appflowy_flutter/integration_test/desktop/cloud/database/database_image_test.dart	reviewed	reported last line matches file length (or off by a trailing blank); model UNKNOWN
frontend/appflowy_flutter/integration_test/desktop/cloud/database/database_test_runner.dart	reviewed	reported last line matches file length (or off by a trailing blank); model UNKNOWN
frontend/appflowy_flutter/integration_test/desktop/cloud/document/document_ai_writer_test.dart	reviewed	reported last line matches file length (or off by a trailing blank); model UNKNOWN
frontend/appflowy_flutter/integration_test/desktop/cloud/document/document_copy_link_to_block_test.dart	reviewed	reported last line matches file length (or off by a trailing blank); model UNKNOWN
frontend/appflowy_flutter/integration_test/desktop/cloud/document/document_option_actions_test.dart	reviewed	reported last line matches file length (or off by a trailing blank); model UNKNOWN
frontend/appflowy_flutter/integration_test/desktop/cloud/document/document_publish_test.dart	reviewed	reported last line matches file length (or off by a trailing blank); model UNKNOWN
frontend/appflowy_flutter/integration_test/desktop/cloud/document/document_test_runner.dart	reviewed	reported last line matches file length (or off by a trailing blank); model UNKNOWN
frontend/appflowy_flutter/integration_test/desktop/cloud/set_env.dart	reviewed	reported last line matches file length (or off by a trailing blank); model UNKNOWN
frontend/appflowy_flutter/integration_test/desktop/cloud/sidebar/sidebar_icon_test.dart	reviewed	reported last line matches file length (or off by a trailing blank); model UNKNOWN
frontend/appflowy_flutter/integration_test/desktop/cloud/sidebar/sidebar_move_page_test.dart	reviewed	reported last line matches file length (or off by a trailing blank); model UNKNOWN
frontend/appflowy_flutter/integration_test/desktop/cloud/sidebar/sidebar_rename_untitled_test.dart	reviewed	reported last line matches file length (or off by a trailing blank); model UNKNOWN
frontend/appflowy_flutter/integration_test/desktop/cloud/sidebar/sidebar_search_test.dart	reviewed	reported last line matches file length (or off by a trailing blank); model UNKNOWN
frontend/appflowy_flutter/integration_test/desktop/cloud/uncategorized/appflowy_cloud_auth_test.dart	reviewed	reported last line matches file length (or off by a trailing blank); model UNKNOWN
frontend/appflowy_flutter/integration_test/desktop/cloud/uncategorized/document_sync_test.dart	reviewed	reported last line matches file length (or off by a trailing blank); model UNKNOWN
frontend/appflowy_flutter/integration_test/desktop/cloud/uncategorized/uncategorized_test_runner.dart	reviewed	reported last line matches file length (or off by a trailing blank); model UNKNOWN
frontend/appflowy_flutter/integration_test/desktop/cloud/uncategorized/user_setting_sync_test.dart	reviewed	reported last line matches file length (or off by a trailing blank); model UNKNOWN
frontend/appflowy_flutter/integration_test/desktop/cloud/workspace/change_name_and_icon_test.dart	reviewed	reported last line matches file length (or off by a trailing blank); model UNKNOWN
frontend/appflowy_flutter/integration_test/desktop/cloud/workspace/collaborative_workspace_test.dart	reviewed	reported last line matches file length (or off by a trailing blank); model UNKNOWN
frontend/appflowy_flutter/integration_test/desktop/cloud/workspace/share_menu_test.dart	reviewed	reported last line matches file length (or off by a trailing blank); model UNKNOWN
frontend/appflowy_flutter/integration_test/desktop/cloud/workspace/tabs_test.dart	reviewed	reported last line matches file length (or off by a trailing blank); model UNKNOWN
frontend/appflowy_flutter/integration_test/desktop/cloud/workspace/workspace_icon_test.dart	reviewed	reported last line matches file length (or off by a trailing blank); model UNKNOWN
frontend/appflowy_flutter/integration_test/desktop/cloud/workspace/workspace_settings_test.dart	reviewed	reported last line matches file length (or off by a trailing blank); model UNKNOWN
frontend/appflowy_flutter/integration_test/desktop/cloud/workspace/workspace_test_runner.dart	reviewed	reported last line matches file length (or off by a trailing blank); model UNKNOWN
frontend/appflowy_flutter/integration_test/desktop/command_palette/command_palette_test.dart	reviewed	reported last line matches file length (or off by a trailing blank); model UNKNOWN
frontend/appflowy_flutter/integration_test/desktop/command_palette/command_palette_test_runner.dart	reviewed	reported last line matches file length (or off by a trailing blank); model UNKNOWN
frontend/appflowy_flutter/integration_test/desktop/command_palette/folder_search_test.dart	reviewed	reported last line matches file length (or off by a trailing blank); model UNKNOWN
frontend/appflowy_flutter/integration_test/desktop/command_palette/recent_history_test.dart	reviewed	reported last line matches file length (or off by a trailing blank); model UNKNOWN
frontend/appflowy_flutter/integration_test/desktop/database/database_calendar_test.dart	reviewed	reported last line matches file length (or off by a trailing blank); model UNKNOWN
frontend/appflowy_flutter/integration_test/desktop/database/database_cell_test.dart	reviewed	reported last line matches file length (or off by a trailing blank); model UNKNOWN
frontend/appflowy_flutter/integration_test/desktop/database/database_field_settings_test.dart	reviewed	reported last line matches file length (or off by a trailing blank); model UNKNOWN
frontend/appflowy_flutter/integration_test/desktop/database/database_field_test.dart	reviewed	reported last line matches file length (or off by a trailing blank); model UNKNOWN
frontend/appflowy_flutter/integration_test/desktop/database/database_filter_test.dart	reviewed	reported last line matches file length (or off by a trailing blank); model UNKNOWN
frontend/appflowy_flutter/integration_test/desktop/database/database_icon_test.dart	reviewed	reported last line matches file length (or off by a trailing blank); model UNKNOWN
frontend/appflowy_flutter/integration_test/desktop/database/database_media_test.dart	reviewed	reported last line matches file length (or off by a trailing blank); model UNKNOWN
frontend/appflowy_flutter/integration_test/desktop/database/database_reminder_test.dart	reviewed	reported last line matches file length (or off by a trailing blank); model UNKNOWN
frontend/appflowy_flutter/integration_test/desktop/database/database_row_cover_test.dart	reviewed	reported last line matches file length (or off by a trailing blank); model UNKNOWN
frontend/appflowy_flutter/integration_test/desktop/database/database_row_page_test.dart	reviewed	reported last line matches file length (or off by a trailing blank); model UNKNOWN
frontend/appflowy_flutter/integration_test/desktop/database/database_setting_test.dart	reviewed	reported last line matches file length (or off by a trailing blank); model UNKNOWN
frontend/appflowy_flutter/integration_test/desktop/database/database_share_test.dart	reviewed	reported last line matches file length (or off by a trailing blank); model UNKNOWN
frontend/appflowy_flutter/integration_test/desktop/database/database_sort_test.dart	reviewed	reported last line matches file length (or off by a trailing blank); model UNKNOWN
frontend/appflowy_flutter/integration_test/desktop/database/database_test_runner_1.dart	reviewed	reported last line matches file length (or off by a trailing blank); model UNKNOWN
frontend/appflowy_flutter/integration_test/desktop/database/database_test_runner_2.dart	reviewed	reported last line matches file length (or off by a trailing blank); model UNKNOWN
frontend/appflowy_flutter/integration_test/desktop/database/database_view_test.dart	reviewed	reported last line matches file length (or off by a trailing blank); model UNKNOWN
frontend/appflowy_flutter/integration_test/desktop/document/document_alignment_test.dart	reviewed	reported last line matches file length (or off by a trailing blank); model UNKNOWN
frontend/appflowy_flutter/integration_test/desktop/document/document_app_lifecycle_test.dart	reviewed	reported last line matches file length (or off by a trailing blank); model UNKNOWN
frontend/appflowy_flutter/integration_test/desktop/document/document_block_option_test.dart	reviewed	reported last line matches file length (or off by a trailing blank); model UNKNOWN
frontend/appflowy_flutter/integration_test/desktop/document/document_callout_test.dart	reviewed	reported last line matches file length (or off by a trailing blank); model UNKNOWN
frontend/appflowy_flutter/integration_test/desktop/document/document_codeblock_paste_test.dart	reviewed	reported last line matches file length (or off by a trailing blank); model UNKNOWN
frontend/appflowy_flutter/integration_test/desktop/document/document_copy_and_paste_test.dart	reviewed	reported last line matches file length (or off by a trailing blank); model UNKNOWN
frontend/appflowy_flutter/integration_test/desktop/document/document_create_and_delete_test.dart	reviewed	reported last line matches file length (or off by a trailing blank); model UNKNOWN
frontend/appflowy_flutter/integration_test/desktop/document/document_customer_test.dart	reviewed	reported last line matches file length (or off by a trailing blank); model UNKNOWN
frontend/appflowy_flutter/integration_test/desktop/document/document_deletion_test.dart	reviewed	reported last line matches file length (or off by a trailing blank); model UNKNOWN
frontend/appflowy_flutter/integration_test/desktop/document/document_find_menu_test.dart	reviewed	reported last line matches file length (or off by a trailing blank); model UNKNOWN
frontend/appflowy_flutter/integration_test/desktop/document/document_inline_page_reference_test.dart	reviewed	reported last line matches file length (or off by a trailing blank); model UNKNOWN
frontend/appflowy_flutter/integration_test/desktop/document/document_inline_sub_page_test.dart	reviewed	reported last line matches file length (or off by a trailing blank); model UNKNOWN
frontend/appflowy_flutter/integration_test/desktop/document/document_link_preview_test.dart	reviewed	reported last line matches file length (or off by a trailing blank); model UNKNOWN
frontend/appflowy_flutter/integration_test/desktop/document/document_more_actions_test.dart	reviewed	reported last line matches file length (or off by a trailing blank); model UNKNOWN
frontend/appflowy_flutter/integration_test/desktop/document/document_option_action_test.dart	reviewed	reported last line matches file length (or off by a trailing blank); model UNKNOWN
frontend/appflowy_flutter/integration_test/desktop/document/document_selection_test.dart	reviewed	reported last line matches file length (or off by a trailing blank); model UNKNOWN
frontend/appflowy_flutter/integration_test/desktop/document/document_shortcuts_test.dart	reviewed	reported last line matches file length (or off by a trailing blank); model UNKNOWN
frontend/appflowy_flutter/integration_test/desktop/document/document_sub_page_test.dart	reviewed	reported last line matches file length (or off by a trailing blank); model UNKNOWN
frontend/appflowy_flutter/integration_test/desktop/document/document_test_runner_1.dart	reviewed	reported last line matches file length (or off by a trailing blank); model UNKNOWN
frontend/appflowy_flutter/integration_test/desktop/document/document_test_runner_2.dart	reviewed	reported last line matches file length (or off by a trailing blank); model UNKNOWN
frontend/appflowy_flutter/integration_test/desktop/document/document_test_runner_3.dart	reviewed	reported last line matches file length (or off by a trailing blank); model UNKNOWN
frontend/appflowy_flutter/integration_test/desktop/document/document_test_runner_4.dart	reviewed	reported last line matches file length (or off by a trailing blank); model UNKNOWN
frontend/appflowy_flutter/integration_test/desktop/document/document_text_direction_test.dart	reviewed	reported last line matches file length (or off by a trailing blank); model UNKNOWN
frontend/appflowy_flutter/integration_test/desktop/document/document_title_test.dart	reviewed	reported last line matches file length (or off by a trailing blank); model UNKNOWN
frontend/appflowy_flutter/integration_test/desktop/document/document_toolbar_test.dart	reviewed	reported last line matches file length (or off by a trailing blank); model UNKNOWN
frontend/appflowy_flutter/integration_test/desktop/document/document_with_cover_image_test.dart	reviewed	reported last line matches file length (or off by a trailing blank); model UNKNOWN
frontend/appflowy_flutter/integration_test/desktop/document/document_with_database_test.dart	reviewed	reported last line matches file length (or off by a trailing blank); model UNKNOWN
frontend/appflowy_flutter/integration_test/desktop/document/document_with_date_reminder_test.dart	reviewed	reported last line matches file length (or off by a trailing blank); model UNKNOWN
frontend/appflowy_flutter/integration_test/desktop/document/document_with_file_test.dart	reviewed	reported last line matches file length (or off by a trailing blank); model UNKNOWN
frontend/appflowy_flutter/integration_test/desktop/document/document_with_image_block_test.dart	reviewed	reported last line matches file length (or off by a trailing blank); model UNKNOWN
frontend/appflowy_flutter/integration_test/desktop/document/document_with_inline_math_equation_test.dart	reviewed	reported last line matches file length (or off by a trailing blank); model UNKNOWN
frontend/appflowy_flutter/integration_test/desktop/document/document_with_inline_math_equation_test_1.png	asset	binary or font asset, not executable logic
frontend/appflowy_flutter/integration_test/desktop/document/document_with_inline_math_equation_test_2.png	asset	binary or font asset, not executable logic
frontend/appflowy_flutter/integration_test/desktop/document/document_with_inline_page_test.dart	reviewed	reported last line matches file length (or off by a trailing blank); model UNKNOWN
frontend/appflowy_flutter/integration_test/desktop/document/document_with_link_test.dart	reviewed	reported last line matches file length (or off by a trailing blank); model UNKNOWN
frontend/appflowy_flutter/integration_test/desktop/document/document_with_multi_image_block_test.dart	reviewed	reported last line matches file length (or off by a trailing blank); model UNKNOWN
frontend/appflowy_flutter/integration_test/desktop/document/document_with_outline_block_test.dart	reviewed	reported last line matches file length (or off by a trailing blank); model UNKNOWN
frontend/appflowy_flutter/integration_test/desktop/document/document_with_simple_table_test.dart	reviewed	reported last line matches file length (or off by a trailing blank); model UNKNOWN
frontend/appflowy_flutter/integration_test/desktop/document/document_with_toggle_heading_block_test.dart	reviewed	reported last line matches file length (or off by a trailing blank); model UNKNOWN
frontend/appflowy_flutter/integration_test/desktop/document/document_with_toggle_list_test.dart	reviewed	reported last line matches file length (or off by a trailing blank); model UNKNOWN
frontend/appflowy_flutter/integration_test/desktop/document/edit_document_test.dart	reviewed	reported last line within 1 of file length; model UNKNOWN
frontend/appflowy_flutter/integration_test/desktop/document/edit_document_test.png	asset	binary or font asset, not executable logic
frontend/appflowy_flutter/integration_test/desktop/first_test/first_test.dart	reviewed	reported last line within 1 of file length; model UNKNOWN
frontend/appflowy_flutter/integration_test/desktop/grid/grid_calculations_test.dart	reviewed	reported last line within 1 of file length; model UNKNOWN
frontend/appflowy_flutter/integration_test/desktop/grid/grid_edit_row_test.dart	reviewed	reported last line within 1 of file length; model UNKNOWN
frontend/appflowy_flutter/integration_test/desktop/grid/grid_filter_and_sort_test.dart	reviewed	reported last line within 1 of file length; model UNKNOWN
frontend/appflowy_flutter/integration_test/desktop/grid/grid_reopen_test.dart	reviewed	reported last line within 1 of file length; model UNKNOWN
frontend/appflowy_flutter/integration_test/desktop/grid/grid_reorder_row_test.dart	reviewed	reported last line within 1 of file length; model UNKNOWN
frontend/appflowy_flutter/integration_test/desktop/grid/grid_row_test.dart	reviewed	reported last line within 1 of file length; model UNKNOWN
frontend/appflowy_flutter/integration_test/desktop/grid/grid_test_extensions.dart	reviewed	reported last line within 1 of file length; model UNKNOWN
frontend/appflowy_flutter/integration_test/desktop/grid/grid_test_runner_1.dart	reviewed	reported last line within 1 of file length; model UNKNOWN
frontend/appflowy_flutter/integration_test/desktop/reminder/document_reminder_test.dart	reviewed	reported last line within 1 of file length; model UNKNOWN
frontend/appflowy_flutter/integration_test/desktop/settings/notifications_settings_test.dart	reviewed	reported last line within 1 of file length; model UNKNOWN
frontend/appflowy_flutter/integration_test/desktop/settings/settings_billing_test.dart	reviewed	reported last line within 1 of file length; model UNKNOWN
frontend/appflowy_flutter/integration_test/desktop/settings/settings_runner.dart	reviewed	reported last line within 1 of file length; model UNKNOWN
frontend/appflowy_flutter/integration_test/desktop/settings/shortcuts_settings_test.dart	reviewed	reported last line within 1 of file length; model UNKNOWN
frontend/appflowy_flutter/integration_test/desktop/settings/sign_in_page_settings_test.dart	reviewed	reported last line within 1 of file length; model UNKNOWN
frontend/appflowy_flutter/integration_test/desktop/sidebar/rename_current_item_test.dart	reviewed	reported last line within 1 of file length; model UNKNOWN
frontend/appflowy_flutter/integration_test/desktop/sidebar/sidebar_expand_test.dart	reviewed	reported last line within 1 of file length; model UNKNOWN
frontend/appflowy_flutter/integration_test/desktop/sidebar/sidebar_favorites_test.dart	reviewed	reported last line within 1 of file length; model UNKNOWN
frontend/appflowy_flutter/integration_test/desktop/sidebar/sidebar_icon_test.dart	reviewed	reported last line within 1 of file length; model UNKNOWN
frontend/appflowy_flutter/integration_test/desktop/sidebar/sidebar_recent_icon_test.dart	reviewed	reported last line within 1 of file length; model UNKNOWN
frontend/appflowy_flutter/integration_test/desktop/sidebar/sidebar_test.dart	reviewed	reported last line within 1 of file length; model UNKNOWN
frontend/appflowy_flutter/integration_test/desktop/sidebar/sidebar_test_runner.dart	reviewed	reported last line within 1 of file length; model UNKNOWN
frontend/appflowy_flutter/integration_test/desktop/sidebar/sidebar_view_item_test.dart	reviewed	reported last line within 1 of file length; model UNKNOWN
frontend/appflowy_flutter/integration_test/desktop/uncategorized/board_test.dart	reviewed	reported last line within 1 of file length; model UNKNOWN
frontend/appflowy_flutter/integration_test/desktop/uncategorized/code_block_language_selector_test.dart	reviewed	reported last line within 1 of file length; model UNKNOWN
frontend/appflowy_flutter/integration_test/desktop/uncategorized/emoji_shortcut_test.dart	reviewed	reported last line within 1 of file length; model UNKNOWN
frontend/appflowy_flutter/integration_test/desktop/uncategorized/empty_document_test.dart	reviewed	reported last line within 1 of file length; model UNKNOWN
frontend/appflowy_flutter/integration_test/desktop/uncategorized/hotkeys_test.dart	reviewed	reported last line within 1 of file length; model UNKNOWN
frontend/appflowy_flutter/integration_test/desktop/uncategorized/import_files_test.dart	reviewed	reported last line within 1 of file length; model UNKNOWN
frontend/appflowy_flutter/integration_test/desktop/uncategorized/language_test.dart	reviewed	reported last line within 1 of file length; model UNKNOWN
frontend/appflowy_flutter/integration_test/desktop/uncategorized/share_markdown_test.dart	reviewed	reported last line within 1 of file length; model UNKNOWN
frontend/appflowy_flutter/integration_test/desktop/uncategorized/switch_folder_test.dart	reviewed	reported last line within 1 of file length; model UNKNOWN
frontend/appflowy_flutter/integration_test/desktop/uncategorized/tabs_test.dart	reviewed	reported last line within 1 of file length; model UNKNOWN
frontend/appflowy_flutter/integration_test/desktop/uncategorized/uncategorized_test_runner_1.dart	reviewed	reported last line within 1 of file length; model UNKNOWN
frontend/appflowy_flutter/integration_test/desktop/uncategorized/zoom_in_out_test.dart	reviewed	reported last line within 1 of file length; model UNKNOWN
frontend/appflowy_flutter/integration_test/desktop_runner_1.dart	reviewed	reported last line within 1 of file length; model UNKNOWN
frontend/appflowy_flutter/integration_test/desktop_runner_2.dart	reviewed	reported last line within 1 of file length; model UNKNOWN
frontend/appflowy_flutter/integration_test/desktop_runner_3.dart	reviewed	reported last line within 1 of file length; model UNKNOWN
frontend/appflowy_flutter/integration_test/desktop_runner_4.dart	reviewed	reported last line within 1 of file length; model UNKNOWN
frontend/appflowy_flutter/integration_test/desktop_runner_5.dart	reviewed	reported last line within 1 of file length; model UNKNOWN
frontend/appflowy_flutter/integration_test/desktop_runner_6.dart	reviewed	reported last line within 1 of file length; model UNKNOWN
frontend/appflowy_flutter/integration_test/desktop_runner_7.dart	reviewed	reported last line within 1 of file length; model UNKNOWN
frontend/appflowy_flutter/integration_test/desktop_runner_8.dart	reviewed	reported last line within 1 of file length; model UNKNOWN
frontend/appflowy_flutter/integration_test/desktop_runner_9.dart	reviewed	reported last line within 1 of file length; model UNKNOWN
frontend/appflowy_flutter/integration_test/mobile/cloud/cloud_runner.dart	reviewed	reported last line within 1 of file length; model UNKNOWN
frontend/appflowy_flutter/integration_test/mobile/cloud/document/publish_test.dart	reviewed	reported last line within 1 of file length; model UNKNOWN
frontend/appflowy_flutter/integration_test/mobile/cloud/document/share_link_test.dart	reviewed	reported last line within 1 of file length; model UNKNOWN
frontend/appflowy_flutter/integration_test/mobile/cloud/space/space_test.dart	reviewed	reported last line within 1 of file length; model UNKNOWN
frontend/appflowy_flutter/integration_test/mobile/cloud/workspace/workspace_operations_test.dart	reviewed	reported last line within 1 of file length; model UNKNOWN
frontend/appflowy_flutter/integration_test/mobile/document/at_menu_test.dart	reviewed	reported last line within 1 of file length; model UNKNOWN
frontend/appflowy_flutter/integration_test/mobile/document/document_test_runner.dart	reviewed	reported last line within 1 of file length; model UNKNOWN
frontend/appflowy_flutter/integration_test/mobile/document/icon_test.dart	reviewed	reported last line within 1 of file length; model UNKNOWN
frontend/appflowy_flutter/integration_test/mobile/document/page_style_test.dart	reviewed	reported last line within 1 of file length; model UNKNOWN
frontend/appflowy_flutter/integration_test/mobile/document/plus_menu_test.dart	reviewed	reported last line within 1 of file length; model UNKNOWN
frontend/appflowy_flutter/integration_test/mobile/document/simple_table_test.dart	reviewed	reported last line within 1 of file length; model UNKNOWN
frontend/appflowy_flutter/integration_test/mobile/document/slash_menu_test.dart	reviewed	reported last line within 1 of file length; model UNKNOWN
frontend/appflowy_flutter/integration_test/mobile/document/title_test.dart	reviewed	reported last line within 1 of file length; model UNKNOWN
frontend/appflowy_flutter/integration_test/mobile/document/toolbar_test.dart	reviewed	reported last line within 1 of file length; model UNKNOWN
frontend/appflowy_flutter/integration_test/mobile/home_page/create_new_page_test.dart	reviewed	reported last line within 1 of file length; model UNKNOWN
frontend/appflowy_flutter/integration_test/mobile/search/search_test.dart	reviewed	reported last line within 1 of file length; model UNKNOWN
frontend/appflowy_flutter/integration_test/mobile/settings/default_text_direction_test.dart	reviewed	reported last line within 1 of file length; model UNKNOWN
frontend/appflowy_flutter/integration_test/mobile/settings/scale_factor_test.dart	reviewed	reported last line within 1 of file length; model UNKNOWN
frontend/appflowy_flutter/integration_test/mobile/sign_in/anonymous_sign_in_test.dart	reviewed	reported last line within 1 of file length; model UNKNOWN
frontend/appflowy_flutter/integration_test/mobile_runner_1.dart	reviewed	reported last line within 1 of file length; model UNKNOWN
frontend/appflowy_flutter/integration_test/runner.dart	reviewed	reported last line within 1 of file length; model UNKNOWN
frontend/appflowy_flutter/integration_test/shared/ai_test_op.dart	reviewed	reported last line within 1 of file length; model UNKNOWN
frontend/appflowy_flutter/integration_test/shared/auth_operation.dart	reviewed	reported last line within 1 of file length; model UNKNOWN
frontend/appflowy_flutter/integration_test/shared/base.dart	reviewed	reported last line within 1 of file length; model UNKNOWN
frontend/appflowy_flutter/integration_test/shared/common_operations.dart	reviewed	reported last line within 1 of file length; model UNKNOWN
frontend/appflowy_flutter/integration_test/shared/constants.dart	reviewed	reported last line within 1 of file length; model UNKNOWN
frontend/appflowy_flutter/integration_test/shared/data.dart	reviewed	reported last line within 1 of file length; model UNKNOWN
frontend/appflowy_flutter/integration_test/shared/database_test_op.dart	reviewed	reported last line within 1 of file length; model UNKNOWN
frontend/appflowy_flutter/integration_test/shared/dir.dart	reviewed	reported last line within 1 of file length; model UNKNOWN
frontend/appflowy_flutter/integration_test/shared/document_test_operations.dart	reviewed	reported last line within 1 of file length; model UNKNOWN
frontend/appflowy_flutter/integration_test/shared/emoji.dart	reviewed	reported last line within 1 of file length; model UNKNOWN
frontend/appflowy_flutter/integration_test/shared/expectation.dart	reviewed	reported last line within 1 of file length; model UNKNOWN
frontend/appflowy_flutter/integration_test/shared/ime.dart	reviewed	reported last line within 1 of file length; model UNKNOWN
frontend/appflowy_flutter/integration_test/shared/keyboard.dart	reviewed	reported last line within 1 of file length; model UNKNOWN
frontend/appflowy_flutter/integration_test/shared/mock/mock_ai.dart	reviewed	reported last line within 1 of file length; model UNKNOWN
frontend/appflowy_flutter/integration_test/shared/mock/mock_file_picker.dart	reviewed	reported last line within 1 of file length; model UNKNOWN
frontend/appflowy_flutter/integration_test/shared/mock/mock_url_launcher.dart	reviewed	reported last line within 1 of file length; model UNKNOWN
frontend/appflowy_flutter/integration_test/shared/settings.dart	reviewed	reported last line within 1 of file length; model UNKNOWN
frontend/appflowy_flutter/integration_test/shared/util.dart	reviewed	reported last line within 1 of file length; model UNKNOWN
frontend/appflowy_flutter/integration_test/shared/workspace.dart	reviewed	reported last line within 1 of file length; model UNKNOWN
frontend/appflowy_flutter/ios/.gitignore	reviewed	reported last line within 1 of file length; model UNKNOWN
frontend/appflowy_flutter/ios/Flutter/AppFrameworkInfo.plist	reviewed	reported last line within 1 of file length; model UNKNOWN
frontend/appflowy_flutter/ios/Flutter/Debug.xcconfig	reviewed	reported last line within 1 of file length; model UNKNOWN
frontend/appflowy_flutter/ios/Flutter/Release.xcconfig	reviewed	reported last line within 1 of file length; model UNKNOWN
frontend/appflowy_flutter/ios/Podfile	reviewed	reported last line within 1 of file length; model UNKNOWN
frontend/appflowy_flutter/ios/Podfile.lock	reviewed	reported last line within 1 of file length; ATS and AI send path re-read
frontend/appflowy_flutter/ios/Runner.xcodeproj/project.pbxproj	reviewed	reported last line within 1 of file length; ATS and AI send path re-read
frontend/appflowy_flutter/ios/Runner.xcodeproj/project.xcworkspace/contents.xcworkspacedata	reviewed	reported last line within 1 of file length; ATS and AI send path re-read
frontend/appflowy_flutter/ios/Runner.xcodeproj/project.xcworkspace/xcshareddata/IDEWorkspaceChecks.plist	reviewed	reported last line within 1 of file length; ATS and AI send path re-read
frontend/appflowy_flutter/ios/Runner.xcodeproj/project.xcworkspace/xcshareddata/WorkspaceSettings.xcsettings	reviewed	reported last line within 1 of file length; ATS and AI send path re-read
frontend/appflowy_flutter/ios/Runner.xcodeproj/xcshareddata/xcschemes/Runner.xcscheme	reviewed	reported last line within 1 of file length; ATS and AI send path re-read
frontend/appflowy_flutter/ios/Runner.xcworkspace/contents.xcworkspacedata	reviewed	reported last line within 1 of file length; ATS and AI send path re-read
frontend/appflowy_flutter/ios/Runner.xcworkspace/xcshareddata/IDEWorkspaceChecks.plist	reviewed	reported last line within 1 of file length; ATS and AI send path re-read
frontend/appflowy_flutter/ios/Runner.xcworkspace/xcshareddata/WorkspaceSettings.xcsettings	reviewed	reported last line within 1 of file length; ATS and AI send path re-read
frontend/appflowy_flutter/ios/Runner/AppDelegate.swift	reviewed	reported last line within 1 of file length; ATS and AI send path re-read
frontend/appflowy_flutter/ios/Runner/Assets.xcassets/AppIcon.appiconset/1024.png	asset	binary or font asset, not executable logic
frontend/appflowy_flutter/ios/Runner/Assets.xcassets/AppIcon.appiconset/114.png	asset	binary or font asset, not executable logic
frontend/appflowy_flutter/ios/Runner/Assets.xcassets/AppIcon.appiconset/120.png	asset	binary or font asset, not executable logic
frontend/appflowy_flutter/ios/Runner/Assets.xcassets/AppIcon.appiconset/180.png	asset	binary or font asset, not executable logic
frontend/appflowy_flutter/ios/Runner/Assets.xcassets/AppIcon.appiconset/29.png	asset	binary or font asset, not executable logic
frontend/appflowy_flutter/ios/Runner/Assets.xcassets/AppIcon.appiconset/40.png	asset	binary or font asset, not executable logic
frontend/appflowy_flutter/ios/Runner/Assets.xcassets/AppIcon.appiconset/57.png	asset	binary or font asset, not executable logic
frontend/appflowy_flutter/ios/Runner/Assets.xcassets/AppIcon.appiconset/58.png	asset	binary or font asset, not executable logic
frontend/appflowy_flutter/ios/Runner/Assets.xcassets/AppIcon.appiconset/60.png	asset	binary or font asset, not executable logic
frontend/appflowy_flutter/ios/Runner/Assets.xcassets/AppIcon.appiconset/80.png	asset	binary or font asset, not executable logic
frontend/appflowy_flutter/ios/Runner/Assets.xcassets/AppIcon.appiconset/87.png	asset	binary or font asset, not executable logic
frontend/appflowy_flutter/ios/Runner/Assets.xcassets/AppIcon.appiconset/Contents.json	reviewed	reported last line within 1 of file length; ATS and AI send path re-read
frontend/appflowy_flutter/ios/Runner/Assets.xcassets/Contents.json	reviewed	reported last line within 1 of file length; ATS and AI send path re-read
frontend/appflowy_flutter/ios/Runner/Assets.xcassets/LaunchImage.imageset/Contents.json	reviewed	reported last line within 1 of file length; ATS and AI send path re-read
frontend/appflowy_flutter/ios/Runner/Assets.xcassets/LaunchImage.imageset/LaunchImage.png	asset	binary or font asset, not executable logic
frontend/appflowy_flutter/ios/Runner/Assets.xcassets/LaunchImage.imageset/LaunchImage@2x.png	asset	binary or font asset, not executable logic
frontend/appflowy_flutter/ios/Runner/Assets.xcassets/LaunchImage.imageset/LaunchImage@3x.png	asset	binary or font asset, not executable logic
frontend/appflowy_flutter/ios/Runner/Assets.xcassets/LaunchImage.imageset/README.md	doc	readme
frontend/appflowy_flutter/ios/Runner/Base.lproj/LaunchScreen.storyboard	reviewed	reported last line within 1 of file length; ATS and AI send path re-read
frontend/appflowy_flutter/ios/Runner/Base.lproj/Main.storyboard	reviewed	reported last line within 1 of file length; ATS and AI send path re-read
frontend/appflowy_flutter/ios/Runner/Info.plist	reviewed	reported last line within 1 of file length; ATS and AI send path re-read
frontend/appflowy_flutter/ios/Runner/Runner-Bridging-Header.h	reviewed	reported last line within 1 of file length; ATS and AI send path re-read
frontend/appflowy_flutter/ios/Runner/Runner.entitlements	reviewed	reported last line within 1 of file length; ATS and AI send path re-read
frontend/appflowy_flutter/lib/ai/ai.dart	reviewed	reported last line within 1 of file length; ATS and AI send path re-read
frontend/appflowy_flutter/lib/ai/service/ai_entities.dart	reviewed	reported last line within 1 of file length; ATS and AI send path re-read
frontend/appflowy_flutter/lib/ai/service/ai_model_state_notifier.dart	reviewed	reported last line within 1 of file length; ATS and AI send path re-read
frontend/appflowy_flutter/lib/ai/service/ai_prompt_database_selector_cubit.dart	reviewed	reported last line within 1 of file length; ATS and AI send path re-read
frontend/appflowy_flutter/lib/ai/service/ai_prompt_input_bloc.dart	reviewed	reported last line within 1 of file length; ATS and AI send path re-read
frontend/appflowy_flutter/lib/ai/service/ai_prompt_selector_cubit.dart	reviewed	reported last line within 1 of file length; ATS and AI send path re-read
frontend/appflowy_flutter/lib/ai/service/appflowy_ai_service.dart	reviewed	reported last line within 1 of file length; ATS and AI send path re-read
frontend/appflowy_flutter/lib/ai/service/error.dart	reviewed	reported last line within 1 of file length; ATS and AI send path re-read
frontend/appflowy_flutter/lib/ai/service/select_model_bloc.dart	reviewed	reported last line within 1 of file length; ATS and AI send path re-read
frontend/appflowy_flutter/lib/ai/service/view_selector_cubit.dart	reviewed	reported last line within 1 of file length; ATS and AI send path re-read
frontend/appflowy_flutter/lib/ai/widgets/ai_prompt_modal/ai_prompt_category_list.dart	reviewed	reported last line within 1 of file length; ATS and AI send path re-read
frontend/appflowy_flutter/lib/ai/widgets/ai_prompt_modal/ai_prompt_database_modal.dart	reviewed	reported last line within 1 of file length; ATS and AI send path re-read
frontend/appflowy_flutter/lib/ai/widgets/ai_prompt_modal/ai_prompt_modal.dart	reviewed	batch 42 last line matches file length; mention early-return re-read
frontend/appflowy_flutter/lib/ai/widgets/ai_prompt_modal/ai_prompt_onboarding.dart	reviewed	batch 42 last line matches file length; mention early-return re-read
frontend/appflowy_flutter/lib/ai/widgets/ai_prompt_modal/ai_prompt_preview.dart	reviewed	batch 42 last line matches file length; mention early-return re-read
frontend/appflowy_flutter/lib/ai/widgets/ai_prompt_modal/ai_prompt_visible_list.dart	reviewed	batch 42 last line matches file length; mention early-return re-read
frontend/appflowy_flutter/lib/ai/widgets/loading_indicator.dart	reviewed	batch 42 last line matches file length; mention early-return re-read
frontend/appflowy_flutter/lib/ai/widgets/prompt_input/action_buttons.dart	reviewed	batch 42 last line matches file length; mention early-return re-read
frontend/appflowy_flutter/lib/ai/widgets/prompt_input/browse_prompts_button.dart	reviewed	batch 42 last line matches file length; mention early-return re-read
frontend/appflowy_flutter/lib/ai/widgets/prompt_input/desktop_prompt_input.dart	reviewed	batch 42 last line matches file length; mention early-return re-read
frontend/appflowy_flutter/lib/ai/widgets/prompt_input/file_attachment_list.dart	reviewed	batch 42 last line matches file length; mention early-return re-read
frontend/appflowy_flutter/lib/ai/widgets/prompt_input/layout_define.dart	reviewed	batch 42 last line matches file length; mention early-return re-read
frontend/appflowy_flutter/lib/ai/widgets/prompt_input/mention_page_bottom_sheet.dart	reviewed	batch 42 last line matches file length; mention early-return re-read
frontend/appflowy_flutter/lib/ai/widgets/prompt_input/mention_page_menu.dart	reviewed	batch 42 last line matches file length; mention early-return re-read
frontend/appflowy_flutter/lib/ai/widgets/prompt_input/mentioned_page_text_span.dart	reviewed	batch 42 last line matches file length; mention early-return re-read
frontend/appflowy_flutter/lib/ai/widgets/prompt_input/predefined_format_buttons.dart	reviewed	batch 42 last line matches file length; mention early-return re-read
frontend/appflowy_flutter/lib/ai/widgets/prompt_input/prompt_input_text_controller.dart	reviewed	batch 42 last line matches file length; mention early-return re-read
frontend/appflowy_flutter/lib/ai/widgets/prompt_input/select_model_menu.dart	reviewed	reported last line matches file length; crash and switch re-read
frontend/appflowy_flutter/lib/ai/widgets/prompt_input/select_sources_bottom_sheet.dart	reviewed	reported last line matches file length; crash and switch re-read
frontend/appflowy_flutter/lib/ai/widgets/prompt_input/select_sources_menu.dart	reviewed	reported last line matches file length; crash and switch re-read
frontend/appflowy_flutter/lib/ai/widgets/prompt_input/send_button.dart	reviewed	reported last line matches file length; crash and switch re-read
frontend/appflowy_flutter/lib/ai/widgets/view_selector.dart	reviewed	reported last line matches file length; crash and switch re-read
frontend/appflowy_flutter/lib/core/branding.dart	reviewed	reported last line matches file length; crash and switch re-read
frontend/appflowy_flutter/lib/core/config/kv.dart	reviewed	reported last line matches file length; crash and switch re-read
frontend/appflowy_flutter/lib/core/config/kv_keys.dart	reviewed	reported last line matches file length; crash and switch re-read
frontend/appflowy_flutter/lib/core/frameless_window.dart	reviewed	reported last line matches file length; crash and switch re-read
frontend/appflowy_flutter/lib/core/helpers/helpers.dart	reviewed	reported last line matches file length; crash and switch re-read
frontend/appflowy_flutter/lib/core/helpers/target_platform.dart	reviewed	reported last line matches file length; crash and switch re-read
frontend/appflowy_flutter/lib/core/helpers/url_launcher.dart	reviewed	reported last line matches file length; crash and switch re-read
frontend/appflowy_flutter/lib/core/network_monitor.dart	reviewed	reported last line matches file length; crash and switch re-read
frontend/appflowy_flutter/lib/core/notification/document_notification.dart	reviewed	reported last line matches file length; crash and switch re-read
frontend/appflowy_flutter/lib/core/notification/folder_notification.dart	reviewed	reported last line matches file length; crash and switch re-read
frontend/appflowy_flutter/lib/core/notification/grid_notification.dart	reviewed	batches 44-47 last line matches file length; cloud URL and isCustom re-read
frontend/appflowy_flutter/lib/core/notification/notification_helper.dart	reviewed	batches 44-47 last line matches file length; cloud URL and isCustom re-read
frontend/appflowy_flutter/lib/core/notification/search_notification.dart	reviewed	batches 44-47 last line matches file length; cloud URL and isCustom re-read
frontend/appflowy_flutter/lib/core/notification/user_notification.dart	reviewed	batches 44-47 last line matches file length; cloud URL and isCustom re-read
frontend/appflowy_flutter/lib/date/date_service.dart	reviewed	batches 44-47 last line matches file length; cloud URL and isCustom re-read
frontend/appflowy_flutter/lib/env/backend_env.dart	reviewed	batches 44-47 last line matches file length; cloud URL and isCustom re-read
frontend/appflowy_flutter/lib/env/cloud_env.dart	reviewed	batches 44-47 last line matches file length; cloud URL and isCustom re-read
frontend/appflowy_flutter/lib/env/cloud_env_test.dart	reviewed	batches 44-47 last line matches file length; cloud URL and isCustom re-read
frontend/appflowy_flutter/lib/env/env.dart	reviewed	batches 44-47 last line matches file length; cloud URL and isCustom re-read
frontend/appflowy_flutter/lib/features/page_access_level/data/repositories/page_access_level_repository.dart	reviewed	batches 44-47 last line matches file length; cloud URL and isCustom re-read
frontend/appflowy_flutter/lib/features/page_access_level/data/repositories/rust_page_access_level_repository_impl.dart	reviewed	batches 44-47 last line matches file length; cloud URL and isCustom re-read
frontend/appflowy_flutter/lib/features/page_access_level/logic/page_access_level_bloc.dart	reviewed	batches 44-47 last line matches file length; cloud URL and isCustom re-read
frontend/appflowy_flutter/lib/features/page_access_level/logic/page_access_level_event.dart	reviewed	batches 44-47 last line matches file length; cloud URL and isCustom re-read
frontend/appflowy_flutter/lib/features/page_access_level/logic/page_access_level_state.dart	reviewed	batches 44-47 last line matches file length; cloud URL and isCustom re-read
frontend/appflowy_flutter/lib/features/settings/data/models/user_data_location.dart	reviewed	batches 44-47 last line matches file length; cloud URL and isCustom re-read
frontend/appflowy_flutter/lib/features/settings/data/repositories/rust_settings_repository_impl.dart	reviewed	batches 44-47 last line matches file length; cloud URL and isCustom re-read
frontend/appflowy_flutter/lib/features/settings/data/repositories/settings_repository.dart	reviewed	batches 44-47 last line matches file length; cloud URL and isCustom re-read
frontend/appflowy_flutter/lib/features/settings/logic/data_location_bloc.dart	reviewed	batches 44-47 last line matches file length; cloud URL and isCustom re-read
frontend/appflowy_flutter/lib/features/settings/logic/data_location_event.dart	reviewed	batches 44-47 last line matches file length; cloud URL and isCustom re-read
frontend/appflowy_flutter/lib/features/settings/logic/data_location_state.dart	reviewed	batches 44-47 last line matches file length; cloud URL and isCustom re-read
frontend/appflowy_flutter/lib/features/settings/settings.dart	reviewed	batches 44-47 last line matches file length; cloud URL and isCustom re-read
frontend/appflowy_flutter/lib/features/share_tab/data/models/models.dart	reviewed	batches 44-47 last line matches file length; cloud URL and isCustom re-read
frontend/appflowy_flutter/lib/features/share_tab/data/models/share_access_level.dart	reviewed	batches 44-47 last line matches file length; cloud URL and isCustom re-read
frontend/appflowy_flutter/lib/features/share_tab/data/models/share_popover_group_id.dart	reviewed	batches 44-47 last line matches file length; cloud URL and isCustom re-read
frontend/appflowy_flutter/lib/features/share_tab/data/models/share_role.dart	reviewed	batches 44-47 last line matches file length; cloud URL and isCustom re-read
frontend/appflowy_flutter/lib/features/share_tab/data/models/share_section_type.dart	reviewed	batches 44-47 last line matches file length; cloud URL and isCustom re-read
frontend/appflowy_flutter/lib/features/share_tab/data/models/shared_group.dart	reviewed	batches 44-47 last line matches file length; cloud URL and isCustom re-read
frontend/appflowy_flutter/lib/features/share_tab/data/models/shared_user.dart	reviewed	batches 44-47 last line matches file length; cloud URL and isCustom re-read
frontend/appflowy_flutter/lib/features/share_tab/data/repositories/local_share_with_user_repository_impl.dart	reviewed	batches 44-47 last line matches file length; cloud URL and isCustom re-read
frontend/appflowy_flutter/lib/features/share_tab/data/repositories/rust_share_with_user_repository_impl.dart	reviewed	batches 44-47 last line matches file length; cloud URL and isCustom re-read
frontend/appflowy_flutter/lib/features/share_tab/data/repositories/share_with_user_repository.dart	reviewed	batches 44-47 last line matches file length; cloud URL and isCustom re-read
frontend/appflowy_flutter/lib/features/share_tab/logic/share_tab_bloc.dart	reviewed	batches 44-47 last line matches file length; cloud URL and isCustom re-read
frontend/appflowy_flutter/lib/features/share_tab/logic/share_tab_event.dart	reviewed	batches 44-47 last line matches file length; cloud URL and isCustom re-read
frontend/appflowy_flutter/lib/features/share_tab/logic/share_tab_state.dart	reviewed	batches 44-47 last line matches file length; cloud URL and isCustom re-read
frontend/appflowy_flutter/lib/features/share_tab/presentation/share_tab.dart	reviewed	batches 44-47 last line matches file length; cloud URL and isCustom re-read
frontend/appflowy_flutter/lib/features/share_tab/presentation/widgets/access_level_list_widget.dart	reviewed	batches 44-47 last line matches file length; cloud URL and isCustom re-read
frontend/appflowy_flutter/lib/features/share_tab/presentation/widgets/copy_link_widget.dart	reviewed	batches 44-47 last line matches file length; cloud URL and isCustom re-read
frontend/appflowy_flutter/lib/features/share_tab/presentation/widgets/edit_access_level_widget.dart	reviewed	batches 44-47 last line matches file length; cloud URL and isCustom re-read
frontend/appflowy_flutter/lib/features/share_tab/presentation/widgets/general_access_section.dart	reviewed	batches 44-47 last line matches file length; cloud URL and isCustom re-read
frontend/appflowy_flutter/lib/features/share_tab/presentation/widgets/guest_tag.dart	reviewed	batches 44-47 last line matches file length; cloud URL and isCustom re-read
frontend/appflowy_flutter/lib/features/share_tab/presentation/widgets/people_with_access_section.dart	reviewed	batches 44-47 last line matches file length; cloud URL and isCustom re-read
frontend/appflowy_flutter/lib/features/share_tab/presentation/widgets/share_with_user_widget.dart	reviewed	batches 44-47 last line matches file length; cloud URL and isCustom re-read
frontend/appflowy_flutter/lib/features/share_tab/presentation/widgets/shared_group_widget.dart	reviewed	batches 44-47 last line matches file length; cloud URL and isCustom re-read
frontend/appflowy_flutter/lib/features/share_tab/presentation/widgets/shared_user_widget.dart	reviewed	batches 44-47 last line matches file length; cloud URL and isCustom re-read
frontend/appflowy_flutter/lib/features/share_tab/presentation/widgets/turn_into_member_widget.dart	reviewed	batches 44-47 last line matches file length; cloud URL and isCustom re-read
frontend/appflowy_flutter/lib/features/share_tab/presentation/widgets/upgrade_to_pro_widget.dart	reviewed	batches 44-47 last line matches file length; cloud URL and isCustom re-read
frontend/appflowy_flutter/lib/features/shared_section/data/repositories/local_shared_pages_repository_impl.dart	reviewed	batches 44-47 last line matches file length; cloud URL and isCustom re-read
frontend/appflowy_flutter/lib/features/shared_section/data/repositories/rust_shared_pages_repository_impl.dart	reviewed	batches 44-47 last line matches file length; cloud URL and isCustom re-read
frontend/appflowy_flutter/lib/features/shared_section/data/repositories/shared_pages_repository.dart	reviewed	batches 44-47 last line matches file length; cloud URL and isCustom re-read
frontend/appflowy_flutter/lib/features/shared_section/logic/shared_section_bloc.dart	reviewed	batches 44-47 last line matches file length; cloud URL and isCustom re-read
frontend/appflowy_flutter/lib/features/shared_section/logic/shared_section_event.dart	reviewed	batches 44-47 last line matches file length; cloud URL and isCustom re-read
frontend/appflowy_flutter/lib/features/shared_section/logic/shared_section_state.dart	reviewed	batches 44-47 last line matches file length; cloud URL and isCustom re-read
frontend/appflowy_flutter/lib/features/shared_section/models/shared_page.dart	reviewed	batches 44-47 last line matches file length; cloud URL and isCustom re-read
frontend/appflowy_flutter/lib/features/shared_section/presentation/m_shared_section.dart	reviewed	batches 44-47 last line matches file length; cloud URL and isCustom re-read
frontend/appflowy_flutter/lib/features/shared_section/presentation/shared_section.dart	reviewed	batches 44-47 last line matches file length; cloud URL and isCustom re-read
frontend/appflowy_flutter/lib/features/shared_section/presentation/widgets/m_shared_page_list.dart	reviewed	batches 44-47 last line matches file length; cloud URL and isCustom re-read
frontend/appflowy_flutter/lib/features/shared_section/presentation/widgets/m_shared_section_header.dart	reviewed	batches 44-47 last line matches file length; cloud URL and isCustom re-read
frontend/appflowy_flutter/lib/features/shared_section/presentation/widgets/refresh_button.dart	reviewed	batches 44-47 last line matches file length; cloud URL and isCustom re-read
frontend/appflowy_flutter/lib/features/shared_section/presentation/widgets/shared_page_actions_button.dart	reviewed	batches 44-47 last line matches file length; cloud URL and isCustom re-read
frontend/appflowy_flutter/lib/features/shared_section/presentation/widgets/shared_page_list.dart	reviewed	batches 44-47 last line matches file length; cloud URL and isCustom re-read
frontend/appflowy_flutter/lib/features/shared_section/presentation/widgets/shared_section_empty.dart	reviewed	reported last line matches file length; crash and switch re-read
frontend/appflowy_flutter/lib/features/shared_section/presentation/widgets/shared_section_error.dart	reviewed	reported last line matches file length; crash and switch re-read
frontend/appflowy_flutter/lib/features/shared_section/presentation/widgets/shared_section_header.dart	reviewed	reported last line matches file length; crash and switch re-read
frontend/appflowy_flutter/lib/features/shared_section/presentation/widgets/shared_section_loading.dart	reviewed	reported last line matches file length; crash and switch re-read
frontend/appflowy_flutter/lib/features/util/extensions.dart	reviewed	reported last line matches file length; crash and switch re-read
frontend/appflowy_flutter/lib/features/view_management/README.md	doc	readme
frontend/appflowy_flutter/lib/features/view_management/logic/view_event.dart	reviewed	reported last line matches file length; crash and switch re-read
frontend/appflowy_flutter/lib/features/view_management/logic/view_management_bloc.dart	reviewed	reported last line matches file length; crash and switch re-read
frontend/appflowy_flutter/lib/features/view_management/logic/view_state.dart	reviewed	reported last line matches file length; crash and switch re-read
frontend/appflowy_flutter/lib/features/workspace/data/repositories/rust_workspace_repository_impl.dart	reviewed	reported last line matches file length; crash and switch re-read
frontend/appflowy_flutter/lib/features/workspace/data/repositories/workspace_repository.dart	reviewed	reported last line matches file length; crash and switch re-read
frontend/appflowy_flutter/lib/features/workspace/logic/workspace_bloc.dart	reviewed	reported last line matches file length; crash and switch re-read
frontend/appflowy_flutter/lib/features/workspace/logic/workspace_event.dart	reviewed	reported last line matches file length; crash and switch re-read
frontend/appflowy_flutter/lib/features/workspace/logic/workspace_state.dart	reviewed	reported last line matches file length; crash and switch re-read
frontend/appflowy_flutter/lib/flutter/af_dropdown_menu.dart	reviewed	reported last line matches file length; crash and switch re-read
frontend/appflowy_flutter/lib/main.dart	reviewed	reported last line matches file length; crash and switch re-read
frontend/appflowy_flutter/lib/mobile/application/base/mobile_view_page_bloc.dart	reviewed	reported last line matches file length; crash and switch re-read
frontend/appflowy_flutter/lib/mobile/application/mobile_router.dart	reviewed	reported last line matches file length; crash and switch re-read
frontend/appflowy_flutter/lib/mobile/application/notification/notification_reminder_bloc.dart	reviewed	reported last line matches file length; crash and switch re-read
frontend/appflowy_flutter/lib/mobile/application/page_style/document_page_style_bloc.dart	reviewed	reported last line matches file length; crash and switch re-read
frontend/appflowy_flutter/lib/mobile/application/recent/recent_view_bloc.dart	reviewed	reported last line matches file length; crash and switch re-read
frontend/appflowy_flutter/lib/mobile/application/user_profile/user_profile_bloc.dart	reviewed	reported last line matches file length; crash and switch re-read
frontend/appflowy_flutter/lib/mobile/presentation/base/animated_gesture.dart	reviewed	reported last line matches file length; crash and switch re-read
frontend/appflowy_flutter/lib/mobile/presentation/base/app_bar/app_bar.dart	reviewed	reported last line matches file length; crash and switch re-read
frontend/appflowy_flutter/lib/mobile/presentation/base/app_bar/app_bar_actions.dart	reviewed	reported last line matches file length; crash and switch re-read
frontend/appflowy_flutter/lib/mobile/presentation/base/flowy_search_text_field.dart	reviewed	reported last line matches file length; crash and switch re-read
frontend/appflowy_flutter/lib/mobile/presentation/base/mobile_view_page.dart	reviewed	reported last line matches file length; crash and switch re-read
frontend/appflowy_flutter/lib/mobile/presentation/base/option_color_list.dart	reviewed	reported last line matches file length; crash and switch re-read
frontend/appflowy_flutter/lib/mobile/presentation/base/type_option_menu_item.dart	reviewed	reported last line matches file length; crash and switch re-read
frontend/appflowy_flutter/lib/mobile/presentation/base/view_page/app_bar_buttons.dart	reviewed	reported last line matches file length; crash and switch re-read
frontend/appflowy_flutter/lib/mobile/presentation/base/view_page/more_bottom_sheet.dart	reviewed	reported last line matches file length; crash and switch re-read
frontend/appflowy_flutter/lib/mobile/presentation/bottom_sheet/bottom_sheet.dart	reviewed	reported last line matches file length; crash and switch re-read
frontend/appflowy_flutter/lib/mobile/presentation/bottom_sheet/bottom_sheet_action_widget.dart	reviewed	reported last line matches file length; crash and switch re-read
frontend/appflowy_flutter/lib/mobile/presentation/bottom_sheet/bottom_sheet_add_new_page.dart	reviewed	reported last line matches file length; crash and switch re-read
frontend/appflowy_flutter/lib/mobile/presentation/bottom_sheet/bottom_sheet_block_action_widget.dart	reviewed	reported last line matches file length; crash and switch re-read
frontend/appflowy_flutter/lib/mobile/presentation/bottom_sheet/bottom_sheet_buttons.dart	reviewed	reported last line matches file length; crash and switch re-read
frontend/appflowy_flutter/lib/mobile/presentation/bottom_sheet/bottom_sheet_drag_handler.dart	reviewed	reported last line matches file length; crash and switch re-read
frontend/appflowy_flutter/lib/mobile/presentation/bottom_sheet/bottom_sheet_edit_link_widget.dart	reviewed	reported last line matches file length; crash and switch re-read
frontend/appflowy_flutter/lib/mobile/presentation/bottom_sheet/bottom_sheet_header.dart	reviewed	reported last line matches file length; crash and switch re-read
frontend/appflowy_flutter/lib/mobile/presentation/bottom_sheet/bottom_sheet_media_upload.dart	reviewed	reported last line matches file length; crash and switch re-read
frontend/appflowy_flutter/lib/mobile/presentation/bottom_sheet/bottom_sheet_rename_widget.dart	reviewed	reported last line matches file length; crash and switch re-read
frontend/appflowy_flutter/lib/mobile/presentation/bottom_sheet/bottom_sheet_view_item.dart	reviewed	reported last line matches file length; crash and switch re-read
frontend/appflowy_flutter/lib/mobile/presentation/bottom_sheet/bottom_sheet_view_item_body.dart	reviewed	reported last line matches file length; crash and switch re-read
frontend/appflowy_flutter/lib/mobile/presentation/bottom_sheet/bottom_sheet_view_page.dart	reviewed	reported last line matches file length; crash and switch re-read
frontend/appflowy_flutter/lib/mobile/presentation/bottom_sheet/default_mobile_action_pane.dart	reviewed	reported last line matches file length; crash and switch re-read
frontend/appflowy_flutter/lib/mobile/presentation/bottom_sheet/show_mobile_bottom_sheet.dart	reviewed	reported last line matches file length; crash and switch re-read
frontend/appflowy_flutter/lib/mobile/presentation/bottom_sheet/show_transition_bottom_sheet.dart	reviewed	reported last line matches file length; crash and switch re-read
frontend/appflowy_flutter/lib/mobile/presentation/chat/mobile_chat_screen.dart	reviewed	reported last line matches file length; crash and switch re-read
frontend/appflowy_flutter/lib/mobile/presentation/database/board/board.dart	reviewed	reported last line matches file length; crash and switch re-read
frontend/appflowy_flutter/lib/mobile/presentation/database/board/mobile_board_page.dart	reviewed	reported last line matches file length; crash and switch re-read
frontend/appflowy_flutter/lib/mobile/presentation/database/board/mobile_board_screen.dart	reviewed	reported last line matches file length; crash and switch re-read
frontend/appflowy_flutter/lib/mobile/presentation/database/board/widgets/group_card_header.dart	reviewed	reported last line matches file length; crash and switch re-read
frontend/appflowy_flutter/lib/mobile/presentation/database/board/widgets/mobile_board_trailing.dart	reviewed	reported last line matches file length; crash and switch re-read
frontend/appflowy_flutter/lib/mobile/presentation/database/board/widgets/mobile_hidden_groups_column.dart	reviewed	reported last line matches file length; crash and switch re-read
frontend/appflowy_flutter/lib/mobile/presentation/database/board/widgets/widgets.dart	reviewed	reported last line matches file length; crash and switch re-read
frontend/appflowy_flutter/lib/mobile/presentation/database/card/card.dart	reviewed	reported last line matches file length; crash and switch re-read
frontend/appflowy_flutter/lib/mobile/presentation/database/card/card_detail/mobile_card_detail_screen.dart	reviewed	reported last line matches file length; crash and switch re-read
frontend/appflowy_flutter/lib/mobile/presentation/database/card/card_detail/widgets/mobile_create_field_button.dart	reviewed	reported last line matches file length; crash and switch re-read
frontend/appflowy_flutter/lib/mobile/presentation/database/card/card_detail/widgets/mobile_row_property_list.dart	reviewed	reported last line matches file length; crash and switch re-read
frontend/appflowy_flutter/lib/mobile/presentation/database/card/card_detail/widgets/option_text_field.dart	reviewed	reported last line matches file length; crash and switch re-read
frontend/appflowy_flutter/lib/mobile/presentation/database/card/card_detail/widgets/row_page_button.dart	reviewed	reported last line matches file length; crash and switch re-read
frontend/appflowy_flutter/lib/mobile/presentation/database/card/card_detail/widgets/widgets.dart	reviewed	reported last line matches file length; hide, fade, filter, and selection re-read
frontend/appflowy_flutter/lib/mobile/presentation/database/card/mobile_card_content.dart	reviewed	reported last line matches file length; hide, fade, filter, and selection re-read
frontend/appflowy_flutter/lib/mobile/presentation/database/date_picker/mobile_date_picker_screen.dart	reviewed	reported last line matches file length; hide, fade, filter, and selection re-read
frontend/appflowy_flutter/lib/mobile/presentation/database/field/mobile_create_field_screen.dart	reviewed	reported last line matches file length; hide, fade, filter, and selection re-read
frontend/appflowy_flutter/lib/mobile/presentation/database/field/mobile_edit_field_screen.dart	reviewed	reported last line matches file length; hide, fade, filter, and selection re-read
frontend/appflowy_flutter/lib/mobile/presentation/database/field/mobile_field_bottom_sheets.dart	reviewed	reported last line matches file length; hide, fade, filter, and selection re-read
frontend/appflowy_flutter/lib/mobile/presentation/database/field/mobile_field_picker_list.dart	reviewed	reported last line matches file length; hide, fade, filter, and selection re-read
frontend/appflowy_flutter/lib/mobile/presentation/database/field/mobile_full_field_editor.dart	reviewed	reported last line matches file length; hide, fade, filter, and selection re-read
frontend/appflowy_flutter/lib/mobile/presentation/database/field/mobile_quick_field_editor.dart	reviewed	reported last line matches file length; hide, fade, filter, and selection re-read
frontend/appflowy_flutter/lib/mobile/presentation/database/mobile_calendar_events_empty.dart	reviewed	reported last line matches file length; hide, fade, filter, and selection re-read
frontend/appflowy_flutter/lib/mobile/presentation/database/mobile_calendar_events_screen.dart	reviewed	reported last line matches file length; hide, fade, filter, and selection re-read
frontend/appflowy_flutter/lib/mobile/presentation/database/mobile_calendar_screen.dart	reviewed	reported last line matches file length; hide, fade, filter, and selection re-read
frontend/appflowy_flutter/lib/mobile/presentation/database/mobile_grid_screen.dart	reviewed	reported last line matches file length; hide, fade, filter, and selection re-read
frontend/appflowy_flutter/lib/mobile/presentation/database/view/database_field_list.dart	reviewed	reported last line matches file length; hide, fade, filter, and selection re-read
frontend/appflowy_flutter/lib/mobile/presentation/database/view/database_filter_bottom_sheet.dart	reviewed	reported last line matches file length; hide, fade, filter, and selection re-read
frontend/appflowy_flutter/lib/mobile/presentation/database/view/database_filter_bottom_sheet_cubit.dart	reviewed	reported last line matches file length; hide, fade, filter, and selection re-read
frontend/appflowy_flutter/lib/mobile/presentation/database/view/database_filter_condition_list.dart	reviewed	reported last line matches file length; hide, fade, filter, and selection re-read
frontend/appflowy_flutter/lib/mobile/presentation/database/view/database_sort_bottom_sheet.dart	reviewed	reported last line matches file length; hide, fade, filter, and selection re-read
frontend/appflowy_flutter/lib/mobile/presentation/database/view/database_sort_bottom_sheet_cubit.dart	reviewed	reported last line matches file length; hide, fade, filter, and selection re-read
frontend/appflowy_flutter/lib/mobile/presentation/database/view/database_view_layout.dart	reviewed	reported last line matches file length; hide, fade, filter, and selection re-read
frontend/appflowy_flutter/lib/mobile/presentation/database/view/database_view_list.dart	reviewed	reported last line matches file length; hide, fade, filter, and selection re-read
frontend/appflowy_flutter/lib/mobile/presentation/database/view/database_view_quick_actions.dart	reviewed	reported last line matches file length; hide, fade, filter, and selection re-read
frontend/appflowy_flutter/lib/mobile/presentation/database/view/edit_database_view_screen.dart	reviewed	reported last line matches file length; hide, fade, filter, and selection re-read
frontend/appflowy_flutter/lib/mobile/presentation/editor/mobile_editor_screen.dart	reviewed	reported last line matches file length; hide, fade, filter, and selection re-read
frontend/appflowy_flutter/lib/mobile/presentation/favorite/mobile_favorite_folder.dart	reviewed	reported last line matches file length; hide, fade, filter, and selection re-read
frontend/appflowy_flutter/lib/mobile/presentation/favorite/mobile_favorite_page.dart	reviewed	reported last line matches file length; hide, fade, filter, and selection re-read
frontend/appflowy_flutter/lib/mobile/presentation/home/favorite_folder/favorite_space.dart	reviewed	reported last line matches file length; hide, fade, filter, and selection re-read
frontend/appflowy_flutter/lib/mobile/presentation/home/favorite_folder/mobile_home_favorite_folder.dart	reviewed	reported last line matches file length; hide, fade, filter, and selection re-read
frontend/appflowy_flutter/lib/mobile/presentation/home/favorite_folder/mobile_home_favorite_folder_header.dart	reviewed	reported last line matches file length; hide, fade, filter, and selection re-read
frontend/appflowy_flutter/lib/mobile/presentation/home/home.dart	reviewed	reported last line matches file length; hide, fade, filter, and selection re-read
frontend/appflowy_flutter/lib/mobile/presentation/home/home_space/home_space.dart	reviewed	reported last line matches file length; crash and switch re-read
frontend/appflowy_flutter/lib/mobile/presentation/home/mobile_folders.dart	reviewed	reported last line matches file length; crash and switch re-read
frontend/appflowy_flutter/lib/mobile/presentation/home/mobile_home_page.dart	reviewed	reported last line matches file length; crash and switch re-read
frontend/appflowy_flutter/lib/mobile/presentation/home/mobile_home_page_header.dart	reviewed	reported last line matches file length; crash and switch re-read
frontend/appflowy_flutter/lib/mobile/presentation/home/mobile_home_setting_page.dart	reviewed	reported last line matches file length; crash and switch re-read
frontend/appflowy_flutter/lib/mobile/presentation/home/mobile_home_trash_page.dart	reviewed	reported last line matches file length; crash and switch re-read
frontend/appflowy_flutter/lib/mobile/presentation/home/recent_folder/mobile_home_recent_views.dart	reviewed	reported last line matches file length; crash and switch re-read
frontend/appflowy_flutter/lib/mobile/presentation/home/recent_folder/mobile_recent_view.dart	reviewed	reported last line matches file length; crash and switch re-read
frontend/appflowy_flutter/lib/mobile/presentation/home/recent_folder/recent_space.dart	reviewed	reported last line matches file length; crash and switch re-read
frontend/appflowy_flutter/lib/mobile/presentation/home/section_folder/mobile_home_section_folder.dart	reviewed	reported last line matches file length; crash and switch re-read
frontend/appflowy_flutter/lib/mobile/presentation/home/section_folder/mobile_home_section_folder_header.dart	reviewed	reported last line matches file length; crash and switch re-read
frontend/appflowy_flutter/lib/mobile/presentation/home/setting/settings_popup_menu.dart	reviewed	reported last line matches file length; crash and switch re-read
frontend/appflowy_flutter/lib/mobile/presentation/home/shared/empty_placeholder.dart	reviewed	reported last line matches file length; crash and switch re-read
frontend/appflowy_flutter/lib/mobile/presentation/home/shared/mobile_page_card.dart	reviewed	reported last line matches file length; crash and switch re-read
frontend/appflowy_flutter/lib/mobile/presentation/home/space/constants.dart	reviewed	reported last line matches file length; crash and switch re-read
frontend/appflowy_flutter/lib/mobile/presentation/home/space/manage_space_widget.dart	reviewed	reported last line matches file length; crash and switch re-read
frontend/appflowy_flutter/lib/mobile/presentation/home/space/mobile_space.dart	reviewed	reported last line matches file length; crash and switch re-read
frontend/appflowy_flutter/lib/mobile/presentation/home/space/mobile_space_header.dart	reviewed	reported last line matches file length; crash and switch re-read
frontend/appflowy_flutter/lib/mobile/presentation/home/space/mobile_space_menu.dart	reviewed	reported last line matches file length; crash and switch re-read
frontend/appflowy_flutter/lib/mobile/presentation/home/space/space_menu_bottom_sheet.dart	reviewed	reported last line matches file length; crash and switch re-read
frontend/appflowy_flutter/lib/mobile/presentation/home/space/space_permission_bottom_sheet.dart	reviewed	reported last line matches file length; crash and switch re-read
frontend/appflowy_flutter/lib/mobile/presentation/home/space/widgets.dart	reviewed	reported last line matches file length; crash and switch re-read
frontend/appflowy_flutter/lib/mobile/presentation/home/tab/_round_underline_tab_indicator.dart	reviewed	reported last line matches file length; crash and switch re-read
frontend/appflowy_flutter/lib/mobile/presentation/home/tab/_tab_bar.dart	reviewed	reported last line matches file length; crash and switch re-read
frontend/appflowy_flutter/lib/mobile/presentation/home/tab/ai_bubble_button.dart	reviewed	reported last line matches file length; crash and switch re-read
frontend/appflowy_flutter/lib/mobile/presentation/home/tab/mobile_space_tab.dart	reviewed	reported last line matches file length; crash and switch re-read
frontend/appflowy_flutter/lib/mobile/presentation/home/tab/space_order_bloc.dart	reviewed	reported last line matches file length; crash and switch re-read
frontend/appflowy_flutter/lib/mobile/presentation/home/workspaces/create_workspace_menu.dart	reviewed	reported last line matches file length; crash and switch re-read
frontend/appflowy_flutter/lib/mobile/presentation/home/workspaces/workspace_menu_bottom_sheet.dart	reviewed	reported last line matches file length; crash and switch re-read
frontend/appflowy_flutter/lib/mobile/presentation/home/workspaces/workspace_more_options.dart	reviewed	reported last line matches file length; crash and switch re-read
frontend/appflowy_flutter/lib/mobile/presentation/inline_actions/mobile_inline_actions_handler.dart	reviewed	reported last line matches file length; hide, fade, filter, and selection re-read
frontend/appflowy_flutter/lib/mobile/presentation/inline_actions/mobile_inline_actions_menu.dart	reviewed	reported last line matches file length; hide, fade, filter, and selection re-read
frontend/appflowy_flutter/lib/mobile/presentation/inline_actions/mobile_inline_actions_menu_group.dart	reviewed	reported last line matches file length; hide, fade, filter, and selection re-read
frontend/appflowy_flutter/lib/mobile/presentation/mobile_bottom_navigation_bar.dart	reviewed	reported last line matches file length; hide, fade, filter, and selection re-read
frontend/appflowy_flutter/lib/mobile/presentation/notifications/mobile_notifications_multiple_select_page.dart	reviewed	reported last line matches file length; hide, fade, filter, and selection re-read
frontend/appflowy_flutter/lib/mobile/presentation/notifications/mobile_notifications_page.dart	reviewed	reported last line matches file length; hide, fade, filter, and selection re-read
frontend/appflowy_flutter/lib/mobile/presentation/notifications/mobile_notifications_screen.dart	reviewed	reported last line matches file length; hide, fade, filter, and selection re-read
frontend/appflowy_flutter/lib/mobile/presentation/notifications/widgets/color.dart	reviewed	reported last line matches file length; hide, fade, filter, and selection re-read
frontend/appflowy_flutter/lib/mobile/presentation/notifications/widgets/empty.dart	reviewed	reported last line matches file length; hide, fade, filter, and selection re-read
frontend/appflowy_flutter/lib/mobile/presentation/notifications/widgets/header.dart	reviewed	reported last line matches file length; hide, fade, filter, and selection re-read
frontend/appflowy_flutter/lib/mobile/presentation/notifications/widgets/mobile_notification_tab_bar.dart	reviewed	reported last line matches file length; hide, fade, filter, and selection re-read
frontend/appflowy_flutter/lib/mobile/presentation/notifications/widgets/multi_select_notification_item.dart	reviewed	reported last line matches file length; hide, fade, filter, and selection re-read
frontend/appflowy_flutter/lib/mobile/presentation/notifications/widgets/notification_item.dart	reviewed	reported last line matches file length; hide, fade, filter, and selection re-read
frontend/appflowy_flutter/lib/mobile/presentation/notifications/widgets/settings_popup_menu.dart	reviewed	reported last line matches file length; hide, fade, filter, and selection re-read
frontend/appflowy_flutter/lib/mobile/presentation/notifications/widgets/shared.dart	reviewed	reported last line matches file length; hide, fade, filter, and selection re-read
frontend/appflowy_flutter/lib/mobile/presentation/notifications/widgets/slide_actions.dart	reviewed	reported last line matches file length; hide, fade, filter, and selection re-read
frontend/appflowy_flutter/lib/mobile/presentation/notifications/widgets/tab.dart	reviewed	reported last line matches file length; hide, fade, filter, and selection re-read
frontend/appflowy_flutter/lib/mobile/presentation/notifications/widgets/tab_bar.dart	reviewed	reported last line matches file length; hide, fade, filter, and selection re-read
frontend/appflowy_flutter/lib/mobile/presentation/notifications/widgets/widgets.dart	reviewed	reported last line matches file length; hide, fade, filter, and selection re-read
frontend/appflowy_flutter/lib/mobile/presentation/page_item/mobile_slide_action_button.dart	reviewed	reported last line matches file length; hide, fade, filter, and selection re-read
frontend/appflowy_flutter/lib/mobile/presentation/page_item/mobile_view_item.dart	reviewed	reported last line matches file length; hide, fade, filter, and selection re-read
frontend/appflowy_flutter/lib/mobile/presentation/page_item/mobile_view_item_add_button.dart	reviewed	reported last line matches file length; hide, fade, filter, and selection re-read
frontend/appflowy_flutter/lib/mobile/presentation/presentation.dart	reviewed	reported last line matches file length; hide, fade, filter, and selection re-read
frontend/appflowy_flutter/lib/mobile/presentation/root_placeholder_page.dart	reviewed	reported last line matches file length; hide, fade, filter, and selection re-read
frontend/appflowy_flutter/lib/mobile/presentation/search/mobile_search_ask_ai_entrance.dart	reviewed	reported last line matches file length; hide, fade, filter, and selection re-read
frontend/appflowy_flutter/lib/mobile/presentation/search/mobile_search_cell.dart	reviewed	reported last line matches file length; hide, fade, filter, and selection re-read
frontend/appflowy_flutter/lib/mobile/presentation/search/mobile_search_icon.dart	reviewed	reported last line matches file length; hide, fade, filter, and selection re-read
frontend/appflowy_flutter/lib/mobile/presentation/search/mobile_search_page.dart	reviewed	reported last line matches file length; hide, fade, filter, and selection re-read
frontend/appflowy_flutter/lib/mobile/presentation/search/mobile_search_reference_bottom_sheet.dart	reviewed	reported last line matches file length; hide, fade, filter, and selection re-read
frontend/appflowy_flutter/lib/mobile/presentation/search/mobile_search_result.dart	reviewed	reported last line matches file length; hide, fade, filter, and selection re-read
frontend/appflowy_flutter/lib/mobile/presentation/search/mobile_search_summary_cell.dart	reviewed	reported last line matches file length; hide, fade, filter, and selection re-read
frontend/appflowy_flutter/lib/mobile/presentation/search/mobile_search_textfield.dart	reviewed	reported last line matches file length; hide, fade, filter, and selection re-read
frontend/appflowy_flutter/lib/mobile/presentation/search/mobile_view_ancestors.dart	reviewed	reported last line matches file length; hide, fade, filter, and selection re-read
frontend/appflowy_flutter/lib/mobile/presentation/search/view_ancestor_cache.dart	reviewed	reported last line matches file length; hide, fade, filter, and selection re-read
frontend/appflowy_flutter/lib/mobile/presentation/selection_menu/mobile_selection_menu.dart	reviewed	reported last line matches file length; hide, fade, filter, and selection re-read
frontend/appflowy_flutter/lib/mobile/presentation/selection_menu/mobile_selection_menu_item.dart	reviewed	reported last line matches file length; hide, fade, filter, and selection re-read
frontend/appflowy_flutter/lib/mobile/presentation/selection_menu/mobile_selection_menu_item_widget.dart	reviewed	reported last line matches file length; hide, fade, filter, and selection re-read
frontend/appflowy_flutter/lib/mobile/presentation/selection_menu/mobile_selection_menu_widget.dart	reviewed	reported last line matches file length; hide, fade, filter, and selection re-read
frontend/appflowy_flutter/lib/mobile/presentation/selection_menu/slash_keyboard_service_interceptor.dart	reviewed	reported last line matches file length; hide, fade, filter, and selection re-read
frontend/appflowy_flutter/lib/mobile/presentation/setting/about/about.dart	reviewed	reported last line matches file length; hide, fade, filter, and selection re-read
frontend/appflowy_flutter/lib/mobile/presentation/setting/about/about_setting_group.dart	reviewed	reported last line matches file length; hide, fade, filter, and selection re-read
frontend/appflowy_flutter/lib/mobile/presentation/setting/ai/ai_settings_group.dart	reviewed	reported last line matches file length; hide, fade, filter, and selection re-read
frontend/appflowy_flutter/lib/mobile/presentation/setting/appearance/appearance_setting_group.dart	reviewed	reported last line matches file length; hide, fade, filter, and selection re-read
frontend/appflowy_flutter/lib/mobile/presentation/setting/appearance/rtl_setting.dart	reviewed	reported last line matches file length; hide, fade, filter, and selection re-read
frontend/appflowy_flutter/lib/mobile/presentation/setting/appearance/text_scale_setting.dart	reviewed	reported last line matches file length; hide, fade, filter, and selection re-read
frontend/appflowy_flutter/lib/mobile/presentation/setting/appearance/theme_setting.dart	reviewed	reported last line matches file length; model UNKNOWN; main session re-read high findings
frontend/appflowy_flutter/lib/mobile/presentation/setting/cloud/appflowy_cloud_page.dart	reviewed	reported last line matches file length; model UNKNOWN; main session re-read high findings
frontend/appflowy_flutter/lib/mobile/presentation/setting/cloud/cloud_setting_group.dart	reviewed	reported last line matches file length; model UNKNOWN; main session re-read high findings
frontend/appflowy_flutter/lib/mobile/presentation/setting/font/font_picker_screen.dart	reviewed	reported last line matches file length; model UNKNOWN; main session re-read high findings
frontend/appflowy_flutter/lib/mobile/presentation/setting/font/font_setting.dart	reviewed	reported last line matches file length; model UNKNOWN; main session re-read high findings
frontend/appflowy_flutter/lib/mobile/presentation/setting/language/language_picker_screen.dart	reviewed	reported last line matches file length; model UNKNOWN; main session re-read high findings
frontend/appflowy_flutter/lib/mobile/presentation/setting/language_setting_group.dart	reviewed	reported last line matches file length; model UNKNOWN; main session re-read high findings
frontend/appflowy_flutter/lib/mobile/presentation/setting/launch_settings_page.dart	reviewed	reported last line matches file length; model UNKNOWN; main session re-read high findings
frontend/appflowy_flutter/lib/mobile/presentation/setting/notifications_setting_group.dart	reviewed	reported last line matches file length; model UNKNOWN; main session re-read high findings
frontend/appflowy_flutter/lib/mobile/presentation/setting/personal_info/edit_username_bottom_sheet.dart	reviewed	reported last line matches file length; model UNKNOWN; main session re-read high findings
frontend/appflowy_flutter/lib/mobile/presentation/setting/personal_info/personal_info.dart	reviewed	reported last line matches file length; model UNKNOWN; main session re-read high findings
frontend/appflowy_flutter/lib/mobile/presentation/setting/personal_info/personal_info_setting_group.dart	reviewed	reported last line matches file length; model UNKNOWN; main session re-read high findings
frontend/appflowy_flutter/lib/mobile/presentation/setting/self_host/self_host_bottom_sheet.dart	reviewed	reported last line matches file length; model UNKNOWN; main session re-read high findings
frontend/appflowy_flutter/lib/mobile/presentation/setting/self_host_setting_group.dart	reviewed	reported last line matches file length; model UNKNOWN; main session re-read high findings
frontend/appflowy_flutter/lib/mobile/presentation/setting/setting.dart	reviewed	reported last line matches file length; model UNKNOWN; main session re-read high findings
frontend/appflowy_flutter/lib/mobile/presentation/setting/support_setting_group.dart	reviewed	reported last line matches file length; model UNKNOWN; main session re-read high findings
frontend/appflowy_flutter/lib/mobile/presentation/setting/user_session_setting_group.dart	reviewed	reported last line matches file length; model UNKNOWN; main session re-read high findings
frontend/appflowy_flutter/lib/mobile/presentation/setting/widgets/mobile_setting_group_widget.dart	reviewed	reported last line matches file length; model UNKNOWN; main session re-read high findings
frontend/appflowy_flutter/lib/mobile/presentation/setting/widgets/mobile_setting_item_widget.dart	reviewed	reported last line matches file length; model UNKNOWN; main session re-read high findings
frontend/appflowy_flutter/lib/mobile/presentation/setting/widgets/mobile_setting_trailing.dart	reviewed	reported last line matches file length; model UNKNOWN; main session re-read high findings
frontend/appflowy_flutter/lib/mobile/presentation/setting/widgets/widgets.dart	reviewed	reported last line matches file length; model UNKNOWN; main session re-read high findings
frontend/appflowy_flutter/lib/mobile/presentation/setting/workspace/add_members_screen.dart	reviewed	reported last line matches file length; model UNKNOWN; main session re-read high findings
frontend/appflowy_flutter/lib/mobile/presentation/setting/workspace/invite_member_by_link.dart	reviewed	reported last line matches file length; model UNKNOWN; main session re-read high findings
frontend/appflowy_flutter/lib/mobile/presentation/setting/workspace/invite_members_screen.dart	reviewed	reported last line matches file length; model UNKNOWN; main session re-read high findings
frontend/appflowy_flutter/lib/mobile/presentation/setting/workspace/member_list.dart	reviewed	reported last line matches file length; model UNKNOWN; main session re-read high findings
frontend/appflowy_flutter/lib/mobile/presentation/setting/workspace/workspace_setting_group.dart	reviewed	reported last line matches file length; model UNKNOWN; main session re-read high findings
frontend/appflowy_flutter/lib/mobile/presentation/widgets/flowy_mobile_option_decorate_box.dart	reviewed	reported last line matches file length; model UNKNOWN; main session re-read high findings
frontend/appflowy_flutter/lib/mobile/presentation/widgets/flowy_mobile_quick_action_button.dart	reviewed	reported last line matches file length; model UNKNOWN; main session re-read high findings
frontend/appflowy_flutter/lib/mobile/presentation/widgets/flowy_mobile_search_text_field.dart	reviewed	reported last line matches file length; model UNKNOWN; main session re-read high findings
frontend/appflowy_flutter/lib/mobile/presentation/widgets/flowy_mobile_state_container.dart	reviewed	reported last line matches file length; model UNKNOWN; main session re-read high findings
frontend/appflowy_flutter/lib/mobile/presentation/widgets/flowy_option_tile.dart	reviewed	reported last line matches file length; model UNKNOWN; main session re-read high findings
frontend/appflowy_flutter/lib/mobile/presentation/widgets/navigation_bar_button.dart	reviewed	reported last line matches file length; model UNKNOWN; main session re-read high findings
frontend/appflowy_flutter/lib/mobile/presentation/widgets/show_flowy_mobile_confirm_dialog.dart	reviewed	reported last line matches file length; model UNKNOWN; main session re-read high findings
frontend/appflowy_flutter/lib/mobile/presentation/widgets/widgets.dart	reviewed	reported last line matches file length; model UNKNOWN; main session re-read high findings
frontend/appflowy_flutter/lib/plugins/ai_chat/application/ai_chat_prelude.dart	reviewed	reported last line matches file length; model UNKNOWN; main session re-read high findings
frontend/appflowy_flutter/lib/plugins/ai_chat/application/ai_model_switch_listener.dart	reviewed	reported last line matches file length; model UNKNOWN; main session re-read high findings
frontend/appflowy_flutter/lib/plugins/ai_chat/application/chat_ai_message_bloc.dart	reviewed	reported last line matches file length; model UNKNOWN; main session re-read high findings
frontend/appflowy_flutter/lib/plugins/ai_chat/application/chat_bloc.dart	reviewed	reported last line matches file length; model UNKNOWN; main session re-read high findings
frontend/appflowy_flutter/lib/plugins/ai_chat/application/chat_edit_document_service.dart	reviewed	reported last line matches file length; model UNKNOWN; main session re-read high findings
frontend/appflowy_flutter/lib/plugins/ai_chat/application/chat_entity.dart	reviewed	reported last line matches file length; model UNKNOWN; main session re-read high findings
frontend/appflowy_flutter/lib/plugins/ai_chat/application/chat_input_control_cubit.dart	reviewed	reported last line matches file length; model UNKNOWN; main session re-read high findings
frontend/appflowy_flutter/lib/plugins/ai_chat/application/chat_input_file_bloc.dart	reviewed	reported last line matches file length; model UNKNOWN; main session re-read high findings
frontend/appflowy_flutter/lib/plugins/ai_chat/application/chat_member_bloc.dart	reviewed	reported last line matches file length; model UNKNOWN; main session re-read high findings
frontend/appflowy_flutter/lib/plugins/ai_chat/application/chat_message_handler.dart	reviewed	reported last line matches file length; model UNKNOWN; main session re-read high findings
frontend/appflowy_flutter/lib/plugins/ai_chat/application/chat_message_height_manager.dart	reviewed	reported last line matches file length; model UNKNOWN; main session re-read high findings
frontend/appflowy_flutter/lib/plugins/ai_chat/application/chat_message_listener.dart	reviewed	reported last line matches file length; model UNKNOWN; main session re-read high findings
frontend/appflowy_flutter/lib/plugins/ai_chat/application/chat_message_service.dart	reviewed	reported last line matches file length; model UNKNOWN; main session re-read high findings
frontend/appflowy_flutter/lib/plugins/ai_chat/application/chat_message_stream.dart	reviewed	reported last line matches file length; model UNKNOWN; main session re-read high findings
frontend/appflowy_flutter/lib/plugins/ai_chat/application/chat_notification.dart	reviewed	reported last line matches file length; model UNKNOWN; main session re-read high findings
frontend/appflowy_flutter/lib/plugins/ai_chat/application/chat_select_message_bloc.dart	reviewed	reported last line matches file length; model UNKNOWN; main session re-read high findings
frontend/appflowy_flutter/lib/plugins/ai_chat/application/chat_settings_manager.dart	reviewed	reported last line matches file length; model UNKNOWN; main session re-read high findings
frontend/appflowy_flutter/lib/plugins/ai_chat/application/chat_stream_manager.dart	reviewed	reported last line matches file length; model UNKNOWN; main session re-read high findings
frontend/appflowy_flutter/lib/plugins/ai_chat/application/chat_user_cubit.dart	reviewed	reported last line matches file length; model UNKNOWN; main session re-read high findings
frontend/appflowy_flutter/lib/plugins/ai_chat/application/chat_user_message_bloc.dart	reviewed	reported last line matches file length; model UNKNOWN; main session re-read high findings
frontend/appflowy_flutter/lib/plugins/ai_chat/chat.dart	reviewed	reported last line matches file length; model UNKNOWN; main session re-read high findings
frontend/appflowy_flutter/lib/plugins/ai_chat/chat_page.dart	reviewed	reported last line matches file length; model UNKNOWN; main session re-read high findings
frontend/appflowy_flutter/lib/plugins/ai_chat/presentation/animated_chat_list.dart	reviewed	reported last line matches file length; model UNKNOWN; main session re-read high findings
frontend/appflowy_flutter/lib/plugins/ai_chat/presentation/animated_chat_list_reversed.dart	reviewed	reported last line matches file length; model UNKNOWN; main session re-read high findings
frontend/appflowy_flutter/lib/plugins/ai_chat/presentation/chat_avatar.dart	reviewed	reported last line matches file length; model UNKNOWN; main session re-read high findings
frontend/appflowy_flutter/lib/plugins/ai_chat/presentation/chat_editor_style.dart	reviewed	reported last line matches file length; model UNKNOWN; main session re-read high findings
frontend/appflowy_flutter/lib/plugins/ai_chat/presentation/chat_input/mobile_chat_input.dart	reviewed	reported last line matches file length; model UNKNOWN; main session re-read high findings
frontend/appflowy_flutter/lib/plugins/ai_chat/presentation/chat_message_selector_banner.dart	reviewed	reported last line matches file length; model UNKNOWN; main session re-read high findings
frontend/appflowy_flutter/lib/plugins/ai_chat/presentation/chat_page/chat_animation_list_widget.dart	reviewed	reported last line matches file length; model UNKNOWN; main session re-read high findings
frontend/appflowy_flutter/lib/plugins/ai_chat/presentation/chat_page/chat_content_page.dart	reviewed	reported last line matches file length; model UNKNOWN; main session re-read high findings
frontend/appflowy_flutter/lib/plugins/ai_chat/presentation/chat_page/chat_footer.dart	reviewed	reported last line matches file length; model UNKNOWN; main session re-read high findings
frontend/appflowy_flutter/lib/plugins/ai_chat/presentation/chat_page/chat_message_widget.dart	reviewed	reported last line matches file length; model UNKNOWN; main session re-read high findings
frontend/appflowy_flutter/lib/plugins/ai_chat/presentation/chat_page/load_chat_message_status_ready.dart	reviewed	reported last line matches file length; model UNKNOWN; main session re-read high findings
frontend/appflowy_flutter/lib/plugins/ai_chat/presentation/chat_page/text_message_widget.dart	reviewed	reported last line matches file length; model UNKNOWN; main session re-read high findings
frontend/appflowy_flutter/lib/plugins/ai_chat/presentation/chat_related_question.dart	reviewed	reported last line matches file length; model UNKNOWN; main session re-read high findings
frontend/appflowy_flutter/lib/plugins/ai_chat/presentation/chat_welcome_page.dart	reviewed	reported last line matches file length; model UNKNOWN; main session re-read high findings
frontend/appflowy_flutter/lib/plugins/ai_chat/presentation/layout_define.dart	reviewed	reported last line matches file length; model UNKNOWN; main session re-read high findings
frontend/appflowy_flutter/lib/plugins/ai_chat/presentation/message/ai_change_format_bottom_sheet.dart	reviewed	reported last line matches file length; model UNKNOWN; main session re-read high findings
frontend/appflowy_flutter/lib/plugins/ai_chat/presentation/message/ai_change_model_bottom_sheet.dart	reviewed	reported last line matches file length; model UNKNOWN; main session re-read high findings
frontend/appflowy_flutter/lib/plugins/ai_chat/presentation/message/ai_markdown_text.dart	reviewed	reported last line matches file length; model UNKNOWN; main session re-read high findings
frontend/appflowy_flutter/lib/plugins/ai_chat/presentation/message/ai_message_action_bar.dart	reviewed	reported last line matches file length; model UNKNOWN; main session re-read high findings
frontend/appflowy_flutter/lib/plugins/ai_chat/presentation/message/ai_message_bubble.dart	reviewed	reported last line matches file length; model UNKNOWN; main session re-read high findings
frontend/appflowy_flutter/lib/plugins/ai_chat/presentation/message/ai_metadata.dart	reviewed	reported last line matches file length; model UNKNOWN; main session re-read high findings
frontend/appflowy_flutter/lib/plugins/ai_chat/presentation/message/ai_text_message.dart	reviewed	reported last line matches file length; model UNKNOWN; main session re-read high findings
frontend/appflowy_flutter/lib/plugins/ai_chat/presentation/message/error_text_message.dart	reviewed	reported last line matches file length; model UNKNOWN; main session re-read high findings
frontend/appflowy_flutter/lib/plugins/ai_chat/presentation/message/message_util.dart	reviewed	reported last line matches file length; model UNKNOWN; main session re-read high findings
frontend/appflowy_flutter/lib/plugins/ai_chat/presentation/message/user_message_bubble.dart	reviewed	reported last line matches file length; model UNKNOWN; main session re-read high findings
frontend/appflowy_flutter/lib/plugins/ai_chat/presentation/message/user_text_message.dart	reviewed	reported last line matches file length; model UNKNOWN; main session re-read high findings
frontend/appflowy_flutter/lib/plugins/ai_chat/presentation/scroll_to_bottom.dart	reviewed	reported last line matches file length; model UNKNOWN; main session re-read high findings
frontend/appflowy_flutter/lib/plugins/ai_chat/presentation/widgets/message_height_calculator.dart	reviewed	reported last line matches file length; model UNKNOWN; main session re-read high findings
frontend/appflowy_flutter/lib/plugins/base/color/color_picker.dart	reviewed	reported last line matches file length; model UNKNOWN; main session re-read high findings
frontend/appflowy_flutter/lib/plugins/base/color/color_picker_screen.dart	reviewed	reported last line matches file length; model UNKNOWN; main session re-read high findings
frontend/appflowy_flutter/lib/plugins/base/drag_handler.dart	reviewed	reported last line matches file length; model UNKNOWN; main session re-read high findings
frontend/appflowy_flutter/lib/plugins/base/emoji/emoji_picker.dart	reviewed	reported last line matches file length; model UNKNOWN; main session re-read high findings
frontend/appflowy_flutter/lib/plugins/base/emoji/emoji_picker_header.dart	reviewed	reported last line matches file length; model UNKNOWN; main session re-read high findings
frontend/appflowy_flutter/lib/plugins/base/emoji/emoji_picker_screen.dart	reviewed	reported last line matches file length; model UNKNOWN; main session re-read high findings
frontend/appflowy_flutter/lib/plugins/base/emoji/emoji_text.dart	reviewed	reported last line matches file length; model UNKNOWN; main session re-read high findings
frontend/appflowy_flutter/lib/plugins/base/icon/icon_widget.dart	reviewed	reported last line matches file length; model UNKNOWN; main session re-read high findings
frontend/appflowy_flutter/lib/plugins/blank/blank.dart	reviewed	reported last line matches file length; model UNKNOWN; main session re-read high findings
frontend/appflowy_flutter/lib/plugins/database/application/calculations/calculation_type_ext.dart	reviewed	reported last line matches file length; model UNKNOWN; main session re-read high findings
frontend/appflowy_flutter/lib/plugins/database/application/calculations/calculations_listener.dart	reviewed	reported last line matches file length; model UNKNOWN; main session re-read high findings
frontend/appflowy_flutter/lib/plugins/database/application/calculations/calculations_service.dart	reviewed	reported last line matches file length; model UNKNOWN; main session re-read high findings
frontend/appflowy_flutter/lib/plugins/database/application/cell/bloc/checkbox_cell_bloc.dart	reviewed	reported last line matches file length; model UNKNOWN; main session re-read high findings
frontend/appflowy_flutter/lib/plugins/database/application/cell/bloc/checklist_cell_bloc.dart	reviewed	reported last line matches file length; model UNKNOWN; main session re-read high findings
frontend/appflowy_flutter/lib/plugins/database/application/cell/bloc/date_cell_bloc.dart	reviewed	reported last line matches file length; model UNKNOWN; main session re-read high findings
frontend/appflowy_flutter/lib/plugins/database/application/cell/bloc/date_cell_editor_bloc.dart	reviewed	reported last line matches file length; model UNKNOWN; main session re-read high findings
frontend/appflowy_flutter/lib/plugins/database/application/cell/bloc/media_cell_bloc.dart	reviewed	reported last line matches file length; model UNKNOWN; main session re-read high findings
frontend/appflowy_flutter/lib/plugins/database/application/cell/bloc/number_cell_bloc.dart	reviewed	reported last line matches file length; model UNKNOWN; main session re-read high findings
frontend/appflowy_flutter/lib/plugins/database/application/cell/bloc/relation_cell_bloc.dart	reviewed	reported last line matches file length; model UNKNOWN; main session re-read high findings
frontend/appflowy_flutter/lib/plugins/database/application/cell/bloc/relation_row_search_bloc.dart	reviewed	reported last line matches file length; model UNKNOWN; main session re-read high findings
frontend/appflowy_flutter/lib/plugins/database/application/cell/bloc/select_option_cell_bloc.dart	reviewed	reported last line matches file length; model UNKNOWN; main session re-read high findings
frontend/appflowy_flutter/lib/plugins/database/application/cell/bloc/select_option_cell_editor_bloc.dart	reviewed	reported last line matches file length; model UNKNOWN; main session re-read high findings
frontend/appflowy_flutter/lib/plugins/database/application/cell/bloc/summary_cell_bloc.dart	reviewed	reported last line matches file length; model UNKNOWN; main session re-read high findings
frontend/appflowy_flutter/lib/plugins/database/application/cell/bloc/summary_row_bloc.dart	reviewed	reported last line matches file length; model UNKNOWN; main session re-read high findings
frontend/appflowy_flutter/lib/plugins/database/application/cell/bloc/text_cell_bloc.dart	reviewed	reported last line matches file length; model UNKNOWN; main session re-read high findings
frontend/appflowy_flutter/lib/plugins/database/application/cell/bloc/time_cell_bloc.dart	reviewed	reported last line matches file length; model UNKNOWN; main session re-read high findings
frontend/appflowy_flutter/lib/plugins/database/application/cell/bloc/timestamp_cell_bloc.dart	reviewed	reported last line matches file length; model UNKNOWN; main session re-read high findings
frontend/appflowy_flutter/lib/plugins/database/application/cell/bloc/translate_cell_bloc.dart	reviewed	reported last line matches file length; model UNKNOWN; main session re-read high findings
frontend/appflowy_flutter/lib/plugins/database/application/cell/bloc/translate_row_bloc.dart	reviewed	reported last line matches file length; model UNKNOWN; main session re-read high findings
frontend/appflowy_flutter/lib/plugins/database/application/cell/bloc/url_cell_bloc.dart	reviewed	reported last line matches file length; model UNKNOWN; main session re-read high findings
frontend/appflowy_flutter/lib/plugins/database/application/cell/cell_cache.dart	reviewed	reported last line matches file length; model UNKNOWN; main session re-read high findings
frontend/appflowy_flutter/lib/plugins/database/application/cell/cell_controller.dart	reviewed	reported last line matches file length; model UNKNOWN; main session re-read high findings
frontend/appflowy_flutter/lib/plugins/database/application/cell/cell_controller_builder.dart	reviewed	reported last line matches file length; model UNKNOWN; main session re-read high findings
frontend/appflowy_flutter/lib/plugins/database/application/cell/cell_data_loader.dart	reviewed	reported last line matches file length; model UNKNOWN; main session re-read high findings
frontend/appflowy_flutter/lib/plugins/database/application/cell/cell_data_persistence.dart	reviewed	reported last line matches file length; model UNKNOWN; main session re-read high findings
frontend/appflowy_flutter/lib/plugins/database/application/database_controller.dart	reviewed	reported last line matches file length; model UNKNOWN; main session re-read high findings
frontend/appflowy_flutter/lib/plugins/database/application/defines.dart	reviewed	reported last line matches file length; model UNKNOWN; main session re-read high findings
frontend/appflowy_flutter/lib/plugins/database/application/field/field_cell_bloc.dart	reviewed	reported last line matches file length; model UNKNOWN; main session re-read high findings
frontend/appflowy_flutter/lib/plugins/database/application/field/field_controller.dart	reviewed	reported last line matches file length; model UNKNOWN; main session re-read high findings
frontend/appflowy_flutter/lib/plugins/database/application/field/field_editor_bloc.dart	reviewed	reported last line matches file length; model UNKNOWN; main session re-read high findings
frontend/appflowy_flutter/lib/plugins/database/application/field/field_info.dart	reviewed	reported last line matches file length; model UNKNOWN; main session re-read high findings
frontend/appflowy_flutter/lib/plugins/database/application/field/filter_entities.dart	reviewed	reported last line matches file length; model UNKNOWN; main session re-read high findings
frontend/appflowy_flutter/lib/plugins/database/application/field/sort_entities.dart	reviewed	reported last line matches file length; model UNKNOWN; main session re-read high findings
frontend/appflowy_flutter/lib/plugins/database/application/field/type_option/edit_select_option_bloc.dart	reviewed	reported last line matches file length; model UNKNOWN; main session re-read high findings
frontend/appflowy_flutter/lib/plugins/database/application/field/type_option/number_format_bloc.dart	reviewed	reported last line matches file length; model UNKNOWN; main session re-read high findings
frontend/appflowy_flutter/lib/plugins/database/application/field/type_option/relation_type_option_cubit.dart	reviewed	reported last line matches file length; model UNKNOWN; main session re-read high findings
frontend/appflowy_flutter/lib/plugins/database/application/field/type_option/select_option_type_option_bloc.dart	reviewed	reported last line matches file length; model UNKNOWN; main session re-read high findings
frontend/appflowy_flutter/lib/plugins/database/application/field/type_option/select_type_option_actions.dart	reviewed	reported last line matches file length; model UNKNOWN; main session re-read high findings
frontend/appflowy_flutter/lib/plugins/database/application/field/type_option/translate_type_option_bloc.dart	reviewed	reported last line matches file length; model UNKNOWN; main session re-read high findings
frontend/appflowy_flutter/lib/plugins/database/application/field/type_option/type_option_data_parser.dart	reviewed	reported last line matches file length; model UNKNOWN; main session re-read high findings
frontend/appflowy_flutter/lib/plugins/database/application/layout/layout_bloc.dart	reviewed	reported last line matches file length; model UNKNOWN; main session re-read high findings
frontend/appflowy_flutter/lib/plugins/database/application/row/related_row_detail_bloc.dart	reviewed	reported last line matches file length; model UNKNOWN; main session re-read high findings
frontend/appflowy_flutter/lib/plugins/database/application/row/row_banner_bloc.dart	reviewed	reported last line matches file length; model UNKNOWN; main session re-read high findings
frontend/appflowy_flutter/lib/plugins/database/application/row/row_cache.dart	reviewed	reported last line matches file length; model UNKNOWN; main session re-read high findings
frontend/appflowy_flutter/lib/plugins/database/application/row/row_controller.dart	reviewed	reported last line matches file length; model UNKNOWN; main session re-read high findings
frontend/appflowy_flutter/lib/plugins/database/application/row/row_list.dart	reviewed	reported last line matches file length; model UNKNOWN; main session re-read high findings
frontend/appflowy_flutter/lib/plugins/database/application/row/row_service.dart	reviewed	reported last line matches file length; model UNKNOWN; main session re-read high findings
frontend/appflowy_flutter/lib/plugins/database/application/setting/group_bloc.dart	reviewed	reported last line matches file length; model UNKNOWN; main session re-read high findings
frontend/appflowy_flutter/lib/plugins/database/application/setting/property_bloc.dart	reviewed	reported last line matches file length; model UNKNOWN; main session re-read high findings
frontend/appflowy_flutter/lib/plugins/database/application/setting/setting_listener.dart	reviewed	reported last line matches file length; model UNKNOWN; main session re-read high findings
frontend/appflowy_flutter/lib/plugins/database/application/setting/setting_service.dart	reviewed	reported last line matches file length; model UNKNOWN; main session re-read high findings
frontend/appflowy_flutter/lib/plugins/database/application/share_bloc.dart	reviewed	reported last line matches file length; model UNKNOWN; main session re-read high findings
frontend/appflowy_flutter/lib/plugins/database/application/sync/database_sync_bloc.dart	reviewed	reported last line matches file length; model UNKNOWN; main session re-read high findings
frontend/appflowy_flutter/lib/plugins/database/application/sync/database_sync_state_listener.dart	reviewed	reported last line matches file length; model UNKNOWN; main session re-read high findings
frontend/appflowy_flutter/lib/plugins/database/application/tab_bar_bloc.dart	reviewed	reported last line matches file length; model UNKNOWN; main session re-read high findings
frontend/appflowy_flutter/lib/plugins/database/application/view/view_cache.dart	reviewed	reported last line matches file length; model UNKNOWN; main session re-read high findings
frontend/appflowy_flutter/lib/plugins/database/application/view/view_listener.dart	reviewed	reported last line matches file length; model UNKNOWN; main session re-read high findings
frontend/appflowy_flutter/lib/plugins/database/board/application/board_actions_bloc.dart	reviewed	reported last line matches file length; model UNKNOWN; main session re-read high findings
frontend/appflowy_flutter/lib/plugins/database/board/application/board_bloc.dart	reviewed	reported last line matches file length; model UNKNOWN; main session re-read high findings
frontend/appflowy_flutter/lib/plugins/database/board/application/group_controller.dart	reviewed	reported last line matches file length; model UNKNOWN; main session re-read high findings
frontend/appflowy_flutter/lib/plugins/database/board/board.dart	reviewed	reported last line matches file length; model UNKNOWN; main session re-read high findings
frontend/appflowy_flutter/lib/plugins/database/board/group_ext.dart	reviewed	reported last line matches file length; model UNKNOWN; main session re-read high findings
frontend/appflowy_flutter/lib/plugins/database/board/presentation/board_page.dart	reviewed	reported last line matches file length; model UNKNOWN; main session re-read high findings
frontend/appflowy_flutter/lib/plugins/database/board/presentation/toolbar/board_setting_bar.dart	reviewed	reported last line matches file length; model UNKNOWN; main session re-read high findings
frontend/appflowy_flutter/lib/plugins/database/board/presentation/widgets/board_checkbox_column_header.dart	reviewed	reported last line matches file length; model UNKNOWN; main session re-read high findings
frontend/appflowy_flutter/lib/plugins/database/board/presentation/widgets/board_column_header.dart	reviewed	reported last line matches file length; model UNKNOWN; main session re-read high findings
frontend/appflowy_flutter/lib/plugins/database/board/presentation/widgets/board_editable_column_header.dart	reviewed	reported last line matches file length; model UNKNOWN; main session re-read high findings
frontend/appflowy_flutter/lib/plugins/database/board/presentation/widgets/board_focus_scope.dart	reviewed	reported last line matches file length; model UNKNOWN; main session re-read high findings
frontend/appflowy_flutter/lib/plugins/database/board/presentation/widgets/board_hidden_groups.dart	reviewed	reported last line matches file length; model UNKNOWN; main session re-read high findings
frontend/appflowy_flutter/lib/plugins/database/board/presentation/widgets/board_shortcut_container.dart	reviewed	reported last line matches file length; model UNKNOWN; main session re-read high findings
frontend/appflowy_flutter/lib/plugins/database/board/tests/integrate_test/card_test.dart	test-fixture	test or fixture path
frontend/appflowy_flutter/lib/plugins/database/calendar/application/calendar_bloc.dart	reviewed	reported last line matches file length; model UNKNOWN; main session re-read high findings
frontend/appflowy_flutter/lib/plugins/database/calendar/application/calendar_event_editor_bloc.dart	reviewed	reported last line matches file length; model UNKNOWN; main session re-read high findings
frontend/appflowy_flutter/lib/plugins/database/calendar/application/calendar_setting_bloc.dart	reviewed	reported last line matches file length; model UNKNOWN; main session re-read high findings
frontend/appflowy_flutter/lib/plugins/database/calendar/application/unschedule_event_bloc.dart	reviewed	reported last line matches file length; model UNKNOWN; main session re-read high findings
frontend/appflowy_flutter/lib/plugins/database/calendar/calendar.dart	reviewed	reported last line matches file length; model UNKNOWN; main session re-read high findings
frontend/appflowy_flutter/lib/plugins/database/calendar/presentation/calendar_day.dart	reviewed	reported last line matches file length; model UNKNOWN; main session re-read high findings
frontend/appflowy_flutter/lib/plugins/database/calendar/presentation/calendar_event_card.dart	reviewed	reported last line matches file length; model UNKNOWN; main session re-read high findings
frontend/appflowy_flutter/lib/plugins/database/calendar/presentation/calendar_event_editor.dart	reviewed	reported last line matches file length; model UNKNOWN; main session re-read high findings
frontend/appflowy_flutter/lib/plugins/database/calendar/presentation/calendar_page.dart	reviewed	reported last line matches file length; model UNKNOWN; main session re-read high findings
frontend/appflowy_flutter/lib/plugins/database/calendar/presentation/layout/sizes.dart	reviewed	reported last line matches file length; model UNKNOWN; main session re-read high findings
frontend/appflowy_flutter/lib/plugins/database/calendar/presentation/toolbar/calendar_layout_setting.dart	reviewed	reported last line matches file length; model UNKNOWN; main session re-read high findings
frontend/appflowy_flutter/lib/plugins/database/calendar/presentation/toolbar/calendar_setting_bar.dart	reviewed	reported last line matches file length; model UNKNOWN; main session re-read high findings
frontend/appflowy_flutter/lib/plugins/database/domain/cell_listener.dart	reviewed	reported last line matches file length; model UNKNOWN; main session re-read high findings
frontend/appflowy_flutter/lib/plugins/database/domain/cell_service.dart	reviewed	reported last line matches file length; model UNKNOWN; main session re-read high findings
frontend/appflowy_flutter/lib/plugins/database/domain/checklist_cell_service.dart	reviewed	reported last line matches file length; model UNKNOWN; main session re-read high findings
frontend/appflowy_flutter/lib/plugins/database/domain/database_view_service.dart	reviewed	reported last line matches file length; model UNKNOWN; main session re-read high findings
frontend/appflowy_flutter/lib/plugins/database/domain/date_cell_service.dart	reviewed	reported last line matches file length; model UNKNOWN; main session re-read high findings
frontend/appflowy_flutter/lib/plugins/database/domain/field_backend_service.dart	reviewed	reported last line matches file length; model UNKNOWN; main session re-read high findings
frontend/appflowy_flutter/lib/plugins/database/domain/field_listener.dart	reviewed	reported last line matches file length; model UNKNOWN; main session re-read high findings
frontend/appflowy_flutter/lib/plugins/database/domain/field_service.dart	reviewed	reported last line matches file length; model UNKNOWN; main session re-read high findings
frontend/appflowy_flutter/lib/plugins/database/domain/field_settings_listener.dart	reviewed	reported last line matches file length; model UNKNOWN; main session re-read high findings
frontend/appflowy_flutter/lib/plugins/database/domain/field_settings_service.dart	reviewed	reported last line matches file length; model UNKNOWN; main session re-read high findings
frontend/appflowy_flutter/lib/plugins/database/domain/filter_listener.dart	reviewed	reported last line matches file length; model UNKNOWN; main session re-read high findings
frontend/appflowy_flutter/lib/plugins/database/domain/filter_service.dart	reviewed	reported last line matches file length; model UNKNOWN; main session re-read high findings
frontend/appflowy_flutter/lib/plugins/database/domain/group_listener.dart	reviewed	reported last line matches file length; model UNKNOWN; main session re-read high findings
frontend/appflowy_flutter/lib/plugins/database/domain/group_service.dart	reviewed	reported last line matches file length; model UNKNOWN; main session re-read high findings
frontend/appflowy_flutter/lib/plugins/database/domain/layout_service.dart	reviewed	reported last line matches file length; model UNKNOWN; main session re-read high findings
frontend/appflowy_flutter/lib/plugins/database/domain/layout_setting_listener.dart	reviewed	reported last line matches file length; model UNKNOWN; main session re-read high findings
frontend/appflowy_flutter/lib/plugins/database/domain/row_listener.dart	reviewed	reported last line matches file length; model UNKNOWN; main session re-read high findings
frontend/appflowy_flutter/lib/plugins/database/domain/row_meta_listener.dart	reviewed	reported last line matches file length; model UNKNOWN; main session re-read high findings
frontend/appflowy_flutter/lib/plugins/database/domain/select_option_cell_service.dart	reviewed	reported last line matches file length; model UNKNOWN; main session re-read high findings
frontend/appflowy_flutter/lib/plugins/database/domain/sort_listener.dart	reviewed	reported last line matches file length; model UNKNOWN; main session re-read high findings
frontend/appflowy_flutter/lib/plugins/database/domain/sort_service.dart	reviewed	reported last line matches file length; model UNKNOWN; main session re-read high findings
frontend/appflowy_flutter/lib/plugins/database/domain/type_option_service.dart	reviewed	reported last line matches file length; model UNKNOWN; main session re-read high findings
frontend/appflowy_flutter/lib/plugins/database/grid/application/calculations/calculations_bloc.dart	reviewed	reported last line matches file length; model UNKNOWN; main session re-read high findings
frontend/appflowy_flutter/lib/plugins/database/grid/application/calculations/field_type_calc_ext.dart	reviewed	reported last line matches file length; model UNKNOWN; main session re-read high findings
frontend/appflowy_flutter/lib/plugins/database/grid/application/filter/filter_editor_bloc.dart	reviewed	reported last line matches file length; model UNKNOWN; main session re-read high findings
frontend/appflowy_flutter/lib/plugins/database/grid/application/filter/select_option_loader.dart	reviewed	reported last line matches file length; model UNKNOWN; main session re-read high findings
frontend/appflowy_flutter/lib/plugins/database/grid/application/grid_accessory_bloc.dart	reviewed	reported last line matches file length; model UNKNOWN; main session re-read high findings
frontend/appflowy_flutter/lib/plugins/database/grid/application/grid_bloc.dart	reviewed	reported last line matches file length; model UNKNOWN; main session re-read high findings
frontend/appflowy_flutter/lib/plugins/database/grid/application/grid_header_bloc.dart	reviewed	reported last line matches file length; model UNKNOWN; main session re-read high findings
frontend/appflowy_flutter/lib/plugins/database/grid/application/row/mobile_row_detail_bloc.dart	reviewed	reported last line matches file length; model UNKNOWN; main session re-read high findings
frontend/appflowy_flutter/lib/plugins/database/grid/application/row/row_bloc.dart	reviewed	reported last line matches file length; model UNKNOWN; main session re-read high findings
frontend/appflowy_flutter/lib/plugins/database/grid/application/row/row_detail_bloc.dart	reviewed	reported last line matches file length; model UNKNOWN; main session re-read high findings
frontend/appflowy_flutter/lib/plugins/database/grid/application/row/row_document_bloc.dart	reviewed	reported last line matches file length; model UNKNOWN; main session re-read high findings
frontend/appflowy_flutter/lib/plugins/database/grid/application/simple_text_filter_bloc.dart	reviewed	reported last line matches file length; model UNKNOWN; main session re-read high findings
frontend/appflowy_flutter/lib/plugins/database/grid/application/sort/sort_editor_bloc.dart	reviewed	reported last line matches file length; model UNKNOWN; main session re-read high findings
frontend/appflowy_flutter/lib/plugins/database/grid/grid.dart	reviewed	reported last line matches file length; model UNKNOWN; main session re-read high findings
frontend/appflowy_flutter/lib/plugins/database/grid/presentation/grid_page.dart	reviewed	reported last line matches file length; model UNKNOWN; main session re-read high findings
frontend/appflowy_flutter/lib/plugins/database/grid/presentation/grid_scroll.dart	reviewed	reported last line matches file length; model UNKNOWN; main session re-read high findings
frontend/appflowy_flutter/lib/plugins/database/grid/presentation/layout/layout.dart	reviewed	reported last line matches file length; model UNKNOWN; main session re-read high findings
frontend/appflowy_flutter/lib/plugins/database/grid/presentation/layout/sizes.dart	reviewed	reported last line matches file length; model UNKNOWN; main session re-read high findings
frontend/appflowy_flutter/lib/plugins/database/grid/presentation/mobile_grid_page.dart	reviewed	reported last line matches file length; model UNKNOWN; main session re-read high findings
frontend/appflowy_flutter/lib/plugins/database/grid/presentation/widgets/calculations/calculate_cell.dart	reviewed	reported last line matches file length; model UNKNOWN; main session re-read high findings
frontend/appflowy_flutter/lib/plugins/database/grid/presentation/widgets/calculations/calculation_selector.dart	reviewed	reported last line matches file length; model UNKNOWN; main session re-read high findings
frontend/appflowy_flutter/lib/plugins/database/grid/presentation/widgets/calculations/calculation_type_item.dart	reviewed	reported last line matches file length; model UNKNOWN; main session re-read high findings
frontend/appflowy_flutter/lib/plugins/database/grid/presentation/widgets/calculations/calculations_row.dart	reviewed	reported last line matches file length; model UNKNOWN; main session re-read high findings
frontend/appflowy_flutter/lib/plugins/database/grid/presentation/widgets/calculations/remove_calculation_button.dart	reviewed	reported last line matches file length; model UNKNOWN; main session re-read high findings
frontend/appflowy_flutter/lib/plugins/database/grid/presentation/widgets/common/type_option_separator.dart	reviewed	reported last line matches file length; model UNKNOWN; main session re-read high findings
frontend/appflowy_flutter/lib/plugins/database/grid/presentation/widgets/filter/choicechip/checkbox.dart	reviewed	reported last line matches file length; model UNKNOWN; main session re-read high findings
frontend/appflowy_flutter/lib/plugins/database/grid/presentation/widgets/filter/choicechip/checklist.dart	reviewed	reported last line matches file length; model UNKNOWN; main session re-read high findings
frontend/appflowy_flutter/lib/plugins/database/grid/presentation/widgets/filter/choicechip/choicechip.dart	reviewed	reported last line matches file length; model UNKNOWN; main session re-read high findings
frontend/appflowy_flutter/lib/plugins/database/grid/presentation/widgets/filter/choicechip/date.dart	reviewed	reported last line matches file length; model UNKNOWN; main session re-read high findings
frontend/appflowy_flutter/lib/plugins/database/grid/presentation/widgets/filter/choicechip/number.dart	reviewed	reported last line matches file length; model UNKNOWN; main session re-read high findings
frontend/appflowy_flutter/lib/plugins/database/grid/presentation/widgets/filter/choicechip/select_option/condition_list.dart	reviewed	reported last line matches file length; model UNKNOWN; main session re-read high findings
frontend/appflowy_flutter/lib/plugins/database/grid/presentation/widgets/filter/choicechip/select_option/option_list.dart	reviewed	reported last line matches file length; model UNKNOWN; main session re-read high findings
frontend/appflowy_flutter/lib/plugins/database/grid/presentation/widgets/filter/choicechip/select_option/select_option.dart	reviewed	reported last line matches file length; model UNKNOWN; main session re-read high findings
frontend/appflowy_flutter/lib/plugins/database/grid/presentation/widgets/filter/choicechip/text.dart	reviewed	reported last line matches file length; model UNKNOWN; main session re-read high findings
frontend/appflowy_flutter/lib/plugins/database/grid/presentation/widgets/filter/choicechip/time.dart	reviewed	reported last line matches file length; model UNKNOWN; main session re-read high findings
frontend/appflowy_flutter/lib/plugins/database/grid/presentation/widgets/filter/choicechip/url.dart	reviewed	reported last line matches file length; model UNKNOWN; main session re-read high findings
frontend/appflowy_flutter/lib/plugins/database/grid/presentation/widgets/filter/condition_button.dart	reviewed	reported last line matches file length; model UNKNOWN; main session re-read high findings
frontend/appflowy_flutter/lib/plugins/database/grid/presentation/widgets/filter/create_filter_list.dart	reviewed	reported last line matches file length; model UNKNOWN; main session re-read high findings
frontend/appflowy_flutter/lib/plugins/database/grid/presentation/widgets/filter/disclosure_button.dart	reviewed	reported last line matches file length; model UNKNOWN; main session re-read high findings
frontend/appflowy_flutter/lib/plugins/database/grid/presentation/widgets/filter/filter_menu.dart	reviewed	reported last line matches file length; model UNKNOWN; main session re-read high findings
frontend/appflowy_flutter/lib/plugins/database/grid/presentation/widgets/filter/filter_menu_item.dart	reviewed	reported last line matches file length; model UNKNOWN; main session re-read high findings
frontend/appflowy_flutter/lib/plugins/database/grid/presentation/widgets/footer/grid_footer.dart	reviewed	reported last line matches file length; model UNKNOWN; main session re-read high findings
frontend/appflowy_flutter/lib/plugins/database/grid/presentation/widgets/header/desktop_field_cell.dart	reviewed	reported last line matches file length; model unverified; main session re-read high findings
frontend/appflowy_flutter/lib/plugins/database/grid/presentation/widgets/header/field_type_extension.dart	reviewed	reported last line matches file length; model unverified; main session re-read high findings
frontend/appflowy_flutter/lib/plugins/database/grid/presentation/widgets/header/grid_header.dart	reviewed	reported last line matches file length; model unverified; main session re-read high findings
frontend/appflowy_flutter/lib/plugins/database/grid/presentation/widgets/header/mobile_field_button.dart	reviewed	reported last line matches file length; model unverified; main session re-read high findings
frontend/appflowy_flutter/lib/plugins/database/grid/presentation/widgets/header/mobile_grid_header.dart	reviewed	reported last line matches file length; model unverified; main session re-read high findings
frontend/appflowy_flutter/lib/plugins/database/grid/presentation/widgets/mobile_fab.dart	reviewed	reported last line matches file length; model unverified; main session re-read high findings
frontend/appflowy_flutter/lib/plugins/database/grid/presentation/widgets/row/action.dart	reviewed	reported last line matches file length; model unverified; main session re-read high findings
frontend/appflowy_flutter/lib/plugins/database/grid/presentation/widgets/row/mobile_row.dart	reviewed	reported last line matches file length; model unverified; main session re-read high findings
frontend/appflowy_flutter/lib/plugins/database/grid/presentation/widgets/row/row.dart	reviewed	reported last line matches file length; model unverified; main session re-read high findings
frontend/appflowy_flutter/lib/plugins/database/grid/presentation/widgets/shortcuts.dart	reviewed	reported last line matches file length; model unverified; main session re-read high findings
frontend/appflowy_flutter/lib/plugins/database/grid/presentation/widgets/sort/create_sort_list.dart	reviewed	reported last line matches file length; model unverified; main session re-read high findings
frontend/appflowy_flutter/lib/plugins/database/grid/presentation/widgets/sort/order_panel.dart	reviewed	reported last line matches file length; model unverified; main session re-read high findings
frontend/appflowy_flutter/lib/plugins/database/grid/presentation/widgets/sort/sort_choice_button.dart	reviewed	reported last line matches file length; model unverified; main session re-read high findings
frontend/appflowy_flutter/lib/plugins/database/grid/presentation/widgets/sort/sort_editor.dart	reviewed	reported last line matches file length; model unverified; main session re-read high findings
frontend/appflowy_flutter/lib/plugins/database/grid/presentation/widgets/sort/sort_menu.dart	reviewed	reported last line matches file length; model unverified; main session re-read high findings
frontend/appflowy_flutter/lib/plugins/database/grid/presentation/widgets/toolbar/filter_button.dart	reviewed	reported last line matches file length; model unverified; main session re-read high findings
frontend/appflowy_flutter/lib/plugins/database/grid/presentation/widgets/toolbar/grid_setting_bar.dart	reviewed	reported last line matches file length; model unverified; main session re-read high findings
frontend/appflowy_flutter/lib/plugins/database/grid/presentation/widgets/toolbar/sort_button.dart	reviewed	reported last line matches file length; model unverified; main session re-read high findings
frontend/appflowy_flutter/lib/plugins/database/grid/presentation/widgets/toolbar/view_database_button.dart	reviewed	reported last line matches file length; model unverified; main session re-read high findings
frontend/appflowy_flutter/lib/plugins/database/tab_bar/desktop/setting_menu.dart	reviewed	reported last line matches file length; model unverified; main session re-read high findings
frontend/appflowy_flutter/lib/plugins/database/tab_bar/desktop/tab_bar_add_button.dart	reviewed	reported last line matches file length; model unverified; main session re-read high findings
frontend/appflowy_flutter/lib/plugins/database/tab_bar/desktop/tab_bar_header.dart	reviewed	reported last line matches file length; model unverified; main session re-read high findings
frontend/appflowy_flutter/lib/plugins/database/tab_bar/mobile/mobile_tab_bar_header.dart	reviewed	reported last line matches file length; model unverified; main session re-read high findings
frontend/appflowy_flutter/lib/plugins/database/tab_bar/tab_bar_view.dart	reviewed	reported last line matches file length; model unverified; main session re-read high findings
frontend/appflowy_flutter/lib/plugins/database/widgets/card/card.dart	reviewed	reported last line matches file length; model unverified; main session re-read high findings
frontend/appflowy_flutter/lib/plugins/database/widgets/card/card_bloc.dart	reviewed	reported last line matches file length; model unverified; main session re-read high findings
frontend/appflowy_flutter/lib/plugins/database/widgets/card/container/accessory.dart	reviewed	reported last line matches file length; model unverified; main session re-read high findings
frontend/appflowy_flutter/lib/plugins/database/widgets/card/container/card_container.dart	reviewed	reported last line matches file length; model unverified; main session re-read high findings
frontend/appflowy_flutter/lib/plugins/database/widgets/cell/card_cell_builder.dart	reviewed	reported last line matches file length; model unverified; main session re-read high findings
frontend/appflowy_flutter/lib/plugins/database/widgets/cell/card_cell_skeleton/card_cell.dart	reviewed	reported last line matches file length; model unverified; main session re-read high findings
frontend/appflowy_flutter/lib/plugins/database/widgets/cell/card_cell_skeleton/checkbox_card_cell.dart	reviewed	reported last line matches file length; model UNKNOWN; text-card listener re-read
frontend/appflowy_flutter/lib/plugins/database/widgets/cell/card_cell_skeleton/checklist_card_cell.dart	reviewed	reported last line matches file length; model UNKNOWN; text-card listener re-read
frontend/appflowy_flutter/lib/plugins/database/widgets/cell/card_cell_skeleton/date_card_cell.dart	reviewed	reported last line matches file length; model UNKNOWN; text-card listener re-read
frontend/appflowy_flutter/lib/plugins/database/widgets/cell/card_cell_skeleton/media_card_cell.dart	reviewed	reported last line matches file length; model UNKNOWN; text-card listener re-read
frontend/appflowy_flutter/lib/plugins/database/widgets/cell/card_cell_skeleton/number_card_cell.dart	reviewed	reported last line matches file length; model UNKNOWN; text-card listener re-read
frontend/appflowy_flutter/lib/plugins/database/widgets/cell/card_cell_skeleton/relation_card_cell.dart	reviewed	reported last line matches file length; model UNKNOWN; text-card listener re-read
frontend/appflowy_flutter/lib/plugins/database/widgets/cell/card_cell_skeleton/select_option_card_cell.dart	reviewed	reported last line matches file length; model UNKNOWN; text-card listener re-read
frontend/appflowy_flutter/lib/plugins/database/widgets/cell/card_cell_skeleton/summary_card_cell.dart	reviewed	reported last line matches file length; model UNKNOWN; text-card listener re-read
frontend/appflowy_flutter/lib/plugins/database/widgets/cell/card_cell_skeleton/text_card_cell.dart	reviewed	reported last line matches file length; model UNKNOWN; text-card listener re-read
frontend/appflowy_flutter/lib/plugins/database/widgets/cell/card_cell_skeleton/time_card_cell.dart	reviewed	reported last line matches file length; model UNKNOWN; text-card listener re-read
frontend/appflowy_flutter/lib/plugins/database/widgets/cell/card_cell_skeleton/timestamp_card_cell.dart	reviewed	reported last line matches file length; model UNKNOWN; text-card listener re-read
frontend/appflowy_flutter/lib/plugins/database/widgets/cell/card_cell_skeleton/translate_card_cell.dart	reviewed	reported last line matches file length; model UNKNOWN; text-card listener re-read
frontend/appflowy_flutter/lib/plugins/database/widgets/cell/card_cell_skeleton/url_card_cell.dart	reviewed	reported last line matches file length; model UNKNOWN; text-card listener re-read
frontend/appflowy_flutter/lib/plugins/database/widgets/cell/card_cell_style_maps/calendar_card_cell_style.dart	reviewed	reported last line matches file length; model UNKNOWN; text-card listener re-read
frontend/appflowy_flutter/lib/plugins/database/widgets/cell/card_cell_style_maps/desktop_board_card_cell_style.dart	reviewed	reported last line matches file length; model UNKNOWN; text-card listener re-read
frontend/appflowy_flutter/lib/plugins/database/widgets/cell/card_cell_style_maps/mobile_board_card_cell_style.dart	reviewed	reported last line matches file length; model unverified; main session re-read high findings
frontend/appflowy_flutter/lib/plugins/database/widgets/cell/desktop_grid/desktop_grid_checkbox_cell.dart	reviewed	reported last line matches file length; model unverified; main session re-read high findings
frontend/appflowy_flutter/lib/plugins/database/widgets/cell/desktop_grid/desktop_grid_checklist_cell.dart	reviewed	reported last line matches file length; model unverified; main session re-read high findings
frontend/appflowy_flutter/lib/plugins/database/widgets/cell/desktop_grid/desktop_grid_date_cell.dart	reviewed	reported last line matches file length; model unverified; main session re-read high findings
frontend/appflowy_flutter/lib/plugins/database/widgets/cell/desktop_grid/desktop_grid_media_cell.dart	reviewed	reported last line matches file length; model unverified; main session re-read high findings
frontend/appflowy_flutter/lib/plugins/database/widgets/cell/desktop_grid/desktop_grid_number_cell.dart	reviewed	reported last line matches file length; model unverified; main session re-read high findings
frontend/appflowy_flutter/lib/plugins/database/widgets/cell/desktop_grid/desktop_grid_relation_cell.dart	reviewed	reported last line matches file length; model unverified; main session re-read high findings
frontend/appflowy_flutter/lib/plugins/database/widgets/cell/desktop_grid/desktop_grid_select_option_cell.dart	reviewed	reported last line matches file length; model unverified; main session re-read high findings
frontend/appflowy_flutter/lib/plugins/database/widgets/cell/desktop_grid/desktop_grid_summary_cell.dart	reviewed	reported last line matches file length; model unverified; main session re-read high findings
frontend/appflowy_flutter/lib/plugins/database/widgets/cell/desktop_grid/desktop_grid_text_cell.dart	reviewed	reported last line matches file length; model unverified; main session re-read high findings
frontend/appflowy_flutter/lib/plugins/database/widgets/cell/desktop_grid/desktop_grid_time_cell.dart	reviewed	reported last line matches file length; model unverified; main session re-read high findings
frontend/appflowy_flutter/lib/plugins/database/widgets/cell/desktop_grid/desktop_grid_timestamp_cell.dart	reviewed	reported last line matches file length; model unverified; main session re-read high findings
frontend/appflowy_flutter/lib/plugins/database/widgets/cell/desktop_grid/desktop_grid_translate_cell.dart	reviewed	reported last line matches file length; model unverified; main session re-read high findings
frontend/appflowy_flutter/lib/plugins/database/widgets/cell/desktop_grid/desktop_grid_url_cell.dart	reviewed	reported last line matches file length; model unverified; main session re-read high findings
frontend/appflowy_flutter/lib/plugins/database/widgets/cell/desktop_row_detail/desktop_row_detail_checkbox_cell.dart	reviewed	reported last line matches file length; model unverified; main session re-read high findings
frontend/appflowy_flutter/lib/plugins/database/widgets/cell/desktop_row_detail/desktop_row_detail_checklist_cell.dart	reviewed	reported last line matches file length; model unverified; main session re-read high findings
frontend/appflowy_flutter/lib/plugins/database/widgets/cell/desktop_row_detail/desktop_row_detail_date_cell.dart	reviewed	reported last line matches file length; model unverified; main session re-read high findings
frontend/appflowy_flutter/lib/plugins/database/widgets/cell/desktop_row_detail/desktop_row_detail_media_cell.dart	reviewed	reported last line matches file length; model unverified; main session re-read high findings
frontend/appflowy_flutter/lib/plugins/database/widgets/cell/desktop_row_detail/desktop_row_detail_number_cell.dart	reviewed	reported last line matches file length; model unverified; main session re-read high findings
frontend/appflowy_flutter/lib/plugins/database/widgets/cell/desktop_row_detail/desktop_row_detail_relation_cell.dart	reviewed	reported last line matches file length; model unverified; main session re-read high findings
frontend/appflowy_flutter/lib/plugins/database/widgets/cell/desktop_row_detail/desktop_row_detail_select_option_cell.dart	reviewed	reported last line matches file length; model unverified; main session re-read high findings
frontend/appflowy_flutter/lib/plugins/database/widgets/cell/desktop_row_detail/desktop_row_detail_summary_cell.dart	reviewed	reported last line matches file length; model unverified; main session re-read high findings
frontend/appflowy_flutter/lib/plugins/database/widgets/cell/desktop_row_detail/desktop_row_detail_text_cell.dart	reviewed	reported last line matches file length; model unverified; main session re-read high findings
frontend/appflowy_flutter/lib/plugins/database/widgets/cell/desktop_row_detail/desktop_row_detail_time_cell.dart	reviewed	reported last line matches file length; model unverified; main session re-read high findings
frontend/appflowy_flutter/lib/plugins/database/widgets/cell/desktop_row_detail/desktop_row_detail_timestamp_cell.dart	reviewed	reported last line matches file length; model unverified; main session re-read high findings
frontend/appflowy_flutter/lib/plugins/database/widgets/cell/desktop_row_detail/desktop_row_detail_url_cell.dart	reviewed	reported last line matches file length; model unverified; main session re-read high findings
frontend/appflowy_flutter/lib/plugins/database/widgets/cell/desktop_row_detail/destop_row_detail_translate_cell.dart	reviewed	reported last line matches file length; model unverified; main session re-read high findings
frontend/appflowy_flutter/lib/plugins/database/widgets/cell/editable_cell_builder.dart	reviewed	reported last line matches file length; model unverified; main session re-read high findings
frontend/appflowy_flutter/lib/plugins/database/widgets/cell/editable_cell_skeleton/checkbox.dart	reviewed	reported last line matches file length; model unverified; main session re-read high findings
frontend/appflowy_flutter/lib/plugins/database/widgets/cell/editable_cell_skeleton/checklist.dart	reviewed	reported last line matches file length; model unverified; main session re-read high findings
frontend/appflowy_flutter/lib/plugins/database/widgets/cell/editable_cell_skeleton/date.dart	reviewed	reported last line matches file length; model unverified; main session re-read high findings
frontend/appflowy_flutter/lib/plugins/database/widgets/cell/editable_cell_skeleton/media.dart	reviewed	reported last line matches file length; model unverified; main session re-read high findings
frontend/appflowy_flutter/lib/plugins/database/widgets/cell/editable_cell_skeleton/number.dart	reviewed	reported last line matches file length; model unverified; main session re-read high findings
frontend/appflowy_flutter/lib/plugins/database/widgets/cell/editable_cell_skeleton/relation.dart	reviewed	reported last line matches file length; model unverified; main session re-read high findings
frontend/appflowy_flutter/lib/plugins/database/widgets/cell/editable_cell_skeleton/select_option.dart	reviewed	reported last line matches file length; model unverified; main session re-read high findings
frontend/appflowy_flutter/lib/plugins/database/widgets/cell/editable_cell_skeleton/summary.dart	reviewed	reported last line matches file length; model unverified; main session re-read high findings
frontend/appflowy_flutter/lib/plugins/database/widgets/cell/editable_cell_skeleton/text.dart	reviewed	reported last line matches file length; model unverified; main session re-read high findings
frontend/appflowy_flutter/lib/plugins/database/widgets/cell/editable_cell_skeleton/time.dart	reviewed	reported last line matches file length; model unverified; main session re-read high findings
frontend/appflowy_flutter/lib/plugins/database/widgets/cell/editable_cell_skeleton/timestamp.dart	reviewed	reported last line matches file length; model unverified; main session re-read high findings
frontend/appflowy_flutter/lib/plugins/database/widgets/cell/editable_cell_skeleton/translate.dart	reviewed	reported last line matches file length; model unverified; main session re-read high findings
frontend/appflowy_flutter/lib/plugins/database/widgets/cell/editable_cell_skeleton/url.dart	reviewed	reported last line matches file length; model unverified; main session re-read high findings
frontend/appflowy_flutter/lib/plugins/database/widgets/cell/mobile_grid/mobile_grid_checkbox_cell.dart	reviewed	reported last line matches file length; model unverified; main session re-read high findings
frontend/appflowy_flutter/lib/plugins/database/widgets/cell/mobile_grid/mobile_grid_checklist_cell.dart	reviewed	reported last line matches file length; model unverified; main session re-read high findings
frontend/appflowy_flutter/lib/plugins/database/widgets/cell/mobile_grid/mobile_grid_date_cell.dart	reviewed	reported last line matches file length; model unverified; main session re-read high findings
frontend/appflowy_flutter/lib/plugins/database/widgets/cell/mobile_grid/mobile_grid_number_cell.dart	reviewed	reported last line matches file length; model unverified; main session re-read high findings
frontend/appflowy_flutter/lib/plugins/database/widgets/cell/mobile_grid/mobile_grid_relation_cell.dart	reviewed	reported last line matches file length; model unverified; main session re-read high findings
frontend/appflowy_flutter/lib/plugins/database/widgets/cell/mobile_grid/mobile_grid_select_option_cell.dart	reviewed	reported last line matches file length; model unverified; main session re-read high findings
frontend/appflowy_flutter/lib/plugins/database/widgets/cell/mobile_grid/mobile_grid_summary_cell.dart	reviewed	reported last line matches file length; model unverified; main session re-read high findings
frontend/appflowy_flutter/lib/plugins/database/widgets/cell/mobile_grid/mobile_grid_text_cell.dart	reviewed	reported last line matches file length; model unverified; main session re-read high findings
frontend/appflowy_flutter/lib/plugins/database/widgets/cell/mobile_grid/mobile_grid_time_cell.dart	reviewed	reported last line matches file length; model unverified; main session re-read high findings
frontend/appflowy_flutter/lib/plugins/database/widgets/cell/mobile_grid/mobile_grid_timestamp_cell.dart	reviewed	reported last line matches file length; model unverified; main session re-read high findings
frontend/appflowy_flutter/lib/plugins/database/widgets/cell/mobile_grid/mobile_grid_translate_cell.dart	reviewed	reported last line matches file length; model unverified; main session re-read high findings
frontend/appflowy_flutter/lib/plugins/database/widgets/cell/mobile_grid/mobile_grid_url_cell.dart	reviewed	reported last line matches file length; model unverified; main session re-read high findings
frontend/appflowy_flutter/lib/plugins/database/widgets/cell/mobile_row_detail/mobile_row_detail_checkbox_cell.dart	reviewed	reported last line matches file length; model unverified; main session re-read high findings
frontend/appflowy_flutter/lib/plugins/database/widgets/cell/mobile_row_detail/mobile_row_detail_checklist_cell.dart	reviewed	reported last line matches file length; model unverified; main session re-read high findings
frontend/appflowy_flutter/lib/plugins/database/widgets/cell/mobile_row_detail/mobile_row_detail_date_cell.dart	reviewed	reported last line matches file length; model unverified; main session re-read high findings
frontend/appflowy_flutter/lib/plugins/database/widgets/cell/mobile_row_detail/mobile_row_detail_number_cell.dart	reviewed	reported last line matches file length; model unverified; main session re-read high findings
frontend/appflowy_flutter/lib/plugins/database/widgets/cell/mobile_row_detail/mobile_row_detail_relation_cell.dart	reviewed	reported last line matches file length; model unverified; main session re-read high findings
frontend/appflowy_flutter/lib/plugins/database/widgets/cell/mobile_row_detail/mobile_row_detail_select_cell_option.dart	reviewed	reported last line matches file length; model unverified; main session re-read high findings
frontend/appflowy_flutter/lib/plugins/database/widgets/cell/mobile_row_detail/mobile_row_detail_summary_cell.dart	reviewed	reported last line matches file length; model unverified; main session re-read high findings
frontend/appflowy_flutter/lib/plugins/database/widgets/cell/mobile_row_detail/mobile_row_detail_text_cell.dart	reviewed	reported last line matches file length; model unverified; main session re-read high findings
frontend/appflowy_flutter/lib/plugins/database/widgets/cell/mobile_row_detail/mobile_row_detail_time_cell.dart	reviewed	reported last line matches file length; model unverified; main session re-read high findings
frontend/appflowy_flutter/lib/plugins/database/widgets/cell/mobile_row_detail/mobile_row_detail_timestamp_cell.dart	reviewed	reported last line matches file length; model unverified; main session re-read high findings
frontend/appflowy_flutter/lib/plugins/database/widgets/cell/mobile_row_detail/mobile_row_detail_translate_cell.dart	reviewed	reported last line matches file length; model unverified; main session re-read high findings
frontend/appflowy_flutter/lib/plugins/database/widgets/cell/mobile_row_detail/mobile_row_detail_url_cell.dart	reviewed	reported last line matches file length; model unverified; main session re-read high findings
frontend/appflowy_flutter/lib/plugins/database/widgets/cell_editor/checklist_cell_editor.dart	reviewed	reported last line matches file length; model unverified; main session re-read high findings
frontend/appflowy_flutter/lib/plugins/database/widgets/cell_editor/checklist_cell_textfield.dart	reviewed	reported last line matches file length; model unverified; main session re-read high findings
frontend/appflowy_flutter/lib/plugins/database/widgets/cell_editor/checklist_progress_bar.dart	reviewed	reported last line matches file length; model unverified; main session re-read high findings
frontend/appflowy_flutter/lib/plugins/database/widgets/cell_editor/date_cell_editor.dart	reviewed	reported last line matches file length; model unverified; main session re-read high findings
frontend/appflowy_flutter/lib/plugins/database/widgets/cell_editor/extension.dart	reviewed	reported last line matches file length; model unverified; main session re-read high findings
frontend/appflowy_flutter/lib/plugins/database/widgets/cell_editor/media_cell_editor.dart	reviewed	reported last line matches file length; model unverified; main session re-read high findings
frontend/appflowy_flutter/lib/plugins/database/widgets/cell_editor/mobile_checklist_cell_editor.dart	reviewed	reported last line matches file length; model unverified; main session re-read high findings
frontend/appflowy_flutter/lib/plugins/database/widgets/cell_editor/mobile_media_cell_editor.dart	reviewed	reported last line matches file length; model unverified; main session re-read high findings
frontend/appflowy_flutter/lib/plugins/database/widgets/cell_editor/mobile_select_option_editor.dart	reviewed	reported last line matches file length; model unverified; main session re-read high findings
frontend/appflowy_flutter/lib/plugins/database/widgets/cell_editor/relation_cell_editor.dart	reviewed	reported last line matches file length; model unverified; main session re-read high findings
frontend/appflowy_flutter/lib/plugins/database/widgets/cell_editor/select_option_cell_editor.dart	reviewed	reported last line matches file length; model unverified; main session re-read high findings
frontend/appflowy_flutter/lib/plugins/database/widgets/cell_editor/select_option_text_field.dart	reviewed	reported last line matches file length; model unverified; main session re-read high findings
frontend/appflowy_flutter/lib/plugins/database/widgets/database_layout_ext.dart	reviewed	reported last line matches file length; model unverified; main session re-read high findings
frontend/appflowy_flutter/lib/plugins/database/widgets/database_view_widget.dart	reviewed	reported last line matches file length; model unverified; main session re-read high findings
frontend/appflowy_flutter/lib/plugins/database/widgets/field/field_editor.dart	reviewed	reported last line matches file length; model unverified; main session re-read high findings
frontend/appflowy_flutter/lib/plugins/database/widgets/field/field_type_list.dart	reviewed	reported last line matches file length; model unverified; main session re-read high findings
frontend/appflowy_flutter/lib/plugins/database/widgets/field/type_option_editor/builder.dart	reviewed	reported last line matches file length; model unverified; main session re-read high findings
frontend/appflowy_flutter/lib/plugins/database/widgets/field/type_option_editor/checkbox.dart	reviewed	reported last line matches file length; model unverified; main session re-read high findings
frontend/appflowy_flutter/lib/plugins/database/widgets/field/type_option_editor/checklist.dart	reviewed	reported last line matches file length; model unverified; main session re-read high findings
frontend/appflowy_flutter/lib/plugins/database/widgets/field/type_option_editor/date.dart	reviewed	reported last line matches file length; model unverified; main session re-read high findings
frontend/appflowy_flutter/lib/plugins/database/widgets/field/type_option_editor/date/date_time_format.dart	reviewed	reported last line matches file length; model unverified; main session re-read high findings
frontend/appflowy_flutter/lib/plugins/database/widgets/field/type_option_editor/media.dart	reviewed	reported last line matches file length; model unverified; main session re-read high findings
frontend/appflowy_flutter/lib/plugins/database/widgets/field/type_option_editor/multi_select.dart	reviewed	reported last line matches file length; model unverified; main session re-read high findings
frontend/appflowy_flutter/lib/plugins/database/widgets/field/type_option_editor/number.dart	reviewed	reported last line matches file length; model unverified; main session re-read high findings
frontend/appflowy_flutter/lib/plugins/database/widgets/field/type_option_editor/relation.dart	reviewed	reported last line matches file length; model unverified; main session re-read high findings
frontend/appflowy_flutter/lib/plugins/database/widgets/field/type_option_editor/rich_text.dart	reviewed	reported last line matches file length; model unverified; main session re-read high findings
frontend/appflowy_flutter/lib/plugins/database/widgets/field/type_option_editor/select/select_option.dart	reviewed	reported last line matches file length; model unverified; main session re-read high findings
frontend/appflowy_flutter/lib/plugins/database/widgets/field/type_option_editor/select/select_option_editor.dart	reviewed	reported last line matches file length; model unverified; main session re-read high findings
frontend/appflowy_flutter/lib/plugins/database/widgets/field/type_option_editor/single_select.dart	reviewed	reported last line matches file length; model unverified; main session re-read high findings
frontend/appflowy_flutter/lib/plugins/database/widgets/field/type_option_editor/summary.dart	reviewed	reported last line matches file length; model unverified; main session re-read high findings
frontend/appflowy_flutter/lib/plugins/database/widgets/field/type_option_editor/time.dart	reviewed	reported last line matches file length; model unverified; main session re-read high findings
frontend/appflowy_flutter/lib/plugins/database/widgets/field/type_option_editor/timestamp.dart	reviewed	reported last line matches file length; model unverified; main session re-read high findings
frontend/appflowy_flutter/lib/plugins/database/widgets/field/type_option_editor/translate.dart	reviewed	reported last line matches file length; model unverified; main session re-read high findings
frontend/appflowy_flutter/lib/plugins/database/widgets/field/type_option_editor/url.dart	reviewed	reported last line matches file length; model unverified; main session re-read high findings
frontend/appflowy_flutter/lib/plugins/database/widgets/group/database_group.dart	reviewed	reported last line matches file length; model unverified; main session re-read high findings
frontend/appflowy_flutter/lib/plugins/database/widgets/media_file_type_ext.dart	reviewed	reported last line matches file length; model unverified; main session re-read high findings
frontend/appflowy_flutter/lib/plugins/database/widgets/row/accessory/cell_accessory.dart	reviewed	reported last line matches file length; model unverified; main session re-read high findings
frontend/appflowy_flutter/lib/plugins/database/widgets/row/accessory/cell_shortcuts.dart	reviewed	reported last line matches file length; model unverified; main session re-read high findings
frontend/appflowy_flutter/lib/plugins/database/widgets/row/cells/cell_container.dart	reviewed	reported last line matches file length; model unverified; main session re-read high findings
frontend/appflowy_flutter/lib/plugins/database/widgets/row/cells/mobile_cell_container.dart	reviewed	reported last line matches file length; model unverified; main session re-read high findings
frontend/appflowy_flutter/lib/plugins/database/widgets/row/relation_row_detail.dart	reviewed	reported last line matches file length; model unverified; main session re-read high findings
frontend/appflowy_flutter/lib/plugins/database/widgets/row/row_action.dart	reviewed	reported last line matches file length; model unverified; main session re-read high findings
frontend/appflowy_flutter/lib/plugins/database/widgets/row/row_banner.dart	reviewed	reported last line matches file length; model unverified; main session re-read high findings
frontend/appflowy_flutter/lib/plugins/database/widgets/row/row_detail.dart	reviewed	reported last line matches file length; model unverified; main session re-read high findings
frontend/appflowy_flutter/lib/plugins/database/widgets/row/row_document.dart	reviewed	reported last line matches file length; model unverified; main session re-read high findings
frontend/appflowy_flutter/lib/plugins/database/widgets/row/row_property.dart	reviewed	reported last line matches file length; model unverified; main session re-read high findings
frontend/appflowy_flutter/lib/plugins/database/widgets/setting/database_layout_selector.dart	reviewed	reported last line matches file length; model unverified; main session re-read high findings
frontend/appflowy_flutter/lib/plugins/database/widgets/setting/database_setting_action.dart	reviewed	reported last line matches file length; model unverified; main session re-read high findings
frontend/appflowy_flutter/lib/plugins/database/widgets/setting/database_settings_list.dart	reviewed	reported last line matches file length; model unverified; main session re-read high findings
frontend/appflowy_flutter/lib/plugins/database/widgets/setting/field_visibility_extension.dart	reviewed	reported last line matches file length; model unverified; main session re-read high findings
frontend/appflowy_flutter/lib/plugins/database/widgets/setting/mobile_database_controls.dart	reviewed	reported last line matches file length; model unverified; main session re-read high findings
frontend/appflowy_flutter/lib/plugins/database/widgets/setting/setting_button.dart	reviewed	reported last line matches file length; model unverified; main session re-read high findings
frontend/appflowy_flutter/lib/plugins/database/widgets/setting/setting_property_list.dart	reviewed	reported last line matches file length; model unverified; main session re-read high findings
frontend/appflowy_flutter/lib/plugins/database/widgets/share_button.dart	reviewed	reported last line matches file length; model unverified; main session re-read high findings
frontend/appflowy_flutter/lib/plugins/database_document/database_document_page.dart	reviewed	reported last line matches file length; model unverified; main session re-read high findings
frontend/appflowy_flutter/lib/plugins/database_document/database_document_plugin.dart	reviewed	reported last line matches file length; model unverified; main session re-read high findings
frontend/appflowy_flutter/lib/plugins/database_document/presentation/database_document_title.dart	reviewed	reported last line matches file length; model unverified; main session re-read high findings
frontend/appflowy_flutter/lib/plugins/database_document/presentation/database_document_title_bloc.dart	reviewed	reported last line matches file length; model unverified; main session re-read high findings
frontend/appflowy_flutter/lib/plugins/document/application/doc_sync_state_listener.dart	reviewed	reported last line matches file length; model unverified; main session re-read high findings
frontend/appflowy_flutter/lib/plugins/document/application/document_appearance_cubit.dart	reviewed	reported last line matches file length; model unverified; main session re-read high findings
frontend/appflowy_flutter/lib/plugins/document/application/document_awareness_metadata.dart	reviewed	reported last line matches file length; model unverified; main session re-read high findings
frontend/appflowy_flutter/lib/plugins/document/application/document_bloc.dart	reviewed	reported last line matches file length; model unverified; main session re-read high findings
frontend/appflowy_flutter/lib/plugins/document/application/document_collab_adapter.dart	reviewed	reported last line matches file length; model unverified; main session re-read high findings
frontend/appflowy_flutter/lib/plugins/document/application/document_collaborators_bloc.dart	reviewed	reported last line matches file length; model unverified; main session re-read high findings
frontend/appflowy_flutter/lib/plugins/document/application/document_data_pb_extension.dart	reviewed	reported last line matches file length; model unverified; main session re-read high findings
frontend/appflowy_flutter/lib/plugins/document/application/document_diff.dart	reviewed	reported last line matches file length; model unverified; main session re-read high findings
frontend/appflowy_flutter/lib/plugins/document/application/document_listener.dart	reviewed	reported last line matches file length; model unverified; main session re-read high findings
frontend/appflowy_flutter/lib/plugins/document/application/document_rules.dart	reviewed	reported last line matches file length; model unverified; main session re-read high findings
frontend/appflowy_flutter/lib/plugins/document/application/document_service.dart	reviewed	reported last line matches file length; model unverified; main session re-read high findings
frontend/appflowy_flutter/lib/plugins/document/application/document_sync_bloc.dart	reviewed	reported last line matches file length; model unverified; main session re-read high findings
frontend/appflowy_flutter/lib/plugins/document/application/document_validator.dart	reviewed	reported last line matches file length; model unverified; main session re-read high findings
frontend/appflowy_flutter/lib/plugins/document/application/editor_transaction_adapter.dart	reviewed	reported last line matches file length; model unverified; main session re-read high findings
frontend/appflowy_flutter/lib/plugins/document/application/prelude.dart	reviewed	reported last line matches file length; model unverified; main session re-read high findings
frontend/appflowy_flutter/lib/plugins/document/document.dart	reviewed	reported last line matches file length; model unverified; main session re-read high findings
frontend/appflowy_flutter/lib/plugins/document/document_page.dart	reviewed	reported last line matches file length; model unverified; main session re-read high findings
frontend/appflowy_flutter/lib/plugins/document/presentation/banner.dart	reviewed	reported last line matches file length; model unverified; main session re-read high findings
frontend/appflowy_flutter/lib/plugins/document/presentation/collaborator_avatar_stack.dart	reviewed	reported last line matches file length; model unverified; main session re-read high findings
frontend/appflowy_flutter/lib/plugins/document/presentation/compact_mode_event.dart	reviewed	reported last line matches file length; model unverified; main session re-read high findings
frontend/appflowy_flutter/lib/plugins/document/presentation/document_collaborators.dart	reviewed	reported last line matches file length; model unverified; main session re-read high findings
frontend/appflowy_flutter/lib/plugins/document/presentation/editor_configuration.dart	reviewed	reported last line matches file length; model unverified; main session re-read high findings
frontend/appflowy_flutter/lib/plugins/document/presentation/editor_drop_handler.dart	reviewed	reported last line matches file length; model unverified; main session re-read high findings
frontend/appflowy_flutter/lib/plugins/document/presentation/editor_drop_manager.dart	reviewed	reported last line matches file length; model unverified; main session re-read high findings
frontend/appflowy_flutter/lib/plugins/document/presentation/editor_notification.dart	reviewed	reported last line matches file length; model unverified; main session re-read high findings
frontend/appflowy_flutter/lib/plugins/document/presentation/editor_page.dart	reviewed	reported last line matches file length; model unverified; main session re-read high findings
frontend/appflowy_flutter/lib/plugins/document/presentation/editor_plugins/actions/block_action_add_button.dart	reviewed	reported last line matches file length; model unverified; main session re-read high findings
frontend/appflowy_flutter/lib/plugins/document/presentation/editor_plugins/actions/block_action_button.dart	reviewed	reported last line matches file length; model unverified; main session re-read high findings
frontend/appflowy_flutter/lib/plugins/document/presentation/editor_plugins/actions/block_action_list.dart	reviewed	reported last line matches file length; model unverified; main session re-read high findings
frontend/appflowy_flutter/lib/plugins/document/presentation/editor_plugins/actions/block_action_option_button.dart	reviewed	reported last line matches file length; model unverified; main session re-read high findings
frontend/appflowy_flutter/lib/plugins/document/presentation/editor_plugins/actions/block_action_option_cubit.dart	reviewed	reported last line matches file length; model unverified; main session re-read high findings
frontend/appflowy_flutter/lib/plugins/document/presentation/editor_plugins/actions/drag_to_reorder/draggable_option_button.dart	reviewed	reported last line matches file length; model unverified; main session re-read high findings
frontend/appflowy_flutter/lib/plugins/document/presentation/editor_plugins/actions/drag_to_reorder/draggable_option_button_feedback.dart	reviewed	reported last line matches file length; model unverified; main session re-read high findings
frontend/appflowy_flutter/lib/plugins/document/presentation/editor_plugins/actions/drag_to_reorder/option_button.dart	reviewed	reported last line matches file length; model unverified; main session re-read high findings
frontend/appflowy_flutter/lib/plugins/document/presentation/editor_plugins/actions/drag_to_reorder/util.dart	reviewed	reported last line matches file length; model unverified; main session re-read high findings
frontend/appflowy_flutter/lib/plugins/document/presentation/editor_plugins/actions/drag_to_reorder/visual_drag_area.dart	reviewed	reported last line matches file length; model unverified; main session re-read high findings
frontend/appflowy_flutter/lib/plugins/document/presentation/editor_plugins/actions/mobile_block_action_buttons.dart	reviewed	reported last line matches file length; model unverified; main session re-read high findings
frontend/appflowy_flutter/lib/plugins/document/presentation/editor_plugins/actions/option/align_option_action.dart	reviewed	reported last line matches file length; model unverified; main session re-read high findings
frontend/appflowy_flutter/lib/plugins/document/presentation/editor_plugins/actions/option/color_option_action.dart	reviewed	reported last line matches file length; model unverified; main session re-read high findings
frontend/appflowy_flutter/lib/plugins/document/presentation/editor_plugins/actions/option/depth_option_action.dart	reviewed	reported last line matches file length; model unverified; main session re-read high findings
frontend/appflowy_flutter/lib/plugins/document/presentation/editor_plugins/actions/option/divider_option_action.dart	reviewed	reported last line matches file length; model unverified; main session re-read high findings
frontend/appflowy_flutter/lib/plugins/document/presentation/editor_plugins/actions/option/option_actions.dart	reviewed	reported last line matches file length; model unverified; main session re-read high findings
frontend/appflowy_flutter/lib/plugins/document/presentation/editor_plugins/actions/option/turn_into_option_action.dart	reviewed	reported last line matches file length; model unverified; main session re-read high findings
frontend/appflowy_flutter/lib/plugins/document/presentation/editor_plugins/ai/ai_writer_block_component.dart	reviewed	reported last line matches file length; model unverified; main session re-read high findings
frontend/appflowy_flutter/lib/plugins/document/presentation/editor_plugins/ai/ai_writer_toolbar_item.dart	reviewed	reported last line matches file length; model unverified; main session re-read high findings
frontend/appflowy_flutter/lib/plugins/document/presentation/editor_plugins/ai/operations/ai_writer_block_operations.dart	reviewed	reported last line matches file length; model unverified; main session re-read high findings
frontend/appflowy_flutter/lib/plugins/document/presentation/editor_plugins/ai/operations/ai_writer_cubit.dart	reviewed	reported last line matches file length; model unverified; main session re-read high findings
frontend/appflowy_flutter/lib/plugins/document/presentation/editor_plugins/ai/operations/ai_writer_entities.dart	reviewed	reported last line matches file length; model unverified; main session re-read high findings
frontend/appflowy_flutter/lib/plugins/document/presentation/editor_plugins/ai/operations/ai_writer_node_extension.dart	reviewed	reported last line matches file length; model unverified; main session re-read high findings
frontend/appflowy_flutter/lib/plugins/document/presentation/editor_plugins/ai/widgets/ai_writer_gesture_detector.dart	reviewed	reported last line matches file length; model unverified; main session re-read high findings
frontend/appflowy_flutter/lib/plugins/document/presentation/editor_plugins/ai/widgets/ai_writer_prompt_input_more_button.dart	reviewed	reported last line matches file length; model unverified; main session re-read high findings
frontend/appflowy_flutter/lib/plugins/document/presentation/editor_plugins/ai/widgets/ai_writer_scroll_wrapper.dart	reviewed	reported last line matches file length; model unverified; main session re-read high findings
frontend/appflowy_flutter/lib/plugins/document/presentation/editor_plugins/ai/widgets/ai_writer_suggestion_actions.dart	reviewed	reported last line matches file length; model unverified; main session re-read high findings
frontend/appflowy_flutter/lib/plugins/document/presentation/editor_plugins/align_toolbar_item/align_toolbar_item.dart	reviewed	reported last line matches file length; model unverified; main session re-read high findings
frontend/appflowy_flutter/lib/plugins/document/presentation/editor_plugins/align_toolbar_item/custom_text_align_command.dart	reviewed	reported last line matches file length; model unverified; main session re-read high findings
frontend/appflowy_flutter/lib/plugins/document/presentation/editor_plugins/background_color/theme_background_color.dart	reviewed	reported last line matches file length; model unverified; main session re-read high findings
frontend/appflowy_flutter/lib/plugins/document/presentation/editor_plugins/base/backtick_character_command.dart	reviewed	reported last line matches file length; model unverified; main session re-read high findings
frontend/appflowy_flutter/lib/plugins/document/presentation/editor_plugins/base/build_context_extension.dart	reviewed	reported last line matches file length; model unverified; main session re-read high findings
frontend/appflowy_flutter/lib/plugins/document/presentation/editor_plugins/base/built_in_page_widget.dart	reviewed	reported last line matches file length; model unverified; main session re-read high findings
frontend/appflowy_flutter/lib/plugins/document/presentation/editor_plugins/base/cover_title_command.dart	reviewed	reported last line matches file length; model unverified; main session re-read high findings
frontend/appflowy_flutter/lib/plugins/document/presentation/editor_plugins/base/emoji_picker_button.dart	reviewed	reported last line matches file length; model unverified; main session re-read high findings
frontend/appflowy_flutter/lib/plugins/document/presentation/editor_plugins/base/font_colors.dart	reviewed	reported last line matches file length; model unverified; main session re-read high findings
frontend/appflowy_flutter/lib/plugins/document/presentation/editor_plugins/base/format_arrow_character.dart	reviewed	reported last line matches file length; model unverified; main session re-read high findings
frontend/appflowy_flutter/lib/plugins/document/presentation/editor_plugins/base/insert_page_command.dart	reviewed	reported last line matches file length; model unverified; main session re-read high findings
frontend/appflowy_flutter/lib/plugins/document/presentation/editor_plugins/base/link_to_page_widget.dart	reviewed	reported last line matches file length; model unverified; main session re-read high findings
frontend/appflowy_flutter/lib/plugins/document/presentation/editor_plugins/base/markdown_text_robot.dart	reviewed	reported last line matches file length; model unverified; main session re-read high findings
frontend/appflowy_flutter/lib/plugins/document/presentation/editor_plugins/base/page_reference_commands.dart	reviewed	reported last line matches file length; model unverified; main session re-read high findings
frontend/appflowy_flutter/lib/plugins/document/presentation/editor_plugins/base/selectable_item_list_menu.dart	reviewed	reported last line matches file length; model unverified; main session re-read high findings
frontend/appflowy_flutter/lib/plugins/document/presentation/editor_plugins/base/selectable_svg_widget.dart	reviewed	reported last line matches file length; model unverified; main session re-read high findings
frontend/appflowy_flutter/lib/plugins/document/presentation/editor_plugins/base/string_extension.dart	reviewed	reported last line matches file length; model unverified; main session re-read high findings
frontend/appflowy_flutter/lib/plugins/document/presentation/editor_plugins/base/text_robot.dart	reviewed	reported last line matches file length; model unverified; main session re-read high findings
frontend/appflowy_flutter/lib/plugins/document/presentation/editor_plugins/base/toolbar_extension.dart	reviewed	reported last line matches file length; model unverified; main session re-read high findings
frontend/appflowy_flutter/lib/plugins/document/presentation/editor_plugins/block_menu/block_menu_button.dart	reviewed	reported last line matches file length; model unverified; main session re-read high findings
frontend/appflowy_flutter/lib/plugins/document/presentation/editor_plugins/block_transaction_handler/block_transaction_handler.dart	reviewed	reported last line matches file length; model unverified; main session re-read high findings
frontend/appflowy_flutter/lib/plugins/document/presentation/editor_plugins/bulleted_list/bulleted_list_icon.dart	reviewed	reported last line matches file length; model unverified; main session re-read high findings
frontend/appflowy_flutter/lib/plugins/document/presentation/editor_plugins/callout/callout_block_component.dart	reviewed	reported last line matches file length; model unverified; main session re-read high findings
frontend/appflowy_flutter/lib/plugins/document/presentation/editor_plugins/callout/callout_block_shortcuts.dart	reviewed	reported last line matches file length; model unverified; main session re-read high findings
frontend/appflowy_flutter/lib/plugins/document/presentation/editor_plugins/code_block/code_block_copy_button.dart	reviewed	reported last line matches file length; model unverified; main session re-read high findings
frontend/appflowy_flutter/lib/plugins/document/presentation/editor_plugins/code_block/code_block_language_selector.dart	reviewed	reported last line matches file length; model unverified; main session re-read high findings
frontend/appflowy_flutter/lib/plugins/document/presentation/editor_plugins/code_block/code_block_menu_item.dart	reviewed	reported last line matches file length; model unverified; main session re-read high findings
frontend/appflowy_flutter/lib/plugins/document/presentation/editor_plugins/code_block/code_language_screen.dart	reviewed	reported last line matches file length; model unverified; main session re-read high findings
frontend/appflowy_flutter/lib/plugins/document/presentation/editor_plugins/columns/simple_column_block_component.dart	reviewed	reported last line matches file length; model unverified; main session re-read high findings
frontend/appflowy_flutter/lib/plugins/document/presentation/editor_plugins/columns/simple_column_block_width_resizer.dart	reviewed	reported last line matches file length; model unverified; main session re-read high findings
frontend/appflowy_flutter/lib/plugins/document/presentation/editor_plugins/columns/simple_column_node_extension.dart	reviewed	reported last line matches file length; model unverified; main session re-read high findings
frontend/appflowy_flutter/lib/plugins/document/presentation/editor_plugins/columns/simple_columns_block_component.dart	reviewed	reported last line matches file length; model unverified; main session re-read high findings
frontend/appflowy_flutter/lib/plugins/document/presentation/editor_plugins/columns/simple_columns_block_constant.dart	reviewed	reported last line matches file length; model unverified; main session re-read high findings
frontend/appflowy_flutter/lib/plugins/document/presentation/editor_plugins/context_menu/custom_context_menu.dart	reviewed	reported last line matches file length; model unverified; main session re-read high findings
frontend/appflowy_flutter/lib/plugins/document/presentation/editor_plugins/copy_and_paste/clipboard_service.dart	reviewed	reported last line matches file length; model unverified; main session re-read high findings
frontend/appflowy_flutter/lib/plugins/document/presentation/editor_plugins/copy_and_paste/custom_copy_command.dart	reviewed	reported last line matches file length; model unverified; main session re-read high findings
frontend/appflowy_flutter/lib/plugins/document/presentation/editor_plugins/copy_and_paste/custom_cut_command.dart	reviewed	reported last line matches file length; model unverified; main session re-read high findings
frontend/appflowy_flutter/lib/plugins/document/presentation/editor_plugins/copy_and_paste/custom_paste_command.dart	reviewed	reported last line matches file length; model unverified; main session re-read high findings
frontend/appflowy_flutter/lib/plugins/document/presentation/editor_plugins/copy_and_paste/paste_from_block_link.dart	reviewed	reported last line matches file length; model unverified; main session re-read high findings
frontend/appflowy_flutter/lib/plugins/document/presentation/editor_plugins/copy_and_paste/paste_from_file.dart	reviewed	reported last line matches file length; model unverified; main session re-read high findings
frontend/appflowy_flutter/lib/plugins/document/presentation/editor_plugins/copy_and_paste/paste_from_html.dart	reviewed	reported last line matches file length; model unverified; main session re-read high findings
frontend/appflowy_flutter/lib/plugins/document/presentation/editor_plugins/copy_and_paste/paste_from_image.dart	reviewed	reported last line matches file length; model unverified; main session re-read high findings
frontend/appflowy_flutter/lib/plugins/document/presentation/editor_plugins/copy_and_paste/paste_from_in_app_json.dart	reviewed	reported last line matches file length; model unverified; main session re-read high findings
frontend/appflowy_flutter/lib/plugins/document/presentation/editor_plugins/copy_and_paste/paste_from_plain_text.dart	reviewed	reported last line matches file length; model unverified; main session re-read high findings
frontend/appflowy_flutter/lib/plugins/document/presentation/editor_plugins/cover/document_immersive_cover.dart	reviewed	reported last line matches file length; model unverified; main session re-read high findings
frontend/appflowy_flutter/lib/plugins/document/presentation/editor_plugins/cover/document_immersive_cover_bloc.dart	reviewed	reported last line matches file length; model unverified; main session re-read high findings
frontend/appflowy_flutter/lib/plugins/document/presentation/editor_plugins/database/database_view_block_component.dart	reviewed	reported last line matches file length; model unverified; main session re-read high findings
frontend/appflowy_flutter/lib/plugins/document/presentation/editor_plugins/database/inline_database_menu_item.dart	reviewed	reported last line matches file length; model unverified; main session re-read high findings
frontend/appflowy_flutter/lib/plugins/document/presentation/editor_plugins/database/referenced_database_menu_item.dart	reviewed	reported last line matches file length; model unverified; main session re-read high findings
frontend/appflowy_flutter/lib/plugins/document/presentation/editor_plugins/delta/text_delta_extension.dart	reviewed	reported last line matches file length; model unverified; main session re-read high findings
frontend/appflowy_flutter/lib/plugins/document/presentation/editor_plugins/desktop_toolbar/color_picker.dart	reviewed	reported last line matches file length; model unverified; main session re-read high findings
frontend/appflowy_flutter/lib/plugins/document/presentation/editor_plugins/desktop_toolbar/desktop_floating_toolbar.dart	reviewed	reported last line matches file length; model unverified; main session re-read high findings
frontend/appflowy_flutter/lib/plugins/document/presentation/editor_plugins/desktop_toolbar/link/link_create_menu.dart	reviewed	reported last line matches file length; model unverified; main session re-read high findings
frontend/appflowy_flutter/lib/plugins/document/presentation/editor_plugins/desktop_toolbar/link/link_edit_menu.dart	reviewed	reported last line matches file length; model unverified; main session re-read high findings
frontend/appflowy_flutter/lib/plugins/document/presentation/editor_plugins/desktop_toolbar/link/link_extension.dart	reviewed	reported last line matches file length; model unverified; main session re-read high findings
frontend/appflowy_flutter/lib/plugins/document/presentation/editor_plugins/desktop_toolbar/link/link_hover_menu.dart	reviewed	reported last line matches file length; model unverified; main session re-read high findings
frontend/appflowy_flutter/lib/plugins/document/presentation/editor_plugins/desktop_toolbar/link/link_replace_menu.dart	reviewed	reported last line matches file length; model unverified; main session re-read high findings
frontend/appflowy_flutter/lib/plugins/document/presentation/editor_plugins/desktop_toolbar/link/link_search_text_field.dart	reviewed	reported last line matches file length; model unverified; main session re-read high findings
frontend/appflowy_flutter/lib/plugins/document/presentation/editor_plugins/desktop_toolbar/link/link_styles.dart	reviewed	reported last line matches file length; model unverified; main session re-read high findings
frontend/appflowy_flutter/lib/plugins/document/presentation/editor_plugins/desktop_toolbar/toolbar_animation.dart	reviewed	reported last line matches file length; model unverified; main session re-read high findings
frontend/appflowy_flutter/lib/plugins/document/presentation/editor_plugins/error/error_block_component_builder.dart	reviewed	reported last line matches file length; model unverified; main session re-read high findings
frontend/appflowy_flutter/lib/plugins/document/presentation/editor_plugins/extensions/flowy_tint_extension.dart	reviewed	reported last line matches file length; model unverified; main session re-read high findings
frontend/appflowy_flutter/lib/plugins/document/presentation/editor_plugins/file/file_block.dart	reviewed	reported last line matches file length; model unverified; main session re-read high findings
frontend/appflowy_flutter/lib/plugins/document/presentation/editor_plugins/file/file_block_component.dart	reviewed	reported last line matches file length; model unverified; main session re-read high findings
frontend/appflowy_flutter/lib/plugins/document/presentation/editor_plugins/file/file_block_menu.dart	reviewed	reported last line matches file length; model unverified; main session re-read high findings
frontend/appflowy_flutter/lib/plugins/document/presentation/editor_plugins/file/file_selection_menu.dart	reviewed	reported last line matches file length; model unverified; main session re-read high findings
frontend/appflowy_flutter/lib/plugins/document/presentation/editor_plugins/file/file_upload_menu.dart	reviewed	reported last line matches file length; model unverified; main session re-read high findings
frontend/appflowy_flutter/lib/plugins/document/presentation/editor_plugins/file/file_util.dart	reviewed	reported last line matches file length; model unverified; main session re-read high findings
frontend/appflowy_flutter/lib/plugins/document/presentation/editor_plugins/file/mobile_file_upload_menu.dart	reviewed	reported last line matches file length; model unverified; main session re-read high findings
frontend/appflowy_flutter/lib/plugins/document/presentation/editor_plugins/find_and_replace/find_and_replace_menu.dart	reviewed	reported last line matches file length; model unverified; main session re-read high findings
frontend/appflowy_flutter/lib/plugins/document/presentation/editor_plugins/font/customize_font_toolbar_item.dart	reviewed	reported last line matches file length; model unverified; main session re-read high findings
frontend/appflowy_flutter/lib/plugins/document/presentation/editor_plugins/header/cover_editor.dart	reviewed	reported last line matches file length; model unverified; main session re-read high findings
frontend/appflowy_flutter/lib/plugins/document/presentation/editor_plugins/header/cover_editor_bloc.dart	reviewed	reported last line matches file length; model unverified; main session re-read high findings
frontend/appflowy_flutter/lib/plugins/document/presentation/editor_plugins/header/cover_title.dart	reviewed	reported last line matches file length; model unverified; main session re-read high findings
frontend/appflowy_flutter/lib/plugins/document/presentation/editor_plugins/header/custom_cover_picker.dart	reviewed	reported last line matches file length; model unverified; main session re-read high findings
frontend/appflowy_flutter/lib/plugins/document/presentation/editor_plugins/header/custom_cover_picker_bloc.dart	reviewed	reported last line matches file length; model unverified; main session re-read high findings
frontend/appflowy_flutter/lib/plugins/document/presentation/editor_plugins/header/desktop_cover.dart	reviewed	reported last line matches file length; model unverified; main session re-read high findings
frontend/appflowy_flutter/lib/plugins/document/presentation/editor_plugins/header/document_cover_widget.dart	reviewed	reported last line matches file length; model unverified; main session re-read high findings
frontend/appflowy_flutter/lib/plugins/document/presentation/editor_plugins/header/emoji_icon_widget.dart	reviewed	reported last line matches file length; model unverified; main session re-read high findings
frontend/appflowy_flutter/lib/plugins/document/presentation/editor_plugins/heading/heading_toolbar_item.dart	reviewed	reported last line matches file length; model unverified; main session re-read high findings
frontend/appflowy_flutter/lib/plugins/document/presentation/editor_plugins/i18n/editor_i18n.dart	reviewed	reported last line matches file length; model unverified; main session re-read high findings
frontend/appflowy_flutter/lib/plugins/document/presentation/editor_plugins/image/common.dart	reviewed	reported last line matches file length; model unverified; main session re-read high findings
frontend/appflowy_flutter/lib/plugins/document/presentation/editor_plugins/image/custom_image_block_component/custom_image_block_component.dart	reviewed	reported last line matches file length; model unverified; main session re-read high findings
frontend/appflowy_flutter/lib/plugins/document/presentation/editor_plugins/image/custom_image_block_component/image_menu.dart	reviewed	reported last line matches file length; model unverified; main session re-read high findings
frontend/appflowy_flutter/lib/plugins/document/presentation/editor_plugins/image/custom_image_block_component/unsupport_image_widget.dart	reviewed	reported last line matches file length; model unverified; main session re-read high findings
frontend/appflowy_flutter/lib/plugins/document/presentation/editor_plugins/image/image_picker_screen.dart	reviewed	reported last line matches file length; model unverified; main session re-read high findings
frontend/appflowy_flutter/lib/plugins/document/presentation/editor_plugins/image/image_placeholder.dart	reviewed	reported last line matches file length; model unverified; main session re-read high findings
frontend/appflowy_flutter/lib/plugins/document/presentation/editor_plugins/image/image_selection_menu.dart	reviewed	reported last line matches file length; model unverified; main session re-read high findings
frontend/appflowy_flutter/lib/plugins/document/presentation/editor_plugins/image/image_util.dart	reviewed	reported last line matches file length; model unverified; main session re-read high findings
frontend/appflowy_flutter/lib/plugins/document/presentation/editor_plugins/image/mobile_image_toolbar_item.dart	reviewed	reported last line matches file length; model unverified; main session re-read high findings
frontend/appflowy_flutter/lib/plugins/document/presentation/editor_plugins/image/multi_image_block_component/image_render.dart	reviewed	reported last line matches file length; model unverified; main session re-read high findings
frontend/appflowy_flutter/lib/plugins/document/presentation/editor_plugins/image/multi_image_block_component/layouts/image_browser_layout.dart	reviewed	reported last line matches file length; model unverified; main session re-read high findings
frontend/appflowy_flutter/lib/plugins/document/presentation/editor_plugins/image/multi_image_block_component/layouts/image_grid_layout.dart	reviewed	reported last line matches file length; model unverified; main session re-read high findings
frontend/appflowy_flutter/lib/plugins/document/presentation/editor_plugins/image/multi_image_block_component/layouts/multi_image_layouts.dart	reviewed	reported last line matches file length; model unverified; main session re-read high findings
frontend/appflowy_flutter/lib/plugins/document/presentation/editor_plugins/image/multi_image_block_component/multi_image_block_component.dart	reviewed	reported last line matches file length; model unverified; main session re-read high findings
frontend/appflowy_flutter/lib/plugins/document/presentation/editor_plugins/image/multi_image_block_component/multi_image_menu.dart	reviewed	reported last line matches file length; model unverified; main session re-read high findings
frontend/appflowy_flutter/lib/plugins/document/presentation/editor_plugins/image/multi_image_block_component/multi_image_placeholder.dart	reviewed	reported last line matches file length; model unverified; main session re-read high findings
frontend/appflowy_flutter/lib/plugins/document/presentation/editor_plugins/image/resizeable_image.dart	reviewed	reported last line matches file length; model unverified; main session re-read high findings
frontend/appflowy_flutter/lib/plugins/document/presentation/editor_plugins/image/unsplash_image_widget.dart	reviewed	reported last line matches file length; model unverified; main session re-read high findings
frontend/appflowy_flutter/lib/plugins/document/presentation/editor_plugins/image/upload_image_menu/upload_image_menu.dart	reviewed	reported last line matches file length; model unverified; main session re-read high findings
frontend/appflowy_flutter/lib/plugins/document/presentation/editor_plugins/image/upload_image_menu/widgets/embed_image_url_widget.dart	reviewed	reported last line matches file length; model unverified; main session re-read high findings
frontend/appflowy_flutter/lib/plugins/document/presentation/editor_plugins/image/upload_image_menu/widgets/upload_image_file_widget.dart	reviewed	reported last line matches file length; model unverified; main session re-read high findings
frontend/appflowy_flutter/lib/plugins/document/presentation/editor_plugins/inline_math_equation/inline_math_equation.dart	reviewed	reported last line matches file length; model unverified; main session re-read high findings
frontend/appflowy_flutter/lib/plugins/document/presentation/editor_plugins/inline_math_equation/inline_math_equation_toolbar_item.dart	reviewed	reported last line matches file length; model unverified; main session re-read high findings
frontend/appflowy_flutter/lib/plugins/document/presentation/editor_plugins/keyboard_interceptor/keyboard_interceptor.dart	reviewed	reported last line matches file length; model unverified; main session re-read high findings
frontend/appflowy_flutter/lib/plugins/document/presentation/editor_plugins/link_embed/link_embed_block_component.dart	reviewed	reported last line matches file length; model unverified; main session re-read high findings
frontend/appflowy_flutter/lib/plugins/document/presentation/editor_plugins/link_embed/link_embed_menu.dart	reviewed	reported last line matches file length; model unverified; main session re-read high findings
frontend/appflowy_flutter/lib/plugins/document/presentation/editor_plugins/link_preview/custom_link_parser.dart	reviewed	reported last line matches file length; model unverified; main session re-read high findings
frontend/appflowy_flutter/lib/plugins/document/presentation/editor_plugins/link_preview/custom_link_preview.dart	reviewed	reported last line matches file length; model unverified; main session re-read high findings
frontend/appflowy_flutter/lib/plugins/document/presentation/editor_plugins/link_preview/custom_link_preview_block_component.dart	reviewed	reported last line matches file length; model unverified; main session re-read high findings
frontend/appflowy_flutter/lib/plugins/document/presentation/editor_plugins/link_preview/default_selectable_mixin.dart	reviewed	reported last line matches file length; model unverified; main session re-read high findings
frontend/appflowy_flutter/lib/plugins/document/presentation/editor_plugins/link_preview/link_parsers/default_parser.dart	reviewed	reported last line matches file length; model unverified; main session re-read high findings
frontend/appflowy_flutter/lib/plugins/document/presentation/editor_plugins/link_preview/link_parsers/youtube_parser.dart	reviewed	reported last line matches file length; model unverified; main session re-read high findings
frontend/appflowy_flutter/lib/plugins/document/presentation/editor_plugins/link_preview/link_preview_menu.dart	reviewed	reported last line matches file length; model unverified; main session re-read high findings
frontend/appflowy_flutter/lib/plugins/document/presentation/editor_plugins/link_preview/paste_as/paste_as_menu.dart	reviewed	reported last line matches file length; model unverified; main session re-read high findings
frontend/appflowy_flutter/lib/plugins/document/presentation/editor_plugins/link_preview/shared.dart	reviewed	reported last line matches file length; model unverified; main session re-read high findings
frontend/appflowy_flutter/lib/plugins/document/presentation/editor_plugins/math_equation/math_equation_block_component.dart	reviewed	reported last line matches file length; model unverified; main session re-read high findings
frontend/appflowy_flutter/lib/plugins/document/presentation/editor_plugins/math_equation/math_equation_shortcut.dart	reviewed	reported last line matches file length; model unverified; main session re-read high findings
frontend/appflowy_flutter/lib/plugins/document/presentation/editor_plugins/math_equation/mobile_math_equation_toolbar_item.dart	reviewed	reported last line matches file length; model unverified; main session re-read high findings
frontend/appflowy_flutter/lib/plugins/document/presentation/editor_plugins/mention/child_page_transaction_handler.dart	reviewed	reported last line matches file length; model unverified; main session re-read high findings
frontend/appflowy_flutter/lib/plugins/document/presentation/editor_plugins/mention/date_transaction_handler.dart	reviewed	reported last line matches file length; model unverified; main session re-read high findings
frontend/appflowy_flutter/lib/plugins/document/presentation/editor_plugins/mention/mention_block.dart	reviewed	reported last line matches file length; model unverified; main session re-read high findings
frontend/appflowy_flutter/lib/plugins/document/presentation/editor_plugins/mention/mention_date_block.dart	reviewed	reported last line matches file length; model unverified; main session re-read high findings
frontend/appflowy_flutter/lib/plugins/document/presentation/editor_plugins/mention/mention_link_block.dart	reviewed	reported last line matches file length; model unverified; main session re-read high findings
frontend/appflowy_flutter/lib/plugins/document/presentation/editor_plugins/mention/mention_link_error_preview.dart	reviewed	reported last line matches file length; model unverified; main session re-read high findings
frontend/appflowy_flutter/lib/plugins/document/presentation/editor_plugins/mention/mention_link_preview.dart	reviewed	reported last line matches file length; model unverified; main session re-read high findings
frontend/appflowy_flutter/lib/plugins/document/presentation/editor_plugins/mention/mention_page_bloc.dart	reviewed	reported last line matches file length; model unverified; main session re-read high findings
frontend/appflowy_flutter/lib/plugins/document/presentation/editor_plugins/mention/mention_page_block.dart	reviewed	reported last line matches file length; model unverified; main session re-read high findings
frontend/appflowy_flutter/lib/plugins/document/presentation/editor_plugins/mention/mobile_page_selector_sheet.dart	reviewed	reported last line matches file length; model unverified; main session re-read high findings
frontend/appflowy_flutter/lib/plugins/document/presentation/editor_plugins/menu/menu_extension.dart	reviewed	reported last line matches file length; model unverified; main session re-read high findings
frontend/appflowy_flutter/lib/plugins/document/presentation/editor_plugins/migration/editor_migration.dart	reviewed	reported last line matches file length; model unverified; main session re-read high findings
frontend/appflowy_flutter/lib/plugins/document/presentation/editor_plugins/mobile_floating_toolbar/custom_mobile_floating_toolbar.dart	reviewed	reported last line matches file length; model unverified; main session re-read high findings
frontend/appflowy_flutter/lib/plugins/document/presentation/editor_plugins/mobile_toolbar_item/mobile_add_block_toolbar_item.dart	reviewed	reported last line matches file length; model unverified; main session re-read high findings
frontend/appflowy_flutter/lib/plugins/document/presentation/editor_plugins/mobile_toolbar_item/mobile_block_settings_screen.dart	reviewed	reported last line matches file length; model unverified; main session re-read high findings
frontend/appflowy_flutter/lib/plugins/document/presentation/editor_plugins/mobile_toolbar_v3/_get_selection_color.dart	reviewed	reported last line matches file length; model unverified; main session re-read high findings
frontend/appflowy_flutter/lib/plugins/document/presentation/editor_plugins/mobile_toolbar_v3/aa_menu/_align_items.dart	reviewed	reported last line matches file length; model unverified; main session re-read high findings
frontend/appflowy_flutter/lib/plugins/document/presentation/editor_plugins/mobile_toolbar_v3/aa_menu/_bius_items.dart	reviewed	reported last line matches file length; model unverified; main session re-read high findings
frontend/appflowy_flutter/lib/plugins/document/presentation/editor_plugins/mobile_toolbar_v3/aa_menu/_block_items.dart	reviewed	reported last line matches file length; model unverified; main session re-read high findings
frontend/appflowy_flutter/lib/plugins/document/presentation/editor_plugins/mobile_toolbar_v3/aa_menu/_close_keyboard_or_menu_button.dart	reviewed	reported last line matches file length; model unverified; main session re-read high findings
frontend/appflowy_flutter/lib/plugins/document/presentation/editor_plugins/mobile_toolbar_v3/aa_menu/_color_item.dart	reviewed	reported last line matches file length; model unverified; main session re-read high findings
frontend/appflowy_flutter/lib/plugins/document/presentation/editor_plugins/mobile_toolbar_v3/aa_menu/_color_list.dart	reviewed	reported last line matches file length; model unverified; main session re-read high findings
frontend/appflowy_flutter/lib/plugins/document/presentation/editor_plugins/mobile_toolbar_v3/aa_menu/_font_item.dart	reviewed	reported last line matches file length; model unverified; main session re-read high findings
frontend/appflowy_flutter/lib/plugins/document/presentation/editor_plugins/mobile_toolbar_v3/aa_menu/_heading_and_text_items.dart	reviewed	reported last line matches file length; model unverified; main session re-read high findings
frontend/appflowy_flutter/lib/plugins/document/presentation/editor_plugins/mobile_toolbar_v3/aa_menu/_indent_items.dart	reviewed	reported last line matches file length; model unverified; main session re-read high findings
frontend/appflowy_flutter/lib/plugins/document/presentation/editor_plugins/mobile_toolbar_v3/aa_menu/_menu_item.dart	reviewed	reported last line matches file length; model unverified; main session re-read high findings
frontend/appflowy_flutter/lib/plugins/document/presentation/editor_plugins/mobile_toolbar_v3/aa_menu/_popup_menu.dart	reviewed	reported last line matches file length; model unverified; main session re-read high findings
frontend/appflowy_flutter/lib/plugins/document/presentation/editor_plugins/mobile_toolbar_v3/aa_menu/_toolbar_theme.dart	reviewed	reported last line matches file length; model unverified; main session re-read high findings
frontend/appflowy_flutter/lib/plugins/document/presentation/editor_plugins/mobile_toolbar_v3/aa_toolbar_item.dart	reviewed	reported last line matches file length; model unverified; main session re-read high findings
frontend/appflowy_flutter/lib/plugins/document/presentation/editor_plugins/mobile_toolbar_v3/add_attachment_item.dart	reviewed	reported last line matches file length; model unverified; main session re-read high findings
frontend/appflowy_flutter/lib/plugins/document/presentation/editor_plugins/mobile_toolbar_v3/add_block_menu_item_builder.dart	reviewed	reported last line matches file length; model unverified; main session re-read high findings
frontend/appflowy_flutter/lib/plugins/document/presentation/editor_plugins/mobile_toolbar_v3/add_block_toolbar_item.dart	reviewed	reported last line matches file length; model unverified; main session re-read high findings
frontend/appflowy_flutter/lib/plugins/document/presentation/editor_plugins/mobile_toolbar_v3/appflowy_mobile_toolbar.dart	reviewed	reported last line matches file length; model unverified; main session re-read high findings
frontend/appflowy_flutter/lib/plugins/document/presentation/editor_plugins/mobile_toolbar_v3/appflowy_mobile_toolbar_item.dart	reviewed	reported last line matches file length; model unverified; main session re-read high findings
frontend/appflowy_flutter/lib/plugins/document/presentation/editor_plugins/mobile_toolbar_v3/basic_toolbar_item.dart	reviewed	reported last line matches file length; model unverified; main session re-read high findings
frontend/appflowy_flutter/lib/plugins/document/presentation/editor_plugins/mobile_toolbar_v3/indent_outdent_toolbar_item.dart	reviewed	reported last line matches file length; model unverified; main session re-read high findings
frontend/appflowy_flutter/lib/plugins/document/presentation/editor_plugins/mobile_toolbar_v3/keyboard_height_observer.dart	reviewed	reported last line matches file length; model unverified; main session re-read high findings
frontend/appflowy_flutter/lib/plugins/document/presentation/editor_plugins/mobile_toolbar_v3/link_toolbar_item.dart	reviewed	reported last line matches file length; model unverified; main session re-read high findings
frontend/appflowy_flutter/lib/plugins/document/presentation/editor_plugins/mobile_toolbar_v3/list_toolbar_item.dart	reviewed	reported last line matches file length; model unverified; main session re-read high findings
frontend/appflowy_flutter/lib/plugins/document/presentation/editor_plugins/mobile_toolbar_v3/more_toolbar_item.dart	reviewed	reported last line matches file length; model unverified; main session re-read high findings
frontend/appflowy_flutter/lib/plugins/document/presentation/editor_plugins/mobile_toolbar_v3/toolbar_item_builder.dart	reviewed	reported last line matches file length; model unverified; main session re-read high findings
frontend/appflowy_flutter/lib/plugins/document/presentation/editor_plugins/mobile_toolbar_v3/undo_redo_toolbar_item.dart	reviewed	reported last line matches file length; model unverified; main session re-read high findings
frontend/appflowy_flutter/lib/plugins/document/presentation/editor_plugins/mobile_toolbar_v3/util.dart	reviewed	reported last line matches file length; model unverified; main session re-read high findings
frontend/appflowy_flutter/lib/plugins/document/presentation/editor_plugins/numbered_list/numbered_list_icon.dart	reviewed	reported last line matches file length; model unverified; main session re-read high findings
frontend/appflowy_flutter/lib/plugins/document/presentation/editor_plugins/outline/outline_block_component.dart	reviewed	reported last line matches file length; model unverified; main session re-read high findings
frontend/appflowy_flutter/lib/plugins/document/presentation/editor_plugins/page_block/custom_page_block_component.dart	reviewed	reported last line matches file length; model unverified; main session re-read high findings
frontend/appflowy_flutter/lib/plugins/document/presentation/editor_plugins/page_style/_page_cover_bottom_sheet.dart	reviewed	reported last line matches file length; model unverified; main session re-read high findings
frontend/appflowy_flutter/lib/plugins/document/presentation/editor_plugins/page_style/_page_style_cover_image.dart	reviewed	reported last line matches file length; model unverified; main session re-read high findings
frontend/appflowy_flutter/lib/plugins/document/presentation/editor_plugins/page_style/_page_style_icon.dart	reviewed	reported last line matches file length; model unverified; main session re-read high findings
frontend/appflowy_flutter/lib/plugins/document/presentation/editor_plugins/page_style/_page_style_icon_bloc.dart	reviewed	reported last line matches file length; model unverified; main session re-read high findings
frontend/appflowy_flutter/lib/plugins/document/presentation/editor_plugins/page_style/_page_style_layout.dart	reviewed	reported last line matches file length; model unverified; main session re-read high findings
frontend/appflowy_flutter/lib/plugins/document/presentation/editor_plugins/page_style/_page_style_util.dart	reviewed	reported last line matches file length; model unverified; main session re-read high findings
frontend/appflowy_flutter/lib/plugins/document/presentation/editor_plugins/page_style/page_style_bottom_sheet.dart	reviewed	reported last line matches file length; model unverified; main session re-read high findings
frontend/appflowy_flutter/lib/plugins/document/presentation/editor_plugins/parsers/callout_node_parser.dart	reviewed	reported last line matches file length; model unverified; main session re-read high findings
frontend/appflowy_flutter/lib/plugins/document/presentation/editor_plugins/parsers/custom_image_node_parser.dart	reviewed	reported last line matches file length; model unverified; main session re-read high findings
frontend/appflowy_flutter/lib/plugins/document/presentation/editor_plugins/parsers/custom_paragraph_node_parser.dart	reviewed	reported last line matches file length; model unverified; main session re-read high findings
frontend/appflowy_flutter/lib/plugins/document/presentation/editor_plugins/parsers/database_node_parser.dart	reviewed	reported last line matches file length; model unverified; main session re-read high findings
frontend/appflowy_flutter/lib/plugins/document/presentation/editor_plugins/parsers/document_markdown_parsers.dart	reviewed	reported last line matches file length; model unverified; main session re-read high findings
frontend/appflowy_flutter/lib/plugins/document/presentation/editor_plugins/parsers/file_block_node_parser.dart	reviewed	reported last line matches file length; model unverified; main session re-read high findings
frontend/appflowy_flutter/lib/plugins/document/presentation/editor_plugins/parsers/link_preview_node_parser.dart	reviewed	reported last line matches file length; model unverified; main session re-read high findings
frontend/appflowy_flutter/lib/plugins/document/presentation/editor_plugins/parsers/markdown_code_parser.dart	reviewed	reported last line matches file length; model unverified; main session re-read high findings
frontend/appflowy_flutter/lib/plugins/document/presentation/editor_plugins/parsers/markdown_parsers.dart	reviewed	reported last line matches file length; model unverified; main session re-read high findings
frontend/appflowy_flutter/lib/plugins/document/presentation/editor_plugins/parsers/markdown_simple_table_parser.dart	reviewed	reported last line matches file length; model unverified; main session re-read high findings
frontend/appflowy_flutter/lib/plugins/document/presentation/editor_plugins/parsers/math_equation_node_parser.dart	reviewed	reported last line matches file length; model unverified; main session re-read high findings
frontend/appflowy_flutter/lib/plugins/document/presentation/editor_plugins/parsers/simple_table_node_parser.dart	reviewed	reported last line matches file length; model unverified; main session re-read high findings
frontend/appflowy_flutter/lib/plugins/document/presentation/editor_plugins/parsers/sub_page_node_parser.dart	reviewed	reported last line matches file length; model unverified; main session re-read high findings
frontend/appflowy_flutter/lib/plugins/document/presentation/editor_plugins/parsers/toggle_list_node_parser.dart	reviewed	reported last line matches file length; model unverified; main session re-read high findings
frontend/appflowy_flutter/lib/plugins/document/presentation/editor_plugins/plugins.dart	reviewed	reported last line matches file length; model unverified; main session re-read high findings
frontend/appflowy_flutter/lib/plugins/document/presentation/editor_plugins/quote/quote_block_component.dart	reviewed	reported last line matches file length; model unverified; main session re-read high findings
frontend/appflowy_flutter/lib/plugins/document/presentation/editor_plugins/quote/quote_block_shortcuts.dart	reviewed	reported last line matches file length; model unverified; main session re-read high findings
frontend/appflowy_flutter/lib/plugins/document/presentation/editor_plugins/shared_context/shared_context.dart	reviewed	reported last line matches file length; model unverified; main session re-read high findings
frontend/appflowy_flutter/lib/plugins/document/presentation/editor_plugins/shortcuts/character_shortcuts.dart	reviewed	reported last line matches file length; model unverified; main session re-read high findings
frontend/appflowy_flutter/lib/plugins/document/presentation/editor_plugins/shortcuts/command_shortcuts.dart	reviewed	reported last line matches file length; model unverified; main session re-read high findings
frontend/appflowy_flutter/lib/plugins/document/presentation/editor_plugins/shortcuts/custom_delete_command.dart	reviewed	reported last line matches file length; model unverified; main session re-read high findings
frontend/appflowy_flutter/lib/plugins/document/presentation/editor_plugins/shortcuts/exit_edit_mode_command.dart	reviewed	reported last line matches file length; model unverified; main session re-read high findings
frontend/appflowy_flutter/lib/plugins/document/presentation/editor_plugins/shortcuts/heading_block_shortcuts.dart	reviewed	reported last line matches file length; model unverified; main session re-read high findings
frontend/appflowy_flutter/lib/plugins/document/presentation/editor_plugins/shortcuts/numbered_list_block_shortcuts.dart	reviewed	reported last line matches file length; model unverified; main session re-read high findings
frontend/appflowy_flutter/lib/plugins/document/presentation/editor_plugins/simple_table/simple_table.dart	reviewed	reported last line matches file length; model unverified; main session re-read high findings
frontend/appflowy_flutter/lib/plugins/document/presentation/editor_plugins/simple_table/simple_table_block_component.dart	reviewed	reported last line matches file length; model unverified; main session re-read high findings
frontend/appflowy_flutter/lib/plugins/document/presentation/editor_plugins/simple_table/simple_table_cell_block_component.dart	reviewed	reported last line matches file length; model unverified; main session re-read high findings
frontend/appflowy_flutter/lib/plugins/document/presentation/editor_plugins/simple_table/simple_table_constants.dart	reviewed	reported last line matches file length; model unverified; main session re-read high findings
frontend/appflowy_flutter/lib/plugins/document/presentation/editor_plugins/simple_table/simple_table_more_action.dart	reviewed	reported last line matches file length; model unverified; main session re-read high findings
frontend/appflowy_flutter/lib/plugins/document/presentation/editor_plugins/simple_table/simple_table_operations/simple_table_content_operation.dart	reviewed	reported last line matches file length; model unverified; main session re-read high findings
frontend/appflowy_flutter/lib/plugins/document/presentation/editor_plugins/simple_table/simple_table_operations/simple_table_delete_operation.dart	reviewed	reported last line matches file length; model unverified; main session re-read high findings
frontend/appflowy_flutter/lib/plugins/document/presentation/editor_plugins/simple_table/simple_table_operations/simple_table_duplicate_operation.dart	reviewed	reported last line matches file length; model unverified; main session re-read high findings
frontend/appflowy_flutter/lib/plugins/document/presentation/editor_plugins/simple_table/simple_table_operations/simple_table_header_operation.dart	reviewed	reported last line matches file length; model unverified; main session re-read high findings
frontend/appflowy_flutter/lib/plugins/document/presentation/editor_plugins/simple_table/simple_table_operations/simple_table_insert_operation.dart	reviewed	reported last line matches file length; model unverified; main session re-read high findings
frontend/appflowy_flutter/lib/plugins/document/presentation/editor_plugins/simple_table/simple_table_operations/simple_table_map_operation.dart	reviewed	reported last line matches file length; model unverified; main session re-read high findings
frontend/appflowy_flutter/lib/plugins/document/presentation/editor_plugins/simple_table/simple_table_operations/simple_table_node_extension.dart	reviewed	reported last line matches file length; model unverified; main session re-read high findings
frontend/appflowy_flutter/lib/plugins/document/presentation/editor_plugins/simple_table/simple_table_operations/simple_table_operations.dart	reviewed	reported last line matches file length; model unverified; main session re-read high findings
frontend/appflowy_flutter/lib/plugins/document/presentation/editor_plugins/simple_table/simple_table_operations/simple_table_reorder_operation.dart	reviewed	reported last line matches file length; model unverified; main session re-read high findings
frontend/appflowy_flutter/lib/plugins/document/presentation/editor_plugins/simple_table/simple_table_operations/simple_table_style_operation.dart	reviewed	reported last line matches file length; model unverified; main session re-read high findings
frontend/appflowy_flutter/lib/plugins/document/presentation/editor_plugins/simple_table/simple_table_row_block_component.dart	reviewed	reported last line matches file length; model unverified; main session re-read high findings
frontend/appflowy_flutter/lib/plugins/document/presentation/editor_plugins/simple_table/simple_table_shortcuts/simple_table_arrow_down_command.dart	reviewed	reported last line matches file length; model unverified; main session re-read high findings
frontend/appflowy_flutter/lib/plugins/document/presentation/editor_plugins/simple_table/simple_table_shortcuts/simple_table_arrow_left_command.dart	reviewed	reported last line matches file length; model unverified; main session re-read high findings
frontend/appflowy_flutter/lib/plugins/document/presentation/editor_plugins/simple_table/simple_table_shortcuts/simple_table_arrow_right_command.dart	reviewed	reported last line matches file length; model unverified; main session re-read high findings
frontend/appflowy_flutter/lib/plugins/document/presentation/editor_plugins/simple_table/simple_table_shortcuts/simple_table_arrow_up_command.dart	reviewed	reported last line matches file length; model unverified; main session re-read high findings
frontend/appflowy_flutter/lib/plugins/document/presentation/editor_plugins/simple_table/simple_table_shortcuts/simple_table_backspace_command.dart	reviewed	reported last line matches file length; model unverified; main session re-read high findings
frontend/appflowy_flutter/lib/plugins/document/presentation/editor_plugins/simple_table/simple_table_shortcuts/simple_table_command_extension.dart	reviewed	reported last line matches file length; model unverified; main session re-read high findings
frontend/appflowy_flutter/lib/plugins/document/presentation/editor_plugins/simple_table/simple_table_shortcuts/simple_table_commands.dart	reviewed	reported last line matches file length; model unverified; main session re-read high findings
frontend/appflowy_flutter/lib/plugins/document/presentation/editor_plugins/simple_table/simple_table_shortcuts/simple_table_enter_command.dart	reviewed	reported last line matches file length; model unverified; main session re-read high findings
frontend/appflowy_flutter/lib/plugins/document/presentation/editor_plugins/simple_table/simple_table_shortcuts/simple_table_navigation_command.dart	reviewed	reported last line matches file length; model unverified; main session re-read high findings
frontend/appflowy_flutter/lib/plugins/document/presentation/editor_plugins/simple_table/simple_table_shortcuts/simple_table_select_all_command.dart	reviewed	reported last line matches file length; model unverified; main session re-read high findings
frontend/appflowy_flutter/lib/plugins/document/presentation/editor_plugins/simple_table/simple_table_shortcuts/simple_table_tab_command.dart	reviewed	reported last line matches file length; model unverified; main session re-read high findings
frontend/appflowy_flutter/lib/plugins/document/presentation/editor_plugins/simple_table/simple_table_widgets/_desktop_simple_table_widget.dart	reviewed	reported last line matches file length; model unverified; main session re-read high findings
frontend/appflowy_flutter/lib/plugins/document/presentation/editor_plugins/simple_table/simple_table_widgets/_mobile_simple_table_widget.dart	reviewed	reported last line matches file length; model unverified; main session re-read high findings
frontend/appflowy_flutter/lib/plugins/document/presentation/editor_plugins/simple_table/simple_table_widgets/_simple_table_bottom_sheet_actions.dart	reviewed	reported last line matches file length; model unverified; main session re-read high findings
frontend/appflowy_flutter/lib/plugins/document/presentation/editor_plugins/simple_table/simple_table_widgets/simple_table_action_sheet.dart	reviewed	reported last line matches file length; model unverified; main session re-read high findings
frontend/appflowy_flutter/lib/plugins/document/presentation/editor_plugins/simple_table/simple_table_widgets/simple_table_add_column_and_row_button.dart	reviewed	reported last line matches file length; model unverified; main session re-read high findings
frontend/appflowy_flutter/lib/plugins/document/presentation/editor_plugins/simple_table/simple_table_widgets/simple_table_add_column_button.dart	reviewed	reported last line matches file length; model unverified; main session re-read high findings
frontend/appflowy_flutter/lib/plugins/document/presentation/editor_plugins/simple_table/simple_table_widgets/simple_table_add_row_button.dart	reviewed	reported last line matches file length; model unverified; main session re-read high findings
frontend/appflowy_flutter/lib/plugins/document/presentation/editor_plugins/simple_table/simple_table_widgets/simple_table_align_button.dart	reviewed	reported last line matches file length; model unverified; main session re-read high findings
frontend/appflowy_flutter/lib/plugins/document/presentation/editor_plugins/simple_table/simple_table_widgets/simple_table_background_menu.dart	reviewed	reported last line matches file length; model unverified; main session re-read high findings
frontend/appflowy_flutter/lib/plugins/document/presentation/editor_plugins/simple_table/simple_table_widgets/simple_table_basic_button.dart	reviewed	reported last line matches file length; model unverified; main session re-read high findings
frontend/appflowy_flutter/lib/plugins/document/presentation/editor_plugins/simple_table/simple_table_widgets/simple_table_border_builder.dart	reviewed	reported last line matches file length; model unverified; main session re-read high findings
frontend/appflowy_flutter/lib/plugins/document/presentation/editor_plugins/simple_table/simple_table_widgets/simple_table_bottom_sheet.dart	reviewed	reported last line matches file length; model unverified; main session re-read high findings
frontend/appflowy_flutter/lib/plugins/document/presentation/editor_plugins/simple_table/simple_table_widgets/simple_table_column_resize_handle.dart	reviewed	reported last line matches file length; model unverified; main session re-read high findings
frontend/appflowy_flutter/lib/plugins/document/presentation/editor_plugins/simple_table/simple_table_widgets/simple_table_divider.dart	reviewed	reported last line matches file length; model unverified; main session re-read high findings
frontend/appflowy_flutter/lib/plugins/document/presentation/editor_plugins/simple_table/simple_table_widgets/simple_table_feedback.dart	reviewed	reported last line matches file length; model unverified; main session re-read high findings
frontend/appflowy_flutter/lib/plugins/document/presentation/editor_plugins/simple_table/simple_table_widgets/simple_table_more_action_popup.dart	reviewed	reported last line matches file length; model unverified; main session re-read high findings
frontend/appflowy_flutter/lib/plugins/document/presentation/editor_plugins/simple_table/simple_table_widgets/simple_table_reorder_button.dart	reviewed	reported last line matches file length; model unverified; main session re-read high findings
frontend/appflowy_flutter/lib/plugins/document/presentation/editor_plugins/simple_table/simple_table_widgets/simple_table_widget.dart	reviewed	reported last line matches file length; model unverified; main session re-read high findings
frontend/appflowy_flutter/lib/plugins/document/presentation/editor_plugins/simple_table/simple_table_widgets/widgets.dart	reviewed	reported last line matches file length; model unverified; main session re-read high findings
frontend/appflowy_flutter/lib/plugins/document/presentation/editor_plugins/slash_menu/slash_command.dart	reviewed	reported last line matches file length; model unverified; main session re-read high findings
frontend/appflowy_flutter/lib/plugins/document/presentation/editor_plugins/slash_menu/slash_menu_items/ai_writer_item.dart	reviewed	reported last line matches file length; model unverified; main session re-read high findings
frontend/appflowy_flutter/lib/plugins/document/presentation/editor_plugins/slash_menu/slash_menu_items/bulleted_list_item.dart	reviewed	reported last line matches file length; model unverified; main session re-read high findings
frontend/appflowy_flutter/lib/plugins/document/presentation/editor_plugins/slash_menu/slash_menu_items/callout_item.dart	reviewed	reported last line matches file length; model unverified; main session re-read high findings
frontend/appflowy_flutter/lib/plugins/document/presentation/editor_plugins/slash_menu/slash_menu_items/code_block_item.dart	reviewed	reported last line matches file length; model unverified; main session re-read high findings
frontend/appflowy_flutter/lib/plugins/document/presentation/editor_plugins/slash_menu/slash_menu_items/database_items.dart	reviewed	reported last line matches file length; model unverified; main session re-read high findings
frontend/appflowy_flutter/lib/plugins/document/presentation/editor_plugins/slash_menu/slash_menu_items/date_item.dart	reviewed	reported last line matches file length; model unverified; main session re-read high findings
frontend/appflowy_flutter/lib/plugins/document/presentation/editor_plugins/slash_menu/slash_menu_items/divider_item.dart	reviewed	reported last line matches file length; model unverified; main session re-read high findings
frontend/appflowy_flutter/lib/plugins/document/presentation/editor_plugins/slash_menu/slash_menu_items/emoji_item.dart	reviewed	reported last line matches file length; model unverified; main session re-read high findings
frontend/appflowy_flutter/lib/plugins/document/presentation/editor_plugins/slash_menu/slash_menu_items/file_item.dart	reviewed	reported last line matches file length; model unverified; main session re-read high findings
frontend/appflowy_flutter/lib/plugins/document/presentation/editor_plugins/slash_menu/slash_menu_items/heading_items.dart	reviewed	reported last line matches file length; model unverified; main session re-read high findings
frontend/appflowy_flutter/lib/plugins/document/presentation/editor_plugins/slash_menu/slash_menu_items/image_item.dart	reviewed	reported last line matches file length; model unverified; main session re-read high findings
frontend/appflowy_flutter/lib/plugins/document/presentation/editor_plugins/slash_menu/slash_menu_items/math_equation_item.dart	reviewed	reported last line matches file length; model unverified; main session re-read high findings
frontend/appflowy_flutter/lib/plugins/document/presentation/editor_plugins/slash_menu/slash_menu_items/mobile_items.dart	reviewed	reported last line matches file length; model unverified; main session re-read high findings
frontend/appflowy_flutter/lib/plugins/document/presentation/editor_plugins/slash_menu/slash_menu_items/numbered_list_item.dart	reviewed	reported last line matches file length; model unverified; main session re-read high findings
frontend/appflowy_flutter/lib/plugins/document/presentation/editor_plugins/slash_menu/slash_menu_items/outline_item.dart	reviewed	reported last line matches file length; model unverified; main session re-read high findings
frontend/appflowy_flutter/lib/plugins/document/presentation/editor_plugins/slash_menu/slash_menu_items/paragraph_item.dart	reviewed	reported last line matches file length; model unverified; main session re-read high findings
frontend/appflowy_flutter/lib/plugins/document/presentation/editor_plugins/slash_menu/slash_menu_items/photo_gallery_item.dart	unreviewed	production-relevant until a pass-3 reviewer records it
frontend/appflowy_flutter/lib/plugins/document/presentation/editor_plugins/slash_menu/slash_menu_items/quote_item.dart	unreviewed	production-relevant until a pass-3 reviewer records it
frontend/appflowy_flutter/lib/plugins/document/presentation/editor_plugins/slash_menu/slash_menu_items/simple_columns_item.dart	unreviewed	production-relevant until a pass-3 reviewer records it
frontend/appflowy_flutter/lib/plugins/document/presentation/editor_plugins/slash_menu/slash_menu_items/simple_table_item.dart	unreviewed	production-relevant until a pass-3 reviewer records it
frontend/appflowy_flutter/lib/plugins/document/presentation/editor_plugins/slash_menu/slash_menu_items/slash_menu_item_builder.dart	unreviewed	production-relevant until a pass-3 reviewer records it
frontend/appflowy_flutter/lib/plugins/document/presentation/editor_plugins/slash_menu/slash_menu_items/slash_menu_items.dart	unreviewed	production-relevant until a pass-3 reviewer records it
frontend/appflowy_flutter/lib/plugins/document/presentation/editor_plugins/slash_menu/slash_menu_items/sub_page_item.dart	unreviewed	production-relevant until a pass-3 reviewer records it
frontend/appflowy_flutter/lib/plugins/document/presentation/editor_plugins/slash_menu/slash_menu_items/todo_list_item.dart	unreviewed	production-relevant until a pass-3 reviewer records it
frontend/appflowy_flutter/lib/plugins/document/presentation/editor_plugins/slash_menu/slash_menu_items/toggle_list_item.dart	unreviewed	production-relevant until a pass-3 reviewer records it
frontend/appflowy_flutter/lib/plugins/document/presentation/editor_plugins/slash_menu/slash_menu_items_builder.dart	unreviewed	production-relevant until a pass-3 reviewer records it
frontend/appflowy_flutter/lib/plugins/document/presentation/editor_plugins/sub_page/block_transaction_handler.dart	unreviewed	production-relevant until a pass-3 reviewer records it
frontend/appflowy_flutter/lib/plugins/document/presentation/editor_plugins/sub_page/sub_page_block_component.dart	unreviewed	production-relevant until a pass-3 reviewer records it
frontend/appflowy_flutter/lib/plugins/document/presentation/editor_plugins/sub_page/sub_page_transaction_handler.dart	unreviewed	production-relevant until a pass-3 reviewer records it
frontend/appflowy_flutter/lib/plugins/document/presentation/editor_plugins/table/table_menu.dart	unreviewed	production-relevant until a pass-3 reviewer records it
frontend/appflowy_flutter/lib/plugins/document/presentation/editor_plugins/table/table_option_action.dart	unreviewed	production-relevant until a pass-3 reviewer records it
frontend/appflowy_flutter/lib/plugins/document/presentation/editor_plugins/todo_list/todo_list_icon.dart	unreviewed	production-relevant until a pass-3 reviewer records it
frontend/appflowy_flutter/lib/plugins/document/presentation/editor_plugins/toggle/toggle_block_component.dart	unreviewed	production-relevant until a pass-3 reviewer records it
frontend/appflowy_flutter/lib/plugins/document/presentation/editor_plugins/toggle/toggle_block_shortcuts.dart	unreviewed	production-relevant until a pass-3 reviewer records it
frontend/appflowy_flutter/lib/plugins/document/presentation/editor_plugins/toolbar_item/custom_format_toolbar_items.dart	unreviewed	production-relevant until a pass-3 reviewer records it
frontend/appflowy_flutter/lib/plugins/document/presentation/editor_plugins/toolbar_item/custom_hightlight_color_toolbar_item.dart	unreviewed	production-relevant until a pass-3 reviewer records it
frontend/appflowy_flutter/lib/plugins/document/presentation/editor_plugins/toolbar_item/custom_link_toolbar_item.dart	unreviewed	production-relevant until a pass-3 reviewer records it
frontend/appflowy_flutter/lib/plugins/document/presentation/editor_plugins/toolbar_item/custom_placeholder_toolbar_item.dart	unreviewed	production-relevant until a pass-3 reviewer records it
frontend/appflowy_flutter/lib/plugins/document/presentation/editor_plugins/toolbar_item/custom_text_align_toolbar_item.dart	unreviewed	production-relevant until a pass-3 reviewer records it
frontend/appflowy_flutter/lib/plugins/document/presentation/editor_plugins/toolbar_item/custom_text_color_toolbar_item.dart	unreviewed	production-relevant until a pass-3 reviewer records it
frontend/appflowy_flutter/lib/plugins/document/presentation/editor_plugins/toolbar_item/more_option_toolbar_item.dart	unreviewed	production-relevant until a pass-3 reviewer records it
frontend/appflowy_flutter/lib/plugins/document/presentation/editor_plugins/toolbar_item/text_heading_toolbar_item.dart	unreviewed	production-relevant until a pass-3 reviewer records it
frontend/appflowy_flutter/lib/plugins/document/presentation/editor_plugins/toolbar_item/text_suggestions_toolbar_item.dart	unreviewed	production-relevant until a pass-3 reviewer records it
frontend/appflowy_flutter/lib/plugins/document/presentation/editor_plugins/toolbar_item/toolbar_id_enum.dart	unreviewed	production-relevant until a pass-3 reviewer records it
frontend/appflowy_flutter/lib/plugins/document/presentation/editor_plugins/transaction_handler/block_transaction_handler.dart	unreviewed	production-relevant until a pass-3 reviewer records it
frontend/appflowy_flutter/lib/plugins/document/presentation/editor_plugins/transaction_handler/editor_transaction_handler.dart	unreviewed	production-relevant until a pass-3 reviewer records it
frontend/appflowy_flutter/lib/plugins/document/presentation/editor_plugins/transaction_handler/editor_transaction_service.dart	unreviewed	production-relevant until a pass-3 reviewer records it
frontend/appflowy_flutter/lib/plugins/document/presentation/editor_plugins/transaction_handler/mention_transaction_handler.dart	unreviewed	production-relevant until a pass-3 reviewer records it
frontend/appflowy_flutter/lib/plugins/document/presentation/editor_plugins/undo_redo/custom_undo_redo_commands.dart	unreviewed	production-relevant until a pass-3 reviewer records it
frontend/appflowy_flutter/lib/plugins/document/presentation/editor_plugins/video/video_block_component.dart	unreviewed	production-relevant until a pass-3 reviewer records it
frontend/appflowy_flutter/lib/plugins/document/presentation/editor_style.dart	unreviewed	production-relevant until a pass-3 reviewer records it
frontend/appflowy_flutter/lib/plugins/emoji/emoji_actions_command.dart	unreviewed	production-relevant until a pass-3 reviewer records it
frontend/appflowy_flutter/lib/plugins/emoji/emoji_handler.dart	unreviewed	production-relevant until a pass-3 reviewer records it
frontend/appflowy_flutter/lib/plugins/emoji/emoji_menu.dart	unreviewed	production-relevant until a pass-3 reviewer records it
frontend/appflowy_flutter/lib/plugins/inline_actions/handlers/child_page.dart	unreviewed	production-relevant until a pass-3 reviewer records it
frontend/appflowy_flutter/lib/plugins/inline_actions/handlers/date_reference.dart	unreviewed	production-relevant until a pass-3 reviewer records it
frontend/appflowy_flutter/lib/plugins/inline_actions/handlers/inline_page_reference.dart	unreviewed	production-relevant until a pass-3 reviewer records it
frontend/appflowy_flutter/lib/plugins/inline_actions/handlers/reminder_reference.dart	unreviewed	production-relevant until a pass-3 reviewer records it
frontend/appflowy_flutter/lib/plugins/inline_actions/inline_actions_command.dart	unreviewed	production-relevant until a pass-3 reviewer records it
frontend/appflowy_flutter/lib/plugins/inline_actions/inline_actions_menu.dart	unreviewed	production-relevant until a pass-3 reviewer records it
frontend/appflowy_flutter/lib/plugins/inline_actions/inline_actions_result.dart	unreviewed	production-relevant until a pass-3 reviewer records it
frontend/appflowy_flutter/lib/plugins/inline_actions/inline_actions_service.dart	unreviewed	production-relevant until a pass-3 reviewer records it
frontend/appflowy_flutter/lib/plugins/inline_actions/service_handler.dart	unreviewed	production-relevant until a pass-3 reviewer records it
frontend/appflowy_flutter/lib/plugins/inline_actions/widgets/inline_actions_handler.dart	unreviewed	production-relevant until a pass-3 reviewer records it
frontend/appflowy_flutter/lib/plugins/inline_actions/widgets/inline_actions_menu_group.dart	unreviewed	production-relevant until a pass-3 reviewer records it
frontend/appflowy_flutter/lib/plugins/shared/callback_shortcuts.dart	unreviewed	production-relevant until a pass-3 reviewer records it
frontend/appflowy_flutter/lib/plugins/shared/cover_type_ext.dart	unreviewed	production-relevant until a pass-3 reviewer records it
frontend/appflowy_flutter/lib/plugins/shared/share/_shared.dart	unreviewed	production-relevant until a pass-3 reviewer records it
frontend/appflowy_flutter/lib/plugins/shared/share/constants.dart	unreviewed	production-relevant until a pass-3 reviewer records it
frontend/appflowy_flutter/lib/plugins/shared/share/export_tab.dart	unreviewed	production-relevant until a pass-3 reviewer records it
frontend/appflowy_flutter/lib/plugins/shared/share/publish_color_extension.dart	unreviewed	production-relevant until a pass-3 reviewer records it
frontend/appflowy_flutter/lib/plugins/shared/share/publish_name_generator.dart	unreviewed	production-relevant until a pass-3 reviewer records it
frontend/appflowy_flutter/lib/plugins/shared/share/publish_tab.dart	unreviewed	production-relevant until a pass-3 reviewer records it
frontend/appflowy_flutter/lib/plugins/shared/share/share_bloc.dart	unreviewed	production-relevant until a pass-3 reviewer records it
frontend/appflowy_flutter/lib/plugins/shared/share/share_button.dart	unreviewed	production-relevant until a pass-3 reviewer records it
frontend/appflowy_flutter/lib/plugins/shared/share/share_menu.dart	unreviewed	production-relevant until a pass-3 reviewer records it
frontend/appflowy_flutter/lib/plugins/shared/share/share_tab.dart	unreviewed	production-relevant until a pass-3 reviewer records it
frontend/appflowy_flutter/lib/plugins/shared/sync_indicator.dart	unreviewed	production-relevant until a pass-3 reviewer records it
frontend/appflowy_flutter/lib/plugins/trash/application/prelude.dart	unreviewed	production-relevant until a pass-3 reviewer records it
frontend/appflowy_flutter/lib/plugins/trash/application/trash_bloc.dart	unreviewed	production-relevant until a pass-3 reviewer records it
frontend/appflowy_flutter/lib/plugins/trash/application/trash_listener.dart	unreviewed	production-relevant until a pass-3 reviewer records it
frontend/appflowy_flutter/lib/plugins/trash/application/trash_service.dart	unreviewed	production-relevant until a pass-3 reviewer records it
frontend/appflowy_flutter/lib/plugins/trash/src/sizes.dart	unreviewed	production-relevant until a pass-3 reviewer records it
frontend/appflowy_flutter/lib/plugins/trash/src/trash_cell.dart	unreviewed	production-relevant until a pass-3 reviewer records it
frontend/appflowy_flutter/lib/plugins/trash/src/trash_header.dart	unreviewed	production-relevant until a pass-3 reviewer records it
frontend/appflowy_flutter/lib/plugins/trash/trash.dart	unreviewed	production-relevant until a pass-3 reviewer records it
frontend/appflowy_flutter/lib/plugins/trash/trash_page.dart	unreviewed	production-relevant until a pass-3 reviewer records it
frontend/appflowy_flutter/lib/plugins/util.dart	unreviewed	production-relevant until a pass-3 reviewer records it
frontend/appflowy_flutter/lib/shared/af_image.dart	unreviewed	production-relevant until a pass-3 reviewer records it
frontend/appflowy_flutter/lib/shared/af_role_pb_extension.dart	unreviewed	production-relevant until a pass-3 reviewer records it
frontend/appflowy_flutter/lib/shared/af_user_profile_extension.dart	unreviewed	production-relevant until a pass-3 reviewer records it
frontend/appflowy_flutter/lib/shared/appflowy_cache_manager.dart	unreviewed	production-relevant until a pass-3 reviewer records it
frontend/appflowy_flutter/lib/shared/appflowy_network_image.dart	unreviewed	production-relevant until a pass-3 reviewer records it
frontend/appflowy_flutter/lib/shared/appflowy_network_svg.dart	unreviewed	production-relevant until a pass-3 reviewer records it
frontend/appflowy_flutter/lib/shared/clipboard_state.dart	unreviewed	production-relevant until a pass-3 reviewer records it
frontend/appflowy_flutter/lib/shared/colors.dart	unreviewed	production-relevant until a pass-3 reviewer records it
frontend/appflowy_flutter/lib/shared/conditional_listenable_builder.dart	unreviewed	production-relevant until a pass-3 reviewer records it
frontend/appflowy_flutter/lib/shared/custom_image_cache_manager.dart	unreviewed	production-relevant until a pass-3 reviewer records it
frontend/appflowy_flutter/lib/shared/easy_localiation_service.dart	unreviewed	production-relevant until a pass-3 reviewer records it
frontend/appflowy_flutter/lib/shared/error_code/error_code_map.dart	unreviewed	production-relevant until a pass-3 reviewer records it
frontend/appflowy_flutter/lib/shared/error_page/error_page.dart	unreviewed	production-relevant until a pass-3 reviewer records it
frontend/appflowy_flutter/lib/shared/feature_flags.dart	unreviewed	production-relevant until a pass-3 reviewer records it
frontend/appflowy_flutter/lib/shared/feedback_gesture_detector.dart	unreviewed	production-relevant until a pass-3 reviewer records it
frontend/appflowy_flutter/lib/shared/flowy_error_page.dart	unreviewed	production-relevant until a pass-3 reviewer records it
frontend/appflowy_flutter/lib/shared/flowy_gradient_colors.dart	unreviewed	production-relevant until a pass-3 reviewer records it
frontend/appflowy_flutter/lib/shared/google_fonts_extension.dart	unreviewed	production-relevant until a pass-3 reviewer records it
frontend/appflowy_flutter/lib/shared/icon_emoji_picker/colors.dart	unreviewed	production-relevant until a pass-3 reviewer records it
frontend/appflowy_flutter/lib/shared/icon_emoji_picker/emoji_search_bar.dart	unreviewed	production-relevant until a pass-3 reviewer records it
frontend/appflowy_flutter/lib/shared/icon_emoji_picker/emoji_skin_tone.dart	unreviewed	production-relevant until a pass-3 reviewer records it
frontend/appflowy_flutter/lib/shared/icon_emoji_picker/flowy_icon_emoji_picker.dart	unreviewed	production-relevant until a pass-3 reviewer records it
frontend/appflowy_flutter/lib/shared/icon_emoji_picker/icon.dart	unreviewed	production-relevant until a pass-3 reviewer records it
frontend/appflowy_flutter/lib/shared/icon_emoji_picker/icon_color_picker.dart	unreviewed	production-relevant until a pass-3 reviewer records it
frontend/appflowy_flutter/lib/shared/icon_emoji_picker/icon_picker.dart	unreviewed	production-relevant until a pass-3 reviewer records it
frontend/appflowy_flutter/lib/shared/icon_emoji_picker/icon_search_bar.dart	unreviewed	production-relevant until a pass-3 reviewer records it
frontend/appflowy_flutter/lib/shared/icon_emoji_picker/icon_uploader.dart	unreviewed	production-relevant until a pass-3 reviewer records it
frontend/appflowy_flutter/lib/shared/icon_emoji_picker/recent_icons.dart	unreviewed	production-relevant until a pass-3 reviewer records it
frontend/appflowy_flutter/lib/shared/icon_emoji_picker/tab.dart	unreviewed	production-relevant until a pass-3 reviewer records it
frontend/appflowy_flutter/lib/shared/list_extension.dart	unreviewed	production-relevant until a pass-3 reviewer records it
frontend/appflowy_flutter/lib/shared/loading.dart	unreviewed	production-relevant until a pass-3 reviewer records it
frontend/appflowy_flutter/lib/shared/markdown_to_document.dart	unreviewed	production-relevant until a pass-3 reviewer records it
frontend/appflowy_flutter/lib/shared/patterns/common_patterns.dart	unreviewed	production-relevant until a pass-3 reviewer records it
frontend/appflowy_flutter/lib/shared/patterns/date_time_patterns.dart	unreviewed	production-relevant until a pass-3 reviewer records it
frontend/appflowy_flutter/lib/shared/patterns/file_type_patterns.dart	unreviewed	production-relevant until a pass-3 reviewer records it
frontend/appflowy_flutter/lib/shared/permission/permission_checker.dart	unreviewed	production-relevant until a pass-3 reviewer records it
frontend/appflowy_flutter/lib/shared/popup_menu/appflowy_popup_menu.dart	unreviewed	production-relevant until a pass-3 reviewer records it
frontend/appflowy_flutter/lib/shared/settings/show_settings.dart	unreviewed	production-relevant until a pass-3 reviewer records it
frontend/appflowy_flutter/lib/shared/text_field/text_filed_with_metric_lines.dart	unreviewed	production-relevant until a pass-3 reviewer records it
frontend/appflowy_flutter/lib/shared/time_format.dart	unreviewed	production-relevant until a pass-3 reviewer records it
frontend/appflowy_flutter/lib/shared/version_checker/version_checker.dart	unreviewed	production-relevant until a pass-3 reviewer records it
frontend/appflowy_flutter/lib/shared/window_title_bar.dart	unreviewed	production-relevant until a pass-3 reviewer records it
frontend/appflowy_flutter/lib/startup/deps_resolver.dart	unreviewed	production-relevant until a pass-3 reviewer records it
frontend/appflowy_flutter/lib/startup/entry_point.dart	unreviewed	production-relevant until a pass-3 reviewer records it
frontend/appflowy_flutter/lib/startup/launch_configuration.dart	unreviewed	production-relevant until a pass-3 reviewer records it
frontend/appflowy_flutter/lib/startup/plugin/plugin.dart	unreviewed	production-relevant until a pass-3 reviewer records it
frontend/appflowy_flutter/lib/startup/plugin/src/runner.dart	unreviewed	production-relevant until a pass-3 reviewer records it
frontend/appflowy_flutter/lib/startup/plugin/src/sandbox.dart	unreviewed	production-relevant until a pass-3 reviewer records it
frontend/appflowy_flutter/lib/startup/startup.dart	unreviewed	production-relevant until a pass-3 reviewer records it
frontend/appflowy_flutter/lib/startup/tasks/af_navigator_observer.dart	unreviewed	production-relevant until a pass-3 reviewer records it
frontend/appflowy_flutter/lib/startup/tasks/app_widget.dart	unreviewed	production-relevant until a pass-3 reviewer records it
frontend/appflowy_flutter/lib/startup/tasks/app_window_size_manager.dart	unreviewed	production-relevant until a pass-3 reviewer records it
frontend/appflowy_flutter/lib/startup/tasks/appflowy_cloud_task.dart	unreviewed	production-relevant until a pass-3 reviewer records it
frontend/appflowy_flutter/lib/startup/tasks/auto_update_task.dart	unreviewed	production-relevant until a pass-3 reviewer records it
frontend/appflowy_flutter/lib/startup/tasks/debug_task.dart	unreviewed	production-relevant until a pass-3 reviewer records it
frontend/appflowy_flutter/lib/startup/tasks/deeplink/deeplink_handler.dart	unreviewed	production-relevant until a pass-3 reviewer records it
frontend/appflowy_flutter/lib/startup/tasks/deeplink/expire_login_deeplink_handler.dart	unreviewed	production-relevant until a pass-3 reviewer records it
frontend/appflowy_flutter/lib/startup/tasks/deeplink/invitation_deeplink_handler.dart	unreviewed	production-relevant until a pass-3 reviewer records it
frontend/appflowy_flutter/lib/startup/tasks/deeplink/login_deeplink_handler.dart	unreviewed	production-relevant until a pass-3 reviewer records it
frontend/appflowy_flutter/lib/startup/tasks/deeplink/open_app_deeplink_handler.dart	unreviewed	production-relevant until a pass-3 reviewer records it
frontend/appflowy_flutter/lib/startup/tasks/deeplink/payment_deeplink_handler.dart	unreviewed	production-relevant until a pass-3 reviewer records it
frontend/appflowy_flutter/lib/startup/tasks/device_info_task.dart	unreviewed	production-relevant until a pass-3 reviewer records it
frontend/appflowy_flutter/lib/startup/tasks/feature_flag_task.dart	unreviewed	production-relevant until a pass-3 reviewer records it
frontend/appflowy_flutter/lib/startup/tasks/file_storage_task.dart	unreviewed	production-relevant until a pass-3 reviewer records it
frontend/appflowy_flutter/lib/startup/tasks/generate_router.dart	unreviewed	production-relevant until a pass-3 reviewer records it
frontend/appflowy_flutter/lib/startup/tasks/hot_key.dart	unreviewed	production-relevant until a pass-3 reviewer records it
frontend/appflowy_flutter/lib/startup/tasks/load_plugin.dart	unreviewed	production-relevant until a pass-3 reviewer records it
frontend/appflowy_flutter/lib/startup/tasks/localization.dart	unreviewed	production-relevant until a pass-3 reviewer records it
frontend/appflowy_flutter/lib/startup/tasks/memory_leak_detector.dart	unreviewed	production-relevant until a pass-3 reviewer records it
frontend/appflowy_flutter/lib/startup/tasks/platform_error_catcher.dart	unreviewed	production-relevant until a pass-3 reviewer records it
frontend/appflowy_flutter/lib/startup/tasks/platform_service.dart	unreviewed	production-relevant until a pass-3 reviewer records it
frontend/appflowy_flutter/lib/startup/tasks/prelude.dart	unreviewed	production-relevant until a pass-3 reviewer records it
frontend/appflowy_flutter/lib/startup/tasks/recent_service_task.dart	unreviewed	production-relevant until a pass-3 reviewer records it
frontend/appflowy_flutter/lib/startup/tasks/rust_sdk.dart	unreviewed	production-relevant until a pass-3 reviewer records it
frontend/appflowy_flutter/lib/startup/tasks/windows.dart	unreviewed	production-relevant until a pass-3 reviewer records it
frontend/appflowy_flutter/lib/user/application/anon_user_bloc.dart	unreviewed	production-relevant until a pass-3 reviewer records it
frontend/appflowy_flutter/lib/user/application/auth/af_cloud_auth_service.dart	unreviewed	production-relevant until a pass-3 reviewer records it
frontend/appflowy_flutter/lib/user/application/auth/af_cloud_mock_auth_service.dart	unreviewed	production-relevant until a pass-3 reviewer records it
frontend/appflowy_flutter/lib/user/application/auth/auth_error.dart	unreviewed	production-relevant until a pass-3 reviewer records it
frontend/appflowy_flutter/lib/user/application/auth/auth_service.dart	unreviewed	production-relevant until a pass-3 reviewer records it
frontend/appflowy_flutter/lib/user/application/auth/backend_auth_service.dart	unreviewed	production-relevant until a pass-3 reviewer records it
frontend/appflowy_flutter/lib/user/application/auth/device_id.dart	unreviewed	production-relevant until a pass-3 reviewer records it
frontend/appflowy_flutter/lib/user/application/notification_filter/notification_filter_bloc.dart	unreviewed	production-relevant until a pass-3 reviewer records it
frontend/appflowy_flutter/lib/user/application/password/password_bloc.dart	unreviewed	production-relevant until a pass-3 reviewer records it
frontend/appflowy_flutter/lib/user/application/password/password_http_service.dart	unreviewed	production-relevant until a pass-3 reviewer records it
frontend/appflowy_flutter/lib/user/application/prelude.dart	unreviewed	production-relevant until a pass-3 reviewer records it
frontend/appflowy_flutter/lib/user/application/reminder/reminder_bloc.dart	unreviewed	production-relevant until a pass-3 reviewer records it
frontend/appflowy_flutter/lib/user/application/reminder/reminder_extension.dart	unreviewed	production-relevant until a pass-3 reviewer records it
frontend/appflowy_flutter/lib/user/application/reminder/reminder_listener.dart	unreviewed	production-relevant until a pass-3 reviewer records it
frontend/appflowy_flutter/lib/user/application/reminder/reminder_service.dart	unreviewed	production-relevant until a pass-3 reviewer records it
frontend/appflowy_flutter/lib/user/application/sign_in_bloc.dart	unreviewed	production-relevant until a pass-3 reviewer records it
frontend/appflowy_flutter/lib/user/application/sign_up_bloc.dart	unreviewed	production-relevant until a pass-3 reviewer records it
frontend/appflowy_flutter/lib/user/application/splash_bloc.dart	unreviewed	production-relevant until a pass-3 reviewer records it
frontend/appflowy_flutter/lib/user/application/user_auth_listener.dart	unreviewed	production-relevant until a pass-3 reviewer records it
frontend/appflowy_flutter/lib/user/application/user_listener.dart	unreviewed	production-relevant until a pass-3 reviewer records it
frontend/appflowy_flutter/lib/user/application/user_service.dart	unreviewed	production-relevant until a pass-3 reviewer records it
frontend/appflowy_flutter/lib/user/application/user_settings_service.dart	unreviewed	production-relevant until a pass-3 reviewer records it
frontend/appflowy_flutter/lib/user/application/workspace_error_bloc.dart	unreviewed	production-relevant until a pass-3 reviewer records it
frontend/appflowy_flutter/lib/user/domain/auth_state.dart	unreviewed	production-relevant until a pass-3 reviewer records it
frontend/appflowy_flutter/lib/user/presentation/anon_user.dart	unreviewed	production-relevant until a pass-3 reviewer records it
frontend/appflowy_flutter/lib/user/presentation/helpers/handle_open_workspace_error.dart	unreviewed	production-relevant until a pass-3 reviewer records it
frontend/appflowy_flutter/lib/user/presentation/helpers/helpers.dart	unreviewed	production-relevant until a pass-3 reviewer records it
frontend/appflowy_flutter/lib/user/presentation/presentation.dart	unreviewed	production-relevant until a pass-3 reviewer records it
frontend/appflowy_flutter/lib/user/presentation/router.dart	unreviewed	production-relevant until a pass-3 reviewer records it
frontend/appflowy_flutter/lib/user/presentation/screens/screens.dart	unreviewed	production-relevant until a pass-3 reviewer records it
frontend/appflowy_flutter/lib/user/presentation/screens/sign_in_screen/desktop_sign_in_screen.dart	unreviewed	production-relevant until a pass-3 reviewer records it
frontend/appflowy_flutter/lib/user/presentation/screens/sign_in_screen/mobile_loading_screen.dart	unreviewed	production-relevant until a pass-3 reviewer records it
frontend/appflowy_flutter/lib/user/presentation/screens/sign_in_screen/mobile_sign_in_screen.dart	unreviewed	production-relevant until a pass-3 reviewer records it
frontend/appflowy_flutter/lib/user/presentation/screens/sign_in_screen/sign_in_screen.dart	unreviewed	production-relevant until a pass-3 reviewer records it
frontend/appflowy_flutter/lib/user/presentation/screens/sign_in_screen/widgets/anonymous_sign_in_button.dart	unreviewed	production-relevant until a pass-3 reviewer records it
frontend/appflowy_flutter/lib/user/presentation/screens/sign_in_screen/widgets/anonymous_sign_in_button/anonymous_sign_in_button.dart	unreviewed	production-relevant until a pass-3 reviewer records it
frontend/appflowy_flutter/lib/user/presentation/screens/sign_in_screen/widgets/continue_with/back_to_login_in_button.dart	unreviewed	production-relevant until a pass-3 reviewer records it
frontend/appflowy_flutter/lib/user/presentation/screens/sign_in_screen/widgets/continue_with/continue_with_button.dart	unreviewed	production-relevant until a pass-3 reviewer records it
frontend/appflowy_flutter/lib/user/presentation/screens/sign_in_screen/widgets/continue_with/continue_with_email.dart	unreviewed	production-relevant until a pass-3 reviewer records it
frontend/appflowy_flutter/lib/user/presentation/screens/sign_in_screen/widgets/continue_with/continue_with_email_and_password.dart	unreviewed	production-relevant until a pass-3 reviewer records it
frontend/appflowy_flutter/lib/user/presentation/screens/sign_in_screen/widgets/continue_with/continue_with_magic_link_or_passcode_page.dart	unreviewed	production-relevant until a pass-3 reviewer records it
frontend/appflowy_flutter/lib/user/presentation/screens/sign_in_screen/widgets/continue_with/continue_with_password.dart	unreviewed	production-relevant until a pass-3 reviewer records it
frontend/appflowy_flutter/lib/user/presentation/screens/sign_in_screen/widgets/continue_with/continue_with_password_page.dart	unreviewed	production-relevant until a pass-3 reviewer records it
frontend/appflowy_flutter/lib/user/presentation/screens/sign_in_screen/widgets/continue_with/forgot_password_page.dart	unreviewed	production-relevant until a pass-3 reviewer records it
frontend/appflowy_flutter/lib/user/presentation/screens/sign_in_screen/widgets/continue_with/reset_password.dart	unreviewed	production-relevant until a pass-3 reviewer records it
frontend/appflowy_flutter/lib/user/presentation/screens/sign_in_screen/widgets/continue_with/reset_password_page.dart	unreviewed	production-relevant until a pass-3 reviewer records it
frontend/appflowy_flutter/lib/user/presentation/screens/sign_in_screen/widgets/continue_with/set_new_password.dart	unreviewed	production-relevant until a pass-3 reviewer records it
frontend/appflowy_flutter/lib/user/presentation/screens/sign_in_screen/widgets/continue_with/title_logo.dart	unreviewed	production-relevant until a pass-3 reviewer records it
frontend/appflowy_flutter/lib/user/presentation/screens/sign_in_screen/widgets/continue_with/verifying_button.dart	unreviewed	production-relevant until a pass-3 reviewer records it
frontend/appflowy_flutter/lib/user/presentation/screens/sign_in_screen/widgets/logo/logo.dart	unreviewed	production-relevant until a pass-3 reviewer records it
frontend/appflowy_flutter/lib/user/presentation/screens/sign_in_screen/widgets/magic_link_sign_in_buttons.dart	unreviewed	production-relevant until a pass-3 reviewer records it
frontend/appflowy_flutter/lib/user/presentation/screens/sign_in_screen/widgets/sign_in_agreement.dart	unreviewed	production-relevant until a pass-3 reviewer records it
frontend/appflowy_flutter/lib/user/presentation/screens/sign_in_screen/widgets/sign_in_anonymous_button.dart	unreviewed	production-relevant until a pass-3 reviewer records it
frontend/appflowy_flutter/lib/user/presentation/screens/sign_in_screen/widgets/sign_in_or_logout_button.dart	unreviewed	production-relevant until a pass-3 reviewer records it
frontend/appflowy_flutter/lib/user/presentation/screens/sign_in_screen/widgets/switch_sign_in_sign_up_button.dart	unreviewed	production-relevant until a pass-3 reviewer records it
frontend/appflowy_flutter/lib/user/presentation/screens/sign_in_screen/widgets/third_party_sign_in_button/third_party_sign_in_button.dart	unreviewed	production-relevant until a pass-3 reviewer records it
frontend/appflowy_flutter/lib/user/presentation/screens/sign_in_screen/widgets/third_party_sign_in_button/third_party_sign_in_buttons.dart	unreviewed	production-relevant until a pass-3 reviewer records it
frontend/appflowy_flutter/lib/user/presentation/screens/sign_in_screen/widgets/widgets.dart	unreviewed	production-relevant until a pass-3 reviewer records it
frontend/appflowy_flutter/lib/user/presentation/screens/skip_log_in_screen.dart	unreviewed	production-relevant until a pass-3 reviewer records it
frontend/appflowy_flutter/lib/user/presentation/screens/splash_screen.dart	unreviewed	production-relevant until a pass-3 reviewer records it
frontend/appflowy_flutter/lib/user/presentation/screens/workspace_error_screen.dart	unreviewed	production-relevant until a pass-3 reviewer records it
frontend/appflowy_flutter/lib/user/presentation/screens/workspace_start_screen/desktop_workspace_start_screen.dart	unreviewed	production-relevant until a pass-3 reviewer records it
frontend/appflowy_flutter/lib/user/presentation/screens/workspace_start_screen/mobile_workspace_start_screen.dart	unreviewed	production-relevant until a pass-3 reviewer records it
frontend/appflowy_flutter/lib/user/presentation/screens/workspace_start_screen/workspace_start_screen.dart	unreviewed	production-relevant until a pass-3 reviewer records it
frontend/appflowy_flutter/lib/user/presentation/widgets/auth_form_container.dart	unreviewed	production-relevant until a pass-3 reviewer records it
frontend/appflowy_flutter/lib/user/presentation/widgets/flowy_logo_title.dart	unreviewed	production-relevant until a pass-3 reviewer records it
frontend/appflowy_flutter/lib/user/presentation/widgets/folder_widget.dart	unreviewed	production-relevant until a pass-3 reviewer records it
frontend/appflowy_flutter/lib/user/presentation/widgets/widgets.dart	unreviewed	production-relevant until a pass-3 reviewer records it
frontend/appflowy_flutter/lib/util/built_in_svgs.dart	unreviewed	production-relevant until a pass-3 reviewer records it
frontend/appflowy_flutter/lib/util/color_generator/color_generator.dart	unreviewed	production-relevant until a pass-3 reviewer records it
frontend/appflowy_flutter/lib/util/color_to_hex_string.dart	unreviewed	production-relevant until a pass-3 reviewer records it
frontend/appflowy_flutter/lib/util/debounce.dart	unreviewed	production-relevant until a pass-3 reviewer records it
frontend/appflowy_flutter/lib/util/default_extensions.dart	unreviewed	production-relevant until a pass-3 reviewer records it
frontend/appflowy_flutter/lib/util/expand_views.dart	unreviewed	production-relevant until a pass-3 reviewer records it
frontend/appflowy_flutter/lib/util/field_type_extension.dart	unreviewed	production-relevant until a pass-3 reviewer records it
frontend/appflowy_flutter/lib/util/file_extension.dart	unreviewed	production-relevant until a pass-3 reviewer records it
frontend/appflowy_flutter/lib/util/font_family_extension.dart	unreviewed	production-relevant until a pass-3 reviewer records it
frontend/appflowy_flutter/lib/util/int64_extension.dart	unreviewed	production-relevant until a pass-3 reviewer records it
frontend/appflowy_flutter/lib/util/json_print.dart	unreviewed	production-relevant until a pass-3 reviewer records it
frontend/appflowy_flutter/lib/util/levenshtein.dart	unreviewed	production-relevant until a pass-3 reviewer records it
frontend/appflowy_flutter/lib/util/navigator_context_extension.dart	unreviewed	production-relevant until a pass-3 reviewer records it
frontend/appflowy_flutter/lib/util/share_log_files.dart	unreviewed	production-relevant until a pass-3 reviewer records it
frontend/appflowy_flutter/lib/util/string_extension.dart	unreviewed	production-relevant until a pass-3 reviewer records it
frontend/appflowy_flutter/lib/util/theme_extension.dart	unreviewed	production-relevant until a pass-3 reviewer records it
frontend/appflowy_flutter/lib/util/theme_mode_extension.dart	unreviewed	production-relevant until a pass-3 reviewer records it
frontend/appflowy_flutter/lib/util/throttle.dart	unreviewed	production-relevant until a pass-3 reviewer records it
frontend/appflowy_flutter/lib/util/time.dart	unreviewed	production-relevant until a pass-3 reviewer records it
frontend/appflowy_flutter/lib/util/xfile_ext.dart	unreviewed	production-relevant until a pass-3 reviewer records it
frontend/appflowy_flutter/lib/workspace/application/action_navigation/action_navigation_bloc.dart	unreviewed	production-relevant until a pass-3 reviewer records it
frontend/appflowy_flutter/lib/workspace/application/action_navigation/navigation_action.dart	unreviewed	production-relevant until a pass-3 reviewer records it
frontend/appflowy_flutter/lib/workspace/application/appearance_defaults.dart	unreviewed	production-relevant until a pass-3 reviewer records it
frontend/appflowy_flutter/lib/workspace/application/command_palette/command_palette_bloc.dart	unreviewed	production-relevant until a pass-3 reviewer records it
frontend/appflowy_flutter/lib/workspace/application/command_palette/search_result_ext.dart	unreviewed	production-relevant until a pass-3 reviewer records it
frontend/appflowy_flutter/lib/workspace/application/command_palette/search_result_list_bloc.dart	unreviewed	production-relevant until a pass-3 reviewer records it
frontend/appflowy_flutter/lib/workspace/application/command_palette/search_service.dart	unreviewed	production-relevant until a pass-3 reviewer records it
frontend/appflowy_flutter/lib/workspace/application/edit_panel/edit_context.dart	unreviewed	production-relevant until a pass-3 reviewer records it
frontend/appflowy_flutter/lib/workspace/application/edit_panel/edit_panel_bloc.dart	unreviewed	production-relevant until a pass-3 reviewer records it
frontend/appflowy_flutter/lib/workspace/application/export/document_exporter.dart	unreviewed	production-relevant until a pass-3 reviewer records it
frontend/appflowy_flutter/lib/workspace/application/favorite/favorite_bloc.dart	unreviewed	production-relevant until a pass-3 reviewer records it
frontend/appflowy_flutter/lib/workspace/application/favorite/favorite_listener.dart	unreviewed	production-relevant until a pass-3 reviewer records it
frontend/appflowy_flutter/lib/workspace/application/favorite/favorite_service.dart	unreviewed	production-relevant until a pass-3 reviewer records it
frontend/appflowy_flutter/lib/workspace/application/favorite/prelude.dart	unreviewed	production-relevant until a pass-3 reviewer records it
frontend/appflowy_flutter/lib/workspace/application/home/home_bloc.dart	unreviewed	production-relevant until a pass-3 reviewer records it
frontend/appflowy_flutter/lib/workspace/application/home/home_setting_bloc.dart	unreviewed	production-relevant until a pass-3 reviewer records it
frontend/appflowy_flutter/lib/workspace/application/home/prelude.dart	unreviewed	production-relevant until a pass-3 reviewer records it
frontend/appflowy_flutter/lib/workspace/application/menu/menu_user_bloc.dart	unreviewed	production-relevant until a pass-3 reviewer records it
frontend/appflowy_flutter/lib/workspace/application/menu/prelude.dart	unreviewed	production-relevant until a pass-3 reviewer records it
frontend/appflowy_flutter/lib/workspace/application/menu/sidebar_sections_bloc.dart	unreviewed	production-relevant until a pass-3 reviewer records it
frontend/appflowy_flutter/lib/workspace/application/notification/notification_service.dart	unreviewed	production-relevant until a pass-3 reviewer records it
frontend/appflowy_flutter/lib/workspace/application/notification/notification_service.dart''	unreviewed	production-relevant until a pass-3 reviewer records it
frontend/appflowy_flutter/lib/workspace/application/recent/cached_recent_service.dart	unreviewed	production-relevant until a pass-3 reviewer records it
frontend/appflowy_flutter/lib/workspace/application/recent/prelude.dart	unreviewed	production-relevant until a pass-3 reviewer records it
frontend/appflowy_flutter/lib/workspace/application/recent/recent_listener.dart	unreviewed	production-relevant until a pass-3 reviewer records it
frontend/appflowy_flutter/lib/workspace/application/recent/recent_views_bloc.dart	unreviewed	production-relevant until a pass-3 reviewer records it
frontend/appflowy_flutter/lib/workspace/application/settings/ai/local_ai_bloc.dart	unreviewed	production-relevant until a pass-3 reviewer records it
frontend/appflowy_flutter/lib/workspace/application/settings/ai/local_ai_on_boarding_bloc.dart	unreviewed	production-relevant until a pass-3 reviewer records it
frontend/appflowy_flutter/lib/workspace/application/settings/ai/local_llm_listener.dart	unreviewed	production-relevant until a pass-3 reviewer records it
frontend/appflowy_flutter/lib/workspace/application/settings/ai/ollama_setting_bloc.dart	unreviewed	production-relevant until a pass-3 reviewer records it
frontend/appflowy_flutter/lib/workspace/application/settings/ai/settings_ai_bloc.dart	unreviewed	production-relevant until a pass-3 reviewer records it
frontend/appflowy_flutter/lib/workspace/application/settings/appearance/appearance_cubit.dart	unreviewed	production-relevant until a pass-3 reviewer records it
frontend/appflowy_flutter/lib/workspace/application/settings/appearance/base_appearance.dart	unreviewed	production-relevant until a pass-3 reviewer records it
frontend/appflowy_flutter/lib/workspace/application/settings/appearance/desktop_appearance.dart	unreviewed	production-relevant until a pass-3 reviewer records it
frontend/appflowy_flutter/lib/workspace/application/settings/appearance/mobile_appearance.dart	unreviewed	production-relevant until a pass-3 reviewer records it
frontend/appflowy_flutter/lib/workspace/application/settings/appflowy_cloud_setting_bloc.dart	unreviewed	production-relevant until a pass-3 reviewer records it
frontend/appflowy_flutter/lib/workspace/application/settings/appflowy_cloud_urls_bloc.dart	unreviewed	production-relevant until a pass-3 reviewer records it
frontend/appflowy_flutter/lib/workspace/application/settings/application_data_storage.dart	unreviewed	production-relevant until a pass-3 reviewer records it
frontend/appflowy_flutter/lib/workspace/application/settings/billing/settings_billing_bloc.dart	unreviewed	production-relevant until a pass-3 reviewer records it
frontend/appflowy_flutter/lib/workspace/application/settings/cloud_setting_bloc.dart	unreviewed	production-relevant until a pass-3 reviewer records it
frontend/appflowy_flutter/lib/workspace/application/settings/cloud_setting_listener.dart	unreviewed	production-relevant until a pass-3 reviewer records it
frontend/appflowy_flutter/lib/workspace/application/settings/create_file_settings_cubit.dart	unreviewed	production-relevant until a pass-3 reviewer records it
frontend/appflowy_flutter/lib/workspace/application/settings/date_time/date_format_ext.dart	unreviewed	production-relevant until a pass-3 reviewer records it
frontend/appflowy_flutter/lib/workspace/application/settings/date_time/time_format_ext.dart	unreviewed	production-relevant until a pass-3 reviewer records it
frontend/appflowy_flutter/lib/workspace/application/settings/file_storage/file_storage_listener.dart	unreviewed	production-relevant until a pass-3 reviewer records it
frontend/appflowy_flutter/lib/workspace/application/settings/notifications/notification_settings_cubit.dart	unreviewed	production-relevant until a pass-3 reviewer records it
frontend/appflowy_flutter/lib/workspace/application/settings/plan/settings_plan_bloc.dart	unreviewed	production-relevant until a pass-3 reviewer records it
frontend/appflowy_flutter/lib/workspace/application/settings/plan/workspace_subscription_ext.dart	unreviewed	production-relevant until a pass-3 reviewer records it
frontend/appflowy_flutter/lib/workspace/application/settings/plan/workspace_usage_ext.dart	unreviewed	production-relevant until a pass-3 reviewer records it
frontend/appflowy_flutter/lib/workspace/application/settings/prelude.dart	unreviewed	production-relevant until a pass-3 reviewer records it
frontend/appflowy_flutter/lib/workspace/application/settings/setting_file_importer_bloc.dart	unreviewed	production-relevant until a pass-3 reviewer records it
frontend/appflowy_flutter/lib/workspace/application/settings/settings_dialog_bloc.dart	unreviewed	production-relevant until a pass-3 reviewer records it
frontend/appflowy_flutter/lib/workspace/application/settings/settings_file_exporter_cubit.dart	unreviewed	production-relevant until a pass-3 reviewer records it
frontend/appflowy_flutter/lib/workspace/application/settings/share/export_service.dart	unreviewed	production-relevant until a pass-3 reviewer records it
frontend/appflowy_flutter/lib/workspace/application/settings/share/import_service.dart	unreviewed	production-relevant until a pass-3 reviewer records it
frontend/appflowy_flutter/lib/workspace/application/settings/shortcuts/settings_shortcuts_cubit.dart	unreviewed	production-relevant until a pass-3 reviewer records it
frontend/appflowy_flutter/lib/workspace/application/settings/shortcuts/settings_shortcuts_service.dart	unreviewed	production-relevant until a pass-3 reviewer records it
frontend/appflowy_flutter/lib/workspace/application/settings/shortcuts/shortcuts_model.dart	unreviewed	production-relevant until a pass-3 reviewer records it
frontend/appflowy_flutter/lib/workspace/application/settings/workspace/workspace_settings_bloc.dart	unreviewed	production-relevant until a pass-3 reviewer records it
frontend/appflowy_flutter/lib/workspace/application/sidebar/billing/sidebar_plan_bloc.dart	unreviewed	production-relevant until a pass-3 reviewer records it
frontend/appflowy_flutter/lib/workspace/application/sidebar/folder/folder_bloc.dart	unreviewed	production-relevant until a pass-3 reviewer records it
frontend/appflowy_flutter/lib/workspace/application/sidebar/rename_view/rename_view_bloc.dart	unreviewed	production-relevant until a pass-3 reviewer records it
frontend/appflowy_flutter/lib/workspace/application/sidebar/space/space_bloc.dart	unreviewed	production-relevant until a pass-3 reviewer records it
frontend/appflowy_flutter/lib/workspace/application/sidebar/space/space_search_bloc.dart	unreviewed	production-relevant until a pass-3 reviewer records it
frontend/appflowy_flutter/lib/workspace/application/subscription_success_listenable/subscription_success_listenable.dart	unreviewed	production-relevant until a pass-3 reviewer records it
frontend/appflowy_flutter/lib/workspace/application/tabs/tabs_bloc.dart	unreviewed	production-relevant until a pass-3 reviewer records it
frontend/appflowy_flutter/lib/workspace/application/user/prelude.dart	unreviewed	production-relevant until a pass-3 reviewer records it
frontend/appflowy_flutter/lib/workspace/application/user/settings_user_bloc.dart	unreviewed	production-relevant until a pass-3 reviewer records it
frontend/appflowy_flutter/lib/workspace/application/user/user_workspace_bloc.dart	unreviewed	production-relevant until a pass-3 reviewer records it
frontend/appflowy_flutter/lib/workspace/application/view/prelude.dart	unreviewed	production-relevant until a pass-3 reviewer records it
frontend/appflowy_flutter/lib/workspace/application/view/view_bloc.dart	unreviewed	production-relevant until a pass-3 reviewer records it
frontend/appflowy_flutter/lib/workspace/application/view/view_ext.dart	unreviewed	production-relevant until a pass-3 reviewer records it
frontend/appflowy_flutter/lib/workspace/application/view/view_listener.dart	unreviewed	production-relevant until a pass-3 reviewer records it
frontend/appflowy_flutter/lib/workspace/application/view/view_service.dart	unreviewed	production-relevant until a pass-3 reviewer records it
frontend/appflowy_flutter/lib/workspace/application/view_info/view_info_bloc.dart	unreviewed	production-relevant until a pass-3 reviewer records it
frontend/appflowy_flutter/lib/workspace/application/view_title/view_title_bar_bloc.dart	unreviewed	production-relevant until a pass-3 reviewer records it
frontend/appflowy_flutter/lib/workspace/application/view_title/view_title_bloc.dart	unreviewed	production-relevant until a pass-3 reviewer records it
frontend/appflowy_flutter/lib/workspace/application/workspace/prelude.dart	unreviewed	production-relevant until a pass-3 reviewer records it
frontend/appflowy_flutter/lib/workspace/application/workspace/workspace_bloc.dart	unreviewed	production-relevant until a pass-3 reviewer records it
frontend/appflowy_flutter/lib/workspace/application/workspace/workspace_listener.dart	unreviewed	production-relevant until a pass-3 reviewer records it
frontend/appflowy_flutter/lib/workspace/application/workspace/workspace_sections_listener.dart	unreviewed	production-relevant until a pass-3 reviewer records it
frontend/appflowy_flutter/lib/workspace/application/workspace/workspace_service.dart	unreviewed	production-relevant until a pass-3 reviewer records it
frontend/appflowy_flutter/lib/workspace/presentation/command_palette/command_palette.dart	unreviewed	production-relevant until a pass-3 reviewer records it
frontend/appflowy_flutter/lib/workspace/presentation/command_palette/navigation_bloc_extension.dart	unreviewed	production-relevant until a pass-3 reviewer records it
frontend/appflowy_flutter/lib/workspace/presentation/command_palette/widgets/page_preview.dart	unreviewed	production-relevant until a pass-3 reviewer records it
frontend/appflowy_flutter/lib/workspace/presentation/command_palette/widgets/recent_views_list.dart	unreviewed	production-relevant until a pass-3 reviewer records it
frontend/appflowy_flutter/lib/workspace/presentation/command_palette/widgets/search_ask_ai_entrance.dart	unreviewed	production-relevant until a pass-3 reviewer records it
frontend/appflowy_flutter/lib/workspace/presentation/command_palette/widgets/search_field.dart	unreviewed	production-relevant until a pass-3 reviewer records it
frontend/appflowy_flutter/lib/workspace/presentation/command_palette/widgets/search_icon.dart	unreviewed	production-relevant until a pass-3 reviewer records it
frontend/appflowy_flutter/lib/workspace/presentation/command_palette/widgets/search_recent_view_cell.dart	unreviewed	production-relevant until a pass-3 reviewer records it
frontend/appflowy_flutter/lib/workspace/presentation/command_palette/widgets/search_result_cell.dart	unreviewed	production-relevant until a pass-3 reviewer records it
frontend/appflowy_flutter/lib/workspace/presentation/command_palette/widgets/search_results_list.dart	unreviewed	production-relevant until a pass-3 reviewer records it
frontend/appflowy_flutter/lib/workspace/presentation/command_palette/widgets/search_summary_cell.dart	unreviewed	production-relevant until a pass-3 reviewer records it
frontend/appflowy_flutter/lib/workspace/presentation/home/af_focus_manager.dart	unreviewed	production-relevant until a pass-3 reviewer records it
frontend/appflowy_flutter/lib/workspace/presentation/home/desktop_home_screen.dart	unreviewed	production-relevant until a pass-3 reviewer records it
frontend/appflowy_flutter/lib/workspace/presentation/home/errors/workspace_failed_screen.dart	unreviewed	production-relevant until a pass-3 reviewer records it
frontend/appflowy_flutter/lib/workspace/presentation/home/home_layout.dart	unreviewed	production-relevant until a pass-3 reviewer records it
frontend/appflowy_flutter/lib/workspace/presentation/home/home_sizes.dart	unreviewed	production-relevant until a pass-3 reviewer records it
frontend/appflowy_flutter/lib/workspace/presentation/home/home_stack.dart	unreviewed	production-relevant until a pass-3 reviewer records it
frontend/appflowy_flutter/lib/workspace/presentation/home/hotkeys.dart	unreviewed	production-relevant until a pass-3 reviewer records it
frontend/appflowy_flutter/lib/workspace/presentation/home/menu/menu_shared_state.dart	unreviewed	production-relevant until a pass-3 reviewer records it
frontend/appflowy_flutter/lib/workspace/presentation/home/menu/sidebar/favorites/favorite_folder.dart	unreviewed	production-relevant until a pass-3 reviewer records it
frontend/appflowy_flutter/lib/workspace/presentation/home/menu/sidebar/favorites/favorite_menu.dart	unreviewed	production-relevant until a pass-3 reviewer records it
frontend/appflowy_flutter/lib/workspace/presentation/home/menu/sidebar/favorites/favorite_menu_bloc.dart	unreviewed	production-relevant until a pass-3 reviewer records it
frontend/appflowy_flutter/lib/workspace/presentation/home/menu/sidebar/favorites/favorite_more_actions.dart	unreviewed	production-relevant until a pass-3 reviewer records it
frontend/appflowy_flutter/lib/workspace/presentation/home/menu/sidebar/favorites/favorite_pin_action.dart	unreviewed	production-relevant until a pass-3 reviewer records it
frontend/appflowy_flutter/lib/workspace/presentation/home/menu/sidebar/favorites/favorite_pin_bloc.dart	unreviewed	production-relevant until a pass-3 reviewer records it
frontend/appflowy_flutter/lib/workspace/presentation/home/menu/sidebar/folder/_folder_header.dart	unreviewed	production-relevant until a pass-3 reviewer records it
frontend/appflowy_flutter/lib/workspace/presentation/home/menu/sidebar/folder/_section_folder.dart	unreviewed	production-relevant until a pass-3 reviewer records it
frontend/appflowy_flutter/lib/workspace/presentation/home/menu/sidebar/footer/sidebar_footer.dart	unreviewed	production-relevant until a pass-3 reviewer records it
frontend/appflowy_flutter/lib/workspace/presentation/home/menu/sidebar/footer/sidebar_footer_button.dart	unreviewed	production-relevant until a pass-3 reviewer records it
frontend/appflowy_flutter/lib/workspace/presentation/home/menu/sidebar/footer/sidebar_toast.dart	unreviewed	production-relevant until a pass-3 reviewer records it
frontend/appflowy_flutter/lib/workspace/presentation/home/menu/sidebar/footer/sidebar_upgrade_application_button.dart	unreviewed	production-relevant until a pass-3 reviewer records it
frontend/appflowy_flutter/lib/workspace/presentation/home/menu/sidebar/header/sidebar_top_menu.dart	unreviewed	production-relevant until a pass-3 reviewer records it
frontend/appflowy_flutter/lib/workspace/presentation/home/menu/sidebar/header/sidebar_user.dart	unreviewed	production-relevant until a pass-3 reviewer records it
frontend/appflowy_flutter/lib/workspace/presentation/home/menu/sidebar/import/import_panel.dart	unreviewed	production-relevant until a pass-3 reviewer records it
frontend/appflowy_flutter/lib/workspace/presentation/home/menu/sidebar/import/import_type.dart	unreviewed	production-relevant until a pass-3 reviewer records it
frontend/appflowy_flutter/lib/workspace/presentation/home/menu/sidebar/move_to/move_page_menu.dart	unreviewed	production-relevant until a pass-3 reviewer records it
frontend/appflowy_flutter/lib/workspace/presentation/home/menu/sidebar/shared/sidebar_folder.dart	unreviewed	production-relevant until a pass-3 reviewer records it
frontend/appflowy_flutter/lib/workspace/presentation/home/menu/sidebar/shared/sidebar_new_page_button.dart	unreviewed	production-relevant until a pass-3 reviewer records it
frontend/appflowy_flutter/lib/workspace/presentation/home/menu/sidebar/shared/sidebar_setting.dart	unreviewed	production-relevant until a pass-3 reviewer records it
frontend/appflowy_flutter/lib/workspace/presentation/home/menu/sidebar/sidebar.dart	unreviewed	production-relevant until a pass-3 reviewer records it
frontend/appflowy_flutter/lib/workspace/presentation/home/menu/sidebar/slider_menu_hover_trigger.dart	unreviewed	production-relevant until a pass-3 reviewer records it
frontend/appflowy_flutter/lib/workspace/presentation/home/menu/sidebar/space/_extension.dart	unreviewed	production-relevant until a pass-3 reviewer records it
frontend/appflowy_flutter/lib/workspace/presentation/home/menu/sidebar/space/create_space_popup.dart	unreviewed	production-relevant until a pass-3 reviewer records it
frontend/appflowy_flutter/lib/workspace/presentation/home/menu/sidebar/space/manage_space_popup.dart	unreviewed	production-relevant until a pass-3 reviewer records it
frontend/appflowy_flutter/lib/workspace/presentation/home/menu/sidebar/space/shared_widget.dart	unreviewed	production-relevant until a pass-3 reviewer records it
frontend/appflowy_flutter/lib/workspace/presentation/home/menu/sidebar/space/sidebar_space.dart	unreviewed	production-relevant until a pass-3 reviewer records it
frontend/appflowy_flutter/lib/workspace/presentation/home/menu/sidebar/space/sidebar_space_header.dart	unreviewed	production-relevant until a pass-3 reviewer records it
frontend/appflowy_flutter/lib/workspace/presentation/home/menu/sidebar/space/sidebar_space_menu.dart	unreviewed	production-relevant until a pass-3 reviewer records it
frontend/appflowy_flutter/lib/workspace/presentation/home/menu/sidebar/space/space_action_type.dart	unreviewed	production-relevant until a pass-3 reviewer records it
frontend/appflowy_flutter/lib/workspace/presentation/home/menu/sidebar/space/space_icon.dart	unreviewed	production-relevant until a pass-3 reviewer records it
frontend/appflowy_flutter/lib/workspace/presentation/home/menu/sidebar/space/space_icon_popup.dart	unreviewed	production-relevant until a pass-3 reviewer records it
frontend/appflowy_flutter/lib/workspace/presentation/home/menu/sidebar/space/space_migration.dart	unreviewed	production-relevant until a pass-3 reviewer records it
frontend/appflowy_flutter/lib/workspace/presentation/home/menu/sidebar/space/space_more_popup.dart	unreviewed	production-relevant until a pass-3 reviewer records it
frontend/appflowy_flutter/lib/workspace/presentation/home/menu/sidebar/workspace/_sidebar_import_notion.dart	unreviewed	production-relevant until a pass-3 reviewer records it
frontend/appflowy_flutter/lib/workspace/presentation/home/menu/sidebar/workspace/_sidebar_workspace_actions.dart	unreviewed	production-relevant until a pass-3 reviewer records it
frontend/appflowy_flutter/lib/workspace/presentation/home/menu/sidebar/workspace/_sidebar_workspace_icon.dart	unreviewed	production-relevant until a pass-3 reviewer records it
frontend/appflowy_flutter/lib/workspace/presentation/home/menu/sidebar/workspace/_sidebar_workspace_menu.dart	unreviewed	production-relevant until a pass-3 reviewer records it
frontend/appflowy_flutter/lib/workspace/presentation/home/menu/sidebar/workspace/sidebar_workspace.dart	unreviewed	production-relevant until a pass-3 reviewer records it
frontend/appflowy_flutter/lib/workspace/presentation/home/menu/sidebar/workspace/workspace_notifier.dart	unreviewed	production-relevant until a pass-3 reviewer records it
frontend/appflowy_flutter/lib/workspace/presentation/home/menu/view/draggable_view_item.dart	unreviewed	production-relevant until a pass-3 reviewer records it
frontend/appflowy_flutter/lib/workspace/presentation/home/menu/view/view_action_type.dart	unreviewed	production-relevant until a pass-3 reviewer records it
frontend/appflowy_flutter/lib/workspace/presentation/home/menu/view/view_add_button.dart	unreviewed	production-relevant until a pass-3 reviewer records it
frontend/appflowy_flutter/lib/workspace/presentation/home/menu/view/view_item.dart	unreviewed	production-relevant until a pass-3 reviewer records it
frontend/appflowy_flutter/lib/workspace/presentation/home/menu/view/view_more_action_button.dart	unreviewed	production-relevant until a pass-3 reviewer records it
frontend/appflowy_flutter/lib/workspace/presentation/home/navigation.dart	unreviewed	production-relevant until a pass-3 reviewer records it
frontend/appflowy_flutter/lib/workspace/presentation/home/tabs/flowy_tab.dart	unreviewed	production-relevant until a pass-3 reviewer records it
frontend/appflowy_flutter/lib/workspace/presentation/home/tabs/tabs_manager.dart	unreviewed	production-relevant until a pass-3 reviewer records it
frontend/appflowy_flutter/lib/workspace/presentation/home/toast.dart	unreviewed	production-relevant until a pass-3 reviewer records it
frontend/appflowy_flutter/lib/workspace/presentation/notifications/notification_panel.dart	unreviewed	production-relevant until a pass-3 reviewer records it
frontend/appflowy_flutter/lib/workspace/presentation/notifications/number_red_dot.dart	unreviewed	production-relevant until a pass-3 reviewer records it
frontend/appflowy_flutter/lib/workspace/presentation/notifications/reminder_extension.dart	unreviewed	production-relevant until a pass-3 reviewer records it
frontend/appflowy_flutter/lib/workspace/presentation/notifications/widgets/flowy_tab.dart	unreviewed	production-relevant until a pass-3 reviewer records it
frontend/appflowy_flutter/lib/workspace/presentation/notifications/widgets/inbox_action_bar.dart	unreviewed	production-relevant until a pass-3 reviewer records it
frontend/appflowy_flutter/lib/workspace/presentation/notifications/widgets/notification_button.dart	unreviewed	production-relevant until a pass-3 reviewer records it
frontend/appflowy_flutter/lib/workspace/presentation/notifications/widgets/notification_content_v2.dart	unreviewed	production-relevant until a pass-3 reviewer records it
frontend/appflowy_flutter/lib/workspace/presentation/notifications/widgets/notification_hub_title.dart	unreviewed	production-relevant until a pass-3 reviewer records it
frontend/appflowy_flutter/lib/workspace/presentation/notifications/widgets/notification_item.dart	unreviewed	production-relevant until a pass-3 reviewer records it
frontend/appflowy_flutter/lib/workspace/presentation/notifications/widgets/notification_item_v2.dart	unreviewed	production-relevant until a pass-3 reviewer records it
frontend/appflowy_flutter/lib/workspace/presentation/notifications/widgets/notification_tab.dart	unreviewed	production-relevant until a pass-3 reviewer records it
frontend/appflowy_flutter/lib/workspace/presentation/notifications/widgets/notification_tab_bar.dart	unreviewed	production-relevant until a pass-3 reviewer records it
frontend/appflowy_flutter/lib/workspace/presentation/notifications/widgets/notification_view.dart	unreviewed	production-relevant until a pass-3 reviewer records it
frontend/appflowy_flutter/lib/workspace/presentation/notifications/widgets/notifications_hub_empty.dart	unreviewed	production-relevant until a pass-3 reviewer records it
frontend/appflowy_flutter/lib/workspace/presentation/settings/pages/about/app_version.dart	unreviewed	production-relevant until a pass-3 reviewer records it
frontend/appflowy_flutter/lib/workspace/presentation/settings/pages/account/account.dart	unreviewed	production-relevant until a pass-3 reviewer records it
frontend/appflowy_flutter/lib/workspace/presentation/settings/pages/account/account_deletion.dart	unreviewed	production-relevant until a pass-3 reviewer records it
frontend/appflowy_flutter/lib/workspace/presentation/settings/pages/account/account_sign_in_out.dart	unreviewed	production-relevant until a pass-3 reviewer records it
frontend/appflowy_flutter/lib/workspace/presentation/settings/pages/account/account_user_profile.dart	unreviewed	production-relevant until a pass-3 reviewer records it
frontend/appflowy_flutter/lib/workspace/presentation/settings/pages/account/email/email_section.dart	unreviewed	production-relevant until a pass-3 reviewer records it
frontend/appflowy_flutter/lib/workspace/presentation/settings/pages/account/password/change_password.dart	unreviewed	production-relevant until a pass-3 reviewer records it
frontend/appflowy_flutter/lib/workspace/presentation/settings/pages/account/password/error_extensions.dart	unreviewed	production-relevant until a pass-3 reviewer records it
frontend/appflowy_flutter/lib/workspace/presentation/settings/pages/account/password/password_suffix_icon.dart	unreviewed	production-relevant until a pass-3 reviewer records it
frontend/appflowy_flutter/lib/workspace/presentation/settings/pages/account/password/setup_password.dart	unreviewed	production-relevant until a pass-3 reviewer records it
frontend/appflowy_flutter/lib/workspace/presentation/settings/pages/fix_data_widget.dart	unreviewed	production-relevant until a pass-3 reviewer records it
frontend/appflowy_flutter/lib/workspace/presentation/settings/pages/setting_ai_view/local_ai_setting.dart	unreviewed	production-relevant until a pass-3 reviewer records it
frontend/appflowy_flutter/lib/workspace/presentation/settings/pages/setting_ai_view/local_settings_ai_view.dart	unreviewed	production-relevant until a pass-3 reviewer records it
frontend/appflowy_flutter/lib/workspace/presentation/settings/pages/setting_ai_view/model_selection.dart	unreviewed	production-relevant until a pass-3 reviewer records it
frontend/appflowy_flutter/lib/workspace/presentation/settings/pages/setting_ai_view/ollama_setting.dart	unreviewed	production-relevant until a pass-3 reviewer records it
frontend/appflowy_flutter/lib/workspace/presentation/settings/pages/setting_ai_view/plugin_status_indicator.dart	unreviewed	production-relevant until a pass-3 reviewer records it
frontend/appflowy_flutter/lib/workspace/presentation/settings/pages/setting_ai_view/settings_ai_view.dart	unreviewed	production-relevant until a pass-3 reviewer records it
frontend/appflowy_flutter/lib/workspace/presentation/settings/pages/settings_account_view.dart	unreviewed	production-relevant until a pass-3 reviewer records it
frontend/appflowy_flutter/lib/workspace/presentation/settings/pages/settings_billing_view.dart	unreviewed	production-relevant until a pass-3 reviewer records it
frontend/appflowy_flutter/lib/workspace/presentation/settings/pages/settings_manage_data_view.dart	unreviewed	production-relevant until a pass-3 reviewer records it
frontend/appflowy_flutter/lib/workspace/presentation/settings/pages/settings_plan_comparison_dialog.dart	unreviewed	production-relevant until a pass-3 reviewer records it
frontend/appflowy_flutter/lib/workspace/presentation/settings/pages/settings_plan_view.dart	unreviewed	production-relevant until a pass-3 reviewer records it
frontend/appflowy_flutter/lib/workspace/presentation/settings/pages/settings_shortcuts_view.dart	unreviewed	production-relevant until a pass-3 reviewer records it
frontend/appflowy_flutter/lib/workspace/presentation/settings/pages/settings_workspace_view.dart	unreviewed	production-relevant until a pass-3 reviewer records it
frontend/appflowy_flutter/lib/workspace/presentation/settings/pages/sites/constants.dart	unreviewed	production-relevant until a pass-3 reviewer records it
frontend/appflowy_flutter/lib/workspace/presentation/settings/pages/sites/domain/domain_header.dart	unreviewed	production-relevant until a pass-3 reviewer records it
frontend/appflowy_flutter/lib/workspace/presentation/settings/pages/sites/domain/domain_item.dart	unreviewed	production-relevant until a pass-3 reviewer records it
frontend/appflowy_flutter/lib/workspace/presentation/settings/pages/sites/domain/domain_more_action.dart	unreviewed	production-relevant until a pass-3 reviewer records it
frontend/appflowy_flutter/lib/workspace/presentation/settings/pages/sites/domain/domain_settings_dialog.dart	unreviewed	production-relevant until a pass-3 reviewer records it
frontend/appflowy_flutter/lib/workspace/presentation/settings/pages/sites/domain/home_page_menu.dart	unreviewed	production-relevant until a pass-3 reviewer records it
frontend/appflowy_flutter/lib/workspace/presentation/settings/pages/sites/publish_info_view_item.dart	unreviewed	production-relevant until a pass-3 reviewer records it
frontend/appflowy_flutter/lib/workspace/presentation/settings/pages/sites/published_page/published_view_item.dart	unreviewed	production-relevant until a pass-3 reviewer records it
frontend/appflowy_flutter/lib/workspace/presentation/settings/pages/sites/published_page/published_view_item_header.dart	unreviewed	production-relevant until a pass-3 reviewer records it
frontend/appflowy_flutter/lib/workspace/presentation/settings/pages/sites/published_page/published_view_more_action.dart	unreviewed	production-relevant until a pass-3 reviewer records it
frontend/appflowy_flutter/lib/workspace/presentation/settings/pages/sites/published_page/published_view_settings_dialog.dart	unreviewed	production-relevant until a pass-3 reviewer records it
frontend/appflowy_flutter/lib/workspace/presentation/settings/pages/sites/settings_sites_bloc.dart	unreviewed	production-relevant until a pass-3 reviewer records it
frontend/appflowy_flutter/lib/workspace/presentation/settings/pages/sites/settings_sites_view.dart	unreviewed	production-relevant until a pass-3 reviewer records it
frontend/appflowy_flutter/lib/workspace/presentation/settings/settings_dialog.dart	unreviewed	production-relevant until a pass-3 reviewer records it
frontend/appflowy_flutter/lib/workspace/presentation/settings/shared/af_dropdown_menu_entry.dart	unreviewed	production-relevant until a pass-3 reviewer records it
frontend/appflowy_flutter/lib/workspace/presentation/settings/shared/document_color_setting_button.dart	unreviewed	production-relevant until a pass-3 reviewer records it
frontend/appflowy_flutter/lib/workspace/presentation/settings/shared/flowy_gradient_button.dart	unreviewed	production-relevant until a pass-3 reviewer records it
frontend/appflowy_flutter/lib/workspace/presentation/settings/shared/setting_action.dart	unreviewed	production-relevant until a pass-3 reviewer records it
frontend/appflowy_flutter/lib/workspace/presentation/settings/shared/setting_list_tile.dart	unreviewed	production-relevant until a pass-3 reviewer records it
frontend/appflowy_flutter/lib/workspace/presentation/settings/shared/setting_value_dropdown.dart	unreviewed	production-relevant until a pass-3 reviewer records it
frontend/appflowy_flutter/lib/workspace/presentation/settings/shared/settings_actionable_input.dart	unreviewed	production-relevant until a pass-3 reviewer records it
frontend/appflowy_flutter/lib/workspace/presentation/settings/shared/settings_alert_dialog.dart	unreviewed	production-relevant until a pass-3 reviewer records it
frontend/appflowy_flutter/lib/workspace/presentation/settings/shared/settings_body.dart	unreviewed	production-relevant until a pass-3 reviewer records it
frontend/appflowy_flutter/lib/workspace/presentation/settings/shared/settings_category.dart	unreviewed	production-relevant until a pass-3 reviewer records it
frontend/appflowy_flutter/lib/workspace/presentation/settings/shared/settings_category_spacer.dart	unreviewed	production-relevant until a pass-3 reviewer records it
frontend/appflowy_flutter/lib/workspace/presentation/settings/shared/settings_dashed_divider.dart	unreviewed	production-relevant until a pass-3 reviewer records it
frontend/appflowy_flutter/lib/workspace/presentation/settings/shared/settings_dropdown.dart	unreviewed	production-relevant until a pass-3 reviewer records it
frontend/appflowy_flutter/lib/workspace/presentation/settings/shared/settings_header.dart	unreviewed	production-relevant until a pass-3 reviewer records it
frontend/appflowy_flutter/lib/workspace/presentation/settings/shared/settings_input_field.dart	unreviewed	production-relevant until a pass-3 reviewer records it
frontend/appflowy_flutter/lib/workspace/presentation/settings/shared/settings_radio_select.dart	unreviewed	production-relevant until a pass-3 reviewer records it
frontend/appflowy_flutter/lib/workspace/presentation/settings/shared/settings_subcategory.dart	unreviewed	production-relevant until a pass-3 reviewer records it
frontend/appflowy_flutter/lib/workspace/presentation/settings/shared/single_setting_action.dart	unreviewed	production-relevant until a pass-3 reviewer records it
frontend/appflowy_flutter/lib/workspace/presentation/settings/widgets/_restart_app_button.dart	unreviewed	production-relevant until a pass-3 reviewer records it
frontend/appflowy_flutter/lib/workspace/presentation/settings/widgets/cancel_plan_survey_dialog.dart	unreviewed	production-relevant until a pass-3 reviewer records it
frontend/appflowy_flutter/lib/workspace/presentation/settings/widgets/emoji_picker/emoji_picker.dart	unreviewed	production-relevant until a pass-3 reviewer records it
frontend/appflowy_flutter/lib/workspace/presentation/settings/widgets/emoji_picker/emoji_shortcut_event.dart	unreviewed	production-relevant until a pass-3 reviewer records it
frontend/appflowy_flutter/lib/workspace/presentation/settings/widgets/emoji_picker/src/default_emoji_picker_view.dart	unreviewed	production-relevant until a pass-3 reviewer records it
frontend/appflowy_flutter/lib/workspace/presentation/settings/widgets/emoji_picker/src/emji_picker_config.dart	unreviewed	production-relevant until a pass-3 reviewer records it
frontend/appflowy_flutter/lib/workspace/presentation/settings/widgets/emoji_picker/src/emoji_lists.dart	unreviewed	production-relevant until a pass-3 reviewer records it
frontend/appflowy_flutter/lib/workspace/presentation/settings/widgets/emoji_picker/src/emoji_picker.dart	unreviewed	production-relevant until a pass-3 reviewer records it
frontend/appflowy_flutter/lib/workspace/presentation/settings/widgets/emoji_picker/src/emoji_picker_builder.dart	unreviewed	production-relevant until a pass-3 reviewer records it
frontend/appflowy_flutter/lib/workspace/presentation/settings/widgets/emoji_picker/src/emoji_view_state.dart	unreviewed	production-relevant until a pass-3 reviewer records it
frontend/appflowy_flutter/lib/workspace/presentation/settings/widgets/emoji_picker/src/flowy_emoji_picker_config.dart	unreviewed	production-relevant until a pass-3 reviewer records it
frontend/appflowy_flutter/lib/workspace/presentation/settings/widgets/emoji_picker/src/models/emoji_category_models.dart	unreviewed	production-relevant until a pass-3 reviewer records it
frontend/appflowy_flutter/lib/workspace/presentation/settings/widgets/emoji_picker/src/models/emoji_model.dart	unreviewed	production-relevant until a pass-3 reviewer records it
frontend/appflowy_flutter/lib/workspace/presentation/settings/widgets/emoji_picker/src/models/recent_emoji_model.dart	unreviewed	production-relevant until a pass-3 reviewer records it
frontend/appflowy_flutter/lib/workspace/presentation/settings/widgets/feature_flags/feature_flag_page.dart	unreviewed	production-relevant until a pass-3 reviewer records it
frontend/appflowy_flutter/lib/workspace/presentation/settings/widgets/feature_flags/mobile_feature_flag_screen.dart	unreviewed	production-relevant until a pass-3 reviewer records it
frontend/appflowy_flutter/lib/workspace/presentation/settings/widgets/files/settings_export_file_widget.dart	unreviewed	production-relevant until a pass-3 reviewer records it
frontend/appflowy_flutter/lib/workspace/presentation/settings/widgets/files/settings_file_exporter_widget.dart	unreviewed	production-relevant until a pass-3 reviewer records it
frontend/appflowy_flutter/lib/workspace/presentation/settings/widgets/members/invitation/invite_member_by_email.dart	unreviewed	production-relevant until a pass-3 reviewer records it
frontend/appflowy_flutter/lib/workspace/presentation/settings/widgets/members/invitation/invite_member_by_link.dart	unreviewed	production-relevant until a pass-3 reviewer records it
frontend/appflowy_flutter/lib/workspace/presentation/settings/widgets/members/invitation/m_invite_member_by_email.dart	unreviewed	production-relevant until a pass-3 reviewer records it
frontend/appflowy_flutter/lib/workspace/presentation/settings/widgets/members/invitation/m_invite_member_by_link.dart	unreviewed	production-relevant until a pass-3 reviewer records it
frontend/appflowy_flutter/lib/workspace/presentation/settings/widgets/members/invitation/member_http_service.dart	unreviewed	production-relevant until a pass-3 reviewer records it
frontend/appflowy_flutter/lib/workspace/presentation/settings/widgets/members/workspace_member_bloc.dart	unreviewed	production-relevant until a pass-3 reviewer records it
frontend/appflowy_flutter/lib/workspace/presentation/settings/widgets/members/workspace_member_page.dart	unreviewed	production-relevant until a pass-3 reviewer records it
frontend/appflowy_flutter/lib/workspace/presentation/settings/widgets/setting_appflowy_cloud.dart	unreviewed	production-relevant until a pass-3 reviewer records it
frontend/appflowy_flutter/lib/workspace/presentation/settings/widgets/setting_cloud.dart	unreviewed	production-relevant until a pass-3 reviewer records it
frontend/appflowy_flutter/lib/workspace/presentation/settings/widgets/setting_local_cloud.dart	unreviewed	production-relevant until a pass-3 reviewer records it
frontend/appflowy_flutter/lib/workspace/presentation/settings/widgets/setting_third_party_login.dart	unreviewed	production-relevant until a pass-3 reviewer records it
frontend/appflowy_flutter/lib/workspace/presentation/settings/widgets/settings_menu.dart	unreviewed	production-relevant until a pass-3 reviewer records it
frontend/appflowy_flutter/lib/workspace/presentation/settings/widgets/settings_menu_element.dart	unreviewed	production-relevant until a pass-3 reviewer records it
frontend/appflowy_flutter/lib/workspace/presentation/settings/widgets/settings_notifications_view.dart	unreviewed	production-relevant until a pass-3 reviewer records it
frontend/appflowy_flutter/lib/workspace/presentation/settings/widgets/theme_upload/theme_confirm_delete_dialog.dart	unreviewed	production-relevant until a pass-3 reviewer records it
frontend/appflowy_flutter/lib/workspace/presentation/settings/widgets/theme_upload/theme_upload.dart	unreviewed	production-relevant until a pass-3 reviewer records it
frontend/appflowy_flutter/lib/workspace/presentation/settings/widgets/theme_upload/theme_upload_button.dart	unreviewed	production-relevant until a pass-3 reviewer records it
frontend/appflowy_flutter/lib/workspace/presentation/settings/widgets/theme_upload/theme_upload_decoration.dart	unreviewed	production-relevant until a pass-3 reviewer records it
frontend/appflowy_flutter/lib/workspace/presentation/settings/widgets/theme_upload/theme_upload_failure_widget.dart	unreviewed	production-relevant until a pass-3 reviewer records it
frontend/appflowy_flutter/lib/workspace/presentation/settings/widgets/theme_upload/theme_upload_learn_more_button.dart	unreviewed	production-relevant until a pass-3 reviewer records it
frontend/appflowy_flutter/lib/workspace/presentation/settings/widgets/theme_upload/theme_upload_loading_widget.dart	unreviewed	production-relevant until a pass-3 reviewer records it
frontend/appflowy_flutter/lib/workspace/presentation/settings/widgets/theme_upload/theme_upload_view.dart	unreviewed	production-relevant until a pass-3 reviewer records it
frontend/appflowy_flutter/lib/workspace/presentation/settings/widgets/theme_upload/upload_new_theme_widget.dart	unreviewed	production-relevant until a pass-3 reviewer records it
frontend/appflowy_flutter/lib/workspace/presentation/settings/widgets/utils/form_factor.dart	unreviewed	production-relevant until a pass-3 reviewer records it
frontend/appflowy_flutter/lib/workspace/presentation/settings/widgets/utils/hex_opacity_string_extension.dart	unreviewed	production-relevant until a pass-3 reviewer records it
frontend/appflowy_flutter/lib/workspace/presentation/settings/widgets/web_url_hint_widget.dart	unreviewed	production-relevant until a pass-3 reviewer records it
frontend/appflowy_flutter/lib/workspace/presentation/widgets/date_picker/appflowy_date_picker_base.dart	unreviewed	production-relevant until a pass-3 reviewer records it
frontend/appflowy_flutter/lib/workspace/presentation/widgets/date_picker/desktop_date_picker.dart	unreviewed	production-relevant until a pass-3 reviewer records it
frontend/appflowy_flutter/lib/workspace/presentation/widgets/date_picker/mobile_date_picker.dart	unreviewed	production-relevant until a pass-3 reviewer records it
frontend/appflowy_flutter/lib/workspace/presentation/widgets/date_picker/utils/date_time_format_ext.dart	unreviewed	production-relevant until a pass-3 reviewer records it
frontend/appflowy_flutter/lib/workspace/presentation/widgets/date_picker/utils/layout.dart	unreviewed	production-relevant until a pass-3 reviewer records it
frontend/appflowy_flutter/lib/workspace/presentation/widgets/date_picker/utils/user_time_format_ext.dart	unreviewed	production-relevant until a pass-3 reviewer records it
frontend/appflowy_flutter/lib/workspace/presentation/widgets/date_picker/widgets/clear_date_button.dart	unreviewed	production-relevant until a pass-3 reviewer records it
frontend/appflowy_flutter/lib/workspace/presentation/widgets/date_picker/widgets/date_picker.dart	unreviewed	production-relevant until a pass-3 reviewer records it
frontend/appflowy_flutter/lib/workspace/presentation/widgets/date_picker/widgets/date_picker_dialog.dart	unreviewed	production-relevant until a pass-3 reviewer records it
frontend/appflowy_flutter/lib/workspace/presentation/widgets/date_picker/widgets/date_time_settings.dart	unreviewed	production-relevant until a pass-3 reviewer records it
frontend/appflowy_flutter/lib/workspace/presentation/widgets/date_picker/widgets/date_time_text_field.dart	unreviewed	production-relevant until a pass-3 reviewer records it
frontend/appflowy_flutter/lib/workspace/presentation/widgets/date_picker/widgets/date_type_option_button.dart	unreviewed	production-relevant until a pass-3 reviewer records it
frontend/appflowy_flutter/lib/workspace/presentation/widgets/date_picker/widgets/end_time_button.dart	unreviewed	production-relevant until a pass-3 reviewer records it
frontend/appflowy_flutter/lib/workspace/presentation/widgets/date_picker/widgets/mobile_date_editor.dart	unreviewed	production-relevant until a pass-3 reviewer records it
frontend/appflowy_flutter/lib/workspace/presentation/widgets/date_picker/widgets/mobile_date_header.dart	unreviewed	production-relevant until a pass-3 reviewer records it
frontend/appflowy_flutter/lib/workspace/presentation/widgets/date_picker/widgets/reminder_selector.dart	unreviewed	production-relevant until a pass-3 reviewer records it
frontend/appflowy_flutter/lib/workspace/presentation/widgets/dialog_v2.dart	unreviewed	production-relevant until a pass-3 reviewer records it
frontend/appflowy_flutter/lib/workspace/presentation/widgets/dialogs.dart	unreviewed	production-relevant until a pass-3 reviewer records it
frontend/appflowy_flutter/lib/workspace/presentation/widgets/draggable_item/draggable_item.dart	unreviewed	production-relevant until a pass-3 reviewer records it
frontend/appflowy_flutter/lib/workspace/presentation/widgets/edit_panel/edit_panel.dart	unreviewed	production-relevant until a pass-3 reviewer records it
frontend/appflowy_flutter/lib/workspace/presentation/widgets/edit_panel/panel_animation.dart	unreviewed	production-relevant until a pass-3 reviewer records it
frontend/appflowy_flutter/lib/workspace/presentation/widgets/favorite_button.dart	unreviewed	production-relevant until a pass-3 reviewer records it
frontend/appflowy_flutter/lib/workspace/presentation/widgets/float_bubble/question_bubble.dart	unreviewed	production-relevant until a pass-3 reviewer records it
frontend/appflowy_flutter/lib/workspace/presentation/widgets/float_bubble/social_media_section.dart	unreviewed	production-relevant until a pass-3 reviewer records it
frontend/appflowy_flutter/lib/workspace/presentation/widgets/float_bubble/version_section.dart	unreviewed	production-relevant until a pass-3 reviewer records it
frontend/appflowy_flutter/lib/workspace/presentation/widgets/image_viewer/image_provider.dart	unreviewed	production-relevant until a pass-3 reviewer records it
frontend/appflowy_flutter/lib/workspace/presentation/widgets/image_viewer/interactive_image_toolbar.dart	unreviewed	production-relevant until a pass-3 reviewer records it
frontend/appflowy_flutter/lib/workspace/presentation/widgets/image_viewer/interactive_image_viewer.dart	unreviewed	production-relevant until a pass-3 reviewer records it
frontend/appflowy_flutter/lib/workspace/presentation/widgets/more_view_actions/more_view_actions.dart	unreviewed	production-relevant until a pass-3 reviewer records it
frontend/appflowy_flutter/lib/workspace/presentation/widgets/more_view_actions/widgets/common_view_action.dart	unreviewed	production-relevant until a pass-3 reviewer records it
frontend/appflowy_flutter/lib/workspace/presentation/widgets/more_view_actions/widgets/font_size_action.dart	unreviewed	production-relevant until a pass-3 reviewer records it
frontend/appflowy_flutter/lib/workspace/presentation/widgets/more_view_actions/widgets/font_size_stepper.dart	unreviewed	production-relevant until a pass-3 reviewer records it
frontend/appflowy_flutter/lib/workspace/presentation/widgets/more_view_actions/widgets/lock_page_action.dart	unreviewed	production-relevant until a pass-3 reviewer records it
frontend/appflowy_flutter/lib/workspace/presentation/widgets/more_view_actions/widgets/view_meta_info.dart	unreviewed	production-relevant until a pass-3 reviewer records it
frontend/appflowy_flutter/lib/workspace/presentation/widgets/pop_up_action.dart	unreviewed	production-relevant until a pass-3 reviewer records it
frontend/appflowy_flutter/lib/workspace/presentation/widgets/rename_view_popover.dart	unreviewed	production-relevant until a pass-3 reviewer records it
frontend/appflowy_flutter/lib/workspace/presentation/widgets/sidebar_resizer.dart	unreviewed	production-relevant until a pass-3 reviewer records it
frontend/appflowy_flutter/lib/workspace/presentation/widgets/tab_bar_item.dart	unreviewed	production-relevant until a pass-3 reviewer records it
frontend/appflowy_flutter/lib/workspace/presentation/widgets/toggle/toggle.dart	unreviewed	production-relevant until a pass-3 reviewer records it
frontend/appflowy_flutter/lib/workspace/presentation/widgets/user_avatar.dart	unreviewed	production-relevant until a pass-3 reviewer records it
frontend/appflowy_flutter/lib/workspace/presentation/widgets/view_title_bar.dart	unreviewed	production-relevant until a pass-3 reviewer records it
frontend/appflowy_flutter/linux/.gitignore	unreviewed	production-relevant until a pass-3 reviewer records it
frontend/appflowy_flutter/linux/CMakeLists.txt	unreviewed	production-relevant until a pass-3 reviewer records it
frontend/appflowy_flutter/linux/flutter/CMakeLists.txt	unreviewed	production-relevant until a pass-3 reviewer records it
frontend/appflowy_flutter/linux/flutter/dart_ffi/binding.h	unreviewed	production-relevant until a pass-3 reviewer records it
frontend/appflowy_flutter/linux/main.cc	unreviewed	production-relevant until a pass-3 reviewer records it
frontend/appflowy_flutter/linux/my_application.cc	unreviewed	production-relevant until a pass-3 reviewer records it
frontend/appflowy_flutter/linux/my_application.h	unreviewed	production-relevant until a pass-3 reviewer records it
frontend/appflowy_flutter/linux/packaging/assets/logo.png	asset	binary or font asset, not executable logic
frontend/appflowy_flutter/linux/packaging/deb/make_config.yaml	unreviewed	production-relevant until a pass-3 reviewer records it
frontend/appflowy_flutter/linux/packaging/rpm/make_config.yaml	unreviewed	production-relevant until a pass-3 reviewer records it
frontend/appflowy_flutter/macos/.gitignore	unreviewed	production-relevant until a pass-3 reviewer records it
frontend/appflowy_flutter/macos/Flutter/Flutter-Debug.xcconfig	unreviewed	production-relevant until a pass-3 reviewer records it
frontend/appflowy_flutter/macos/Flutter/Flutter-Release.xcconfig	unreviewed	production-relevant until a pass-3 reviewer records it
frontend/appflowy_flutter/macos/Podfile	unreviewed	production-relevant until a pass-3 reviewer records it
frontend/appflowy_flutter/macos/Podfile.lock	unreviewed	production-relevant until a pass-3 reviewer records it
frontend/appflowy_flutter/macos/Runner.xcodeproj/project.pbxproj	unreviewed	production-relevant until a pass-3 reviewer records it
frontend/appflowy_flutter/macos/Runner.xcodeproj/project.xcworkspace/xcshareddata/IDEWorkspaceChecks.plist	unreviewed	production-relevant until a pass-3 reviewer records it
frontend/appflowy_flutter/macos/Runner.xcodeproj/xcshareddata/xcschemes/Runner.xcscheme	unreviewed	production-relevant until a pass-3 reviewer records it
frontend/appflowy_flutter/macos/Runner.xcworkspace/contents.xcworkspacedata	unreviewed	production-relevant until a pass-3 reviewer records it
frontend/appflowy_flutter/macos/Runner.xcworkspace/xcshareddata/IDEWorkspaceChecks.plist	unreviewed	production-relevant until a pass-3 reviewer records it
frontend/appflowy_flutter/macos/Runner/AppDelegate.swift	unreviewed	production-relevant until a pass-3 reviewer records it
frontend/appflowy_flutter/macos/Runner/Assets.xcassets/AppIcon.appiconset/100.png	asset	binary or font asset, not executable logic
frontend/appflowy_flutter/macos/Runner/Assets.xcassets/AppIcon.appiconset/1024.png	asset	binary or font asset, not executable logic
frontend/appflowy_flutter/macos/Runner/Assets.xcassets/AppIcon.appiconset/114.png	asset	binary or font asset, not executable logic
frontend/appflowy_flutter/macos/Runner/Assets.xcassets/AppIcon.appiconset/120.png	asset	binary or font asset, not executable logic
frontend/appflowy_flutter/macos/Runner/Assets.xcassets/AppIcon.appiconset/128.png	asset	binary or font asset, not executable logic
frontend/appflowy_flutter/macos/Runner/Assets.xcassets/AppIcon.appiconset/144.png	asset	binary or font asset, not executable logic
frontend/appflowy_flutter/macos/Runner/Assets.xcassets/AppIcon.appiconset/152.png	asset	binary or font asset, not executable logic
frontend/appflowy_flutter/macos/Runner/Assets.xcassets/AppIcon.appiconset/16.png	asset	binary or font asset, not executable logic
frontend/appflowy_flutter/macos/Runner/Assets.xcassets/AppIcon.appiconset/167.png	asset	binary or font asset, not executable logic
frontend/appflowy_flutter/macos/Runner/Assets.xcassets/AppIcon.appiconset/180.png	asset	binary or font asset, not executable logic
frontend/appflowy_flutter/macos/Runner/Assets.xcassets/AppIcon.appiconset/20.png	asset	binary or font asset, not executable logic
frontend/appflowy_flutter/macos/Runner/Assets.xcassets/AppIcon.appiconset/256.png	asset	binary or font asset, not executable logic
frontend/appflowy_flutter/macos/Runner/Assets.xcassets/AppIcon.appiconset/29.png	asset	binary or font asset, not executable logic
frontend/appflowy_flutter/macos/Runner/Assets.xcassets/AppIcon.appiconset/32.png	asset	binary or font asset, not executable logic
frontend/appflowy_flutter/macos/Runner/Assets.xcassets/AppIcon.appiconset/40.png	asset	binary or font asset, not executable logic
frontend/appflowy_flutter/macos/Runner/Assets.xcassets/AppIcon.appiconset/50.png	asset	binary or font asset, not executable logic
frontend/appflowy_flutter/macos/Runner/Assets.xcassets/AppIcon.appiconset/512.png	asset	binary or font asset, not executable logic
frontend/appflowy_flutter/macos/Runner/Assets.xcassets/AppIcon.appiconset/57.png	asset	binary or font asset, not executable logic
frontend/appflowy_flutter/macos/Runner/Assets.xcassets/AppIcon.appiconset/58.png	asset	binary or font asset, not executable logic
frontend/appflowy_flutter/macos/Runner/Assets.xcassets/AppIcon.appiconset/60.png	asset	binary or font asset, not executable logic
frontend/appflowy_flutter/macos/Runner/Assets.xcassets/AppIcon.appiconset/64.png	asset	binary or font asset, not executable logic
frontend/appflowy_flutter/macos/Runner/Assets.xcassets/AppIcon.appiconset/72.png	asset	binary or font asset, not executable logic
frontend/appflowy_flutter/macos/Runner/Assets.xcassets/AppIcon.appiconset/76.png	asset	binary or font asset, not executable logic
frontend/appflowy_flutter/macos/Runner/Assets.xcassets/AppIcon.appiconset/80.png	asset	binary or font asset, not executable logic
frontend/appflowy_flutter/macos/Runner/Assets.xcassets/AppIcon.appiconset/87.png	asset	binary or font asset, not executable logic
frontend/appflowy_flutter/macos/Runner/Assets.xcassets/AppIcon.appiconset/Contents.json	unreviewed	production-relevant until a pass-3 reviewer records it
frontend/appflowy_flutter/macos/Runner/Base.lproj/MainMenu.xib	unreviewed	production-relevant until a pass-3 reviewer records it
frontend/appflowy_flutter/macos/Runner/Configs/AppInfo.xcconfig	unreviewed	production-relevant until a pass-3 reviewer records it
frontend/appflowy_flutter/macos/Runner/Configs/Debug.xcconfig	unreviewed	production-relevant until a pass-3 reviewer records it
frontend/appflowy_flutter/macos/Runner/Configs/Release.xcconfig	unreviewed	production-relevant until a pass-3 reviewer records it
frontend/appflowy_flutter/macos/Runner/Configs/Warnings.xcconfig	unreviewed	production-relevant until a pass-3 reviewer records it
frontend/appflowy_flutter/macos/Runner/DebugProfile.entitlements	unreviewed	production-relevant until a pass-3 reviewer records it
frontend/appflowy_flutter/macos/Runner/Info.plist	unreviewed	production-relevant until a pass-3 reviewer records it
frontend/appflowy_flutter/macos/Runner/MainFlutterWindow.swift	unreviewed	production-relevant until a pass-3 reviewer records it
frontend/appflowy_flutter/macos/Runner/Release.entitlements	unreviewed	production-relevant until a pass-3 reviewer records it
frontend/appflowy_flutter/macos/build/ios/XCBuildData/PIFCache/project/PROJECT@v11_mod=a7fbf46937053896f73cc7c7ec6baefb_hash=bfdfe7dc352907fc980b868725387e98plugins=1OJSG6M1FOV3XYQCBH7Z29RZ0FPR9XDE1-json	generated	build output
frontend/appflowy_flutter/macos/build/ios/XCBuildData/PIFCache/workspace/WORKSPACE@v11_hash=(null)_subobjects=9b6915bad2214bcc5eb58b855fe7b55a-json	generated	build output
frontend/appflowy_flutter/packages/appflowy_backend/.gitignore	unreviewed	production-relevant until a pass-3 reviewer records it
frontend/appflowy_flutter/packages/appflowy_backend/.metadata	unreviewed	production-relevant until a pass-3 reviewer records it
frontend/appflowy_flutter/packages/appflowy_backend/CHANGELOG.md	unreviewed	production-relevant until a pass-3 reviewer records it
frontend/appflowy_flutter/packages/appflowy_backend/LICENSE	unreviewed	production-relevant until a pass-3 reviewer records it
frontend/appflowy_flutter/packages/appflowy_backend/README.md	doc	readme
frontend/appflowy_flutter/packages/appflowy_backend/analysis_options.yaml	unreviewed	production-relevant until a pass-3 reviewer records it
frontend/appflowy_flutter/packages/appflowy_backend/android/.gitignore	unreviewed	production-relevant until a pass-3 reviewer records it
frontend/appflowy_flutter/packages/appflowy_backend/android/build.gradle	unreviewed	production-relevant until a pass-3 reviewer records it
frontend/appflowy_flutter/packages/appflowy_backend/android/gradle.properties	unreviewed	production-relevant until a pass-3 reviewer records it
frontend/appflowy_flutter/packages/appflowy_backend/android/gradle/wrapper/gradle-wrapper.properties	unreviewed	production-relevant until a pass-3 reviewer records it
frontend/appflowy_flutter/packages/appflowy_backend/android/settings.gradle	unreviewed	production-relevant until a pass-3 reviewer records it
frontend/appflowy_flutter/packages/appflowy_backend/android/src/main/AndroidManifest.xml	unreviewed	production-relevant until a pass-3 reviewer records it
frontend/appflowy_flutter/packages/appflowy_backend/android/src/main/kotlin/com/plugin/appflowy_backend/AppFlowyBackendPlugin.kt	unreviewed	production-relevant until a pass-3 reviewer records it
frontend/appflowy_flutter/packages/appflowy_backend/example/.gitignore	unreviewed	production-relevant until a pass-3 reviewer records it
frontend/appflowy_flutter/packages/appflowy_backend/example/.metadata	unreviewed	production-relevant until a pass-3 reviewer records it
frontend/appflowy_flutter/packages/appflowy_backend/example/README.md	doc	readme
frontend/appflowy_flutter/packages/appflowy_backend/example/analysis_options.yaml	unreviewed	production-relevant until a pass-3 reviewer records it
frontend/appflowy_flutter/packages/appflowy_backend/example/android/.gitignore	unreviewed	production-relevant until a pass-3 reviewer records it
frontend/appflowy_flutter/packages/appflowy_backend/example/android/app/build.gradle	unreviewed	production-relevant until a pass-3 reviewer records it
frontend/appflowy_flutter/packages/appflowy_backend/example/android/app/src/debug/AndroidManifest.xml	unreviewed	production-relevant until a pass-3 reviewer records it
frontend/appflowy_flutter/packages/appflowy_backend/example/android/app/src/main/AndroidManifest.xml	unreviewed	production-relevant until a pass-3 reviewer records it
frontend/appflowy_flutter/packages/appflowy_backend/example/android/app/src/main/kotlin/com/plugin/flowy_sdk_example/MainActivity.kt	unreviewed	production-relevant until a pass-3 reviewer records it
frontend/appflowy_flutter/packages/appflowy_backend/example/android/app/src/main/res/drawable-v21/launch_background.xml	unreviewed	production-relevant until a pass-3 reviewer records it
frontend/appflowy_flutter/packages/appflowy_backend/example/android/app/src/main/res/drawable/launch_background.xml	unreviewed	production-relevant until a pass-3 reviewer records it
frontend/appflowy_flutter/packages/appflowy_backend/example/android/app/src/main/res/mipmap-hdpi/ic_launcher.png	asset	binary or font asset, not executable logic
frontend/appflowy_flutter/packages/appflowy_backend/example/android/app/src/main/res/mipmap-mdpi/ic_launcher.png	asset	binary or font asset, not executable logic
frontend/appflowy_flutter/packages/appflowy_backend/example/android/app/src/main/res/mipmap-xhdpi/ic_launcher.png	asset	binary or font asset, not executable logic
frontend/appflowy_flutter/packages/appflowy_backend/example/android/app/src/main/res/mipmap-xxhdpi/ic_launcher.png	asset	binary or font asset, not executable logic
frontend/appflowy_flutter/packages/appflowy_backend/example/android/app/src/main/res/mipmap-xxxhdpi/ic_launcher.png	asset	binary or font asset, not executable logic
frontend/appflowy_flutter/packages/appflowy_backend/example/android/app/src/main/res/values-night/styles.xml	unreviewed	production-relevant until a pass-3 reviewer records it
frontend/appflowy_flutter/packages/appflowy_backend/example/android/app/src/main/res/values/styles.xml	unreviewed	production-relevant until a pass-3 reviewer records it
frontend/appflowy_flutter/packages/appflowy_backend/example/android/app/src/profile/AndroidManifest.xml	unreviewed	production-relevant until a pass-3 reviewer records it
frontend/appflowy_flutter/packages/appflowy_backend/example/android/build.gradle	unreviewed	production-relevant until a pass-3 reviewer records it
frontend/appflowy_flutter/packages/appflowy_backend/example/android/gradle.properties	unreviewed	production-relevant until a pass-3 reviewer records it
frontend/appflowy_flutter/packages/appflowy_backend/example/android/gradle/wrapper/gradle-wrapper.properties	unreviewed	production-relevant until a pass-3 reviewer records it
frontend/appflowy_flutter/packages/appflowy_backend/example/android/settings.gradle	unreviewed	production-relevant until a pass-3 reviewer records it
frontend/appflowy_flutter/packages/appflowy_backend/example/integration_test/app_test.dart	unreviewed	production-relevant until a pass-3 reviewer records it
frontend/appflowy_flutter/packages/appflowy_backend/example/integration_test/driver.dart	unreviewed	production-relevant until a pass-3 reviewer records it
frontend/appflowy_flutter/packages/appflowy_backend/example/ios/.gitignore	unreviewed	production-relevant until a pass-3 reviewer records it
frontend/appflowy_flutter/packages/appflowy_backend/example/ios/Flutter/AppFrameworkInfo.plist	unreviewed	production-relevant until a pass-3 reviewer records it
frontend/appflowy_flutter/packages/appflowy_backend/example/ios/Flutter/Debug.xcconfig	unreviewed	production-relevant until a pass-3 reviewer records it
frontend/appflowy_flutter/packages/appflowy_backend/example/ios/Flutter/Release.xcconfig	unreviewed	production-relevant until a pass-3 reviewer records it
frontend/appflowy_flutter/packages/appflowy_backend/example/ios/Podfile	unreviewed	production-relevant until a pass-3 reviewer records it
frontend/appflowy_flutter/packages/appflowy_backend/example/ios/Runner.xcodeproj/project.pbxproj	unreviewed	production-relevant until a pass-3 reviewer records it
frontend/appflowy_flutter/packages/appflowy_backend/example/ios/Runner.xcodeproj/project.xcworkspace/contents.xcworkspacedata	unreviewed	production-relevant until a pass-3 reviewer records it
frontend/appflowy_flutter/packages/appflowy_backend/example/ios/Runner.xcodeproj/project.xcworkspace/xcshareddata/IDEWorkspaceChecks.plist	unreviewed	production-relevant until a pass-3 reviewer records it
frontend/appflowy_flutter/packages/appflowy_backend/example/ios/Runner.xcodeproj/project.xcworkspace/xcshareddata/WorkspaceSettings.xcsettings	unreviewed	production-relevant until a pass-3 reviewer records it
frontend/appflowy_flutter/packages/appflowy_backend/example/ios/Runner.xcodeproj/xcshareddata/xcschemes/Runner.xcscheme	unreviewed	production-relevant until a pass-3 reviewer records it
frontend/appflowy_flutter/packages/appflowy_backend/example/ios/Runner.xcworkspace/contents.xcworkspacedata	unreviewed	production-relevant until a pass-3 reviewer records it
frontend/appflowy_flutter/packages/appflowy_backend/example/ios/Runner.xcworkspace/xcshareddata/IDEWorkspaceChecks.plist	unreviewed	production-relevant until a pass-3 reviewer records it
frontend/appflowy_flutter/packages/appflowy_backend/example/ios/Runner.xcworkspace/xcshareddata/WorkspaceSettings.xcsettings	unreviewed	production-relevant until a pass-3 reviewer records it
frontend/appflowy_flutter/packages/appflowy_backend/example/ios/Runner/AppDelegate.swift	unreviewed	production-relevant until a pass-3 reviewer records it
frontend/appflowy_flutter/packages/appflowy_backend/example/ios/Runner/Assets.xcassets/AppIcon.appiconset/Contents.json	unreviewed	production-relevant until a pass-3 reviewer records it
frontend/appflowy_flutter/packages/appflowy_backend/example/ios/Runner/Assets.xcassets/AppIcon.appiconset/Icon-App-1024x1024@1x.png	asset	binary or font asset, not executable logic
frontend/appflowy_flutter/packages/appflowy_backend/example/ios/Runner/Assets.xcassets/AppIcon.appiconset/Icon-App-20x20@1x.png	asset	binary or font asset, not executable logic
frontend/appflowy_flutter/packages/appflowy_backend/example/ios/Runner/Assets.xcassets/AppIcon.appiconset/Icon-App-20x20@2x.png	asset	binary or font asset, not executable logic
frontend/appflowy_flutter/packages/appflowy_backend/example/ios/Runner/Assets.xcassets/AppIcon.appiconset/Icon-App-20x20@3x.png	asset	binary or font asset, not executable logic
frontend/appflowy_flutter/packages/appflowy_backend/example/ios/Runner/Assets.xcassets/AppIcon.appiconset/Icon-App-29x29@1x.png	asset	binary or font asset, not executable logic
frontend/appflowy_flutter/packages/appflowy_backend/example/ios/Runner/Assets.xcassets/AppIcon.appiconset/Icon-App-29x29@2x.png	asset	binary or font asset, not executable logic
frontend/appflowy_flutter/packages/appflowy_backend/example/ios/Runner/Assets.xcassets/AppIcon.appiconset/Icon-App-29x29@3x.png	asset	binary or font asset, not executable logic
frontend/appflowy_flutter/packages/appflowy_backend/example/ios/Runner/Assets.xcassets/AppIcon.appiconset/Icon-App-40x40@1x.png	asset	binary or font asset, not executable logic
frontend/appflowy_flutter/packages/appflowy_backend/example/ios/Runner/Assets.xcassets/AppIcon.appiconset/Icon-App-40x40@2x.png	asset	binary or font asset, not executable logic
frontend/appflowy_flutter/packages/appflowy_backend/example/ios/Runner/Assets.xcassets/AppIcon.appiconset/Icon-App-40x40@3x.png	asset	binary or font asset, not executable logic
frontend/appflowy_flutter/packages/appflowy_backend/example/ios/Runner/Assets.xcassets/AppIcon.appiconset/Icon-App-60x60@2x.png	asset	binary or font asset, not executable logic
frontend/appflowy_flutter/packages/appflowy_backend/example/ios/Runner/Assets.xcassets/AppIcon.appiconset/Icon-App-60x60@3x.png	asset	binary or font asset, not executable logic
frontend/appflowy_flutter/packages/appflowy_backend/example/ios/Runner/Assets.xcassets/AppIcon.appiconset/Icon-App-76x76@1x.png	asset	binary or font asset, not executable logic
frontend/appflowy_flutter/packages/appflowy_backend/example/ios/Runner/Assets.xcassets/AppIcon.appiconset/Icon-App-76x76@2x.png	asset	binary or font asset, not executable logic
frontend/appflowy_flutter/packages/appflowy_backend/example/ios/Runner/Assets.xcassets/AppIcon.appiconset/Icon-App-83.5x83.5@2x.png	asset	binary or font asset, not executable logic
frontend/appflowy_flutter/packages/appflowy_backend/example/ios/Runner/Assets.xcassets/LaunchImage.imageset/Contents.json	unreviewed	production-relevant until a pass-3 reviewer records it
frontend/appflowy_flutter/packages/appflowy_backend/example/ios/Runner/Assets.xcassets/LaunchImage.imageset/LaunchImage.png	asset	binary or font asset, not executable logic
frontend/appflowy_flutter/packages/appflowy_backend/example/ios/Runner/Assets.xcassets/LaunchImage.imageset/LaunchImage@2x.png	asset	binary or font asset, not executable logic
frontend/appflowy_flutter/packages/appflowy_backend/example/ios/Runner/Assets.xcassets/LaunchImage.imageset/LaunchImage@3x.png	asset	binary or font asset, not executable logic
frontend/appflowy_flutter/packages/appflowy_backend/example/ios/Runner/Assets.xcassets/LaunchImage.imageset/README.md	doc	readme
frontend/appflowy_flutter/packages/appflowy_backend/example/ios/Runner/Base.lproj/LaunchScreen.storyboard	unreviewed	production-relevant until a pass-3 reviewer records it
frontend/appflowy_flutter/packages/appflowy_backend/example/ios/Runner/Base.lproj/Main.storyboard	unreviewed	production-relevant until a pass-3 reviewer records it
frontend/appflowy_flutter/packages/appflowy_backend/example/ios/Runner/Info.plist	unreviewed	production-relevant until a pass-3 reviewer records it
frontend/appflowy_flutter/packages/appflowy_backend/example/ios/Runner/Runner-Bridging-Header.h	unreviewed	production-relevant until a pass-3 reviewer records it
frontend/appflowy_flutter/packages/appflowy_backend/example/lib/main.dart	unreviewed	production-relevant until a pass-3 reviewer records it
frontend/appflowy_flutter/packages/appflowy_backend/example/macos/.gitignore	unreviewed	production-relevant until a pass-3 reviewer records it
frontend/appflowy_flutter/packages/appflowy_backend/example/macos/Flutter/Flutter-Debug.xcconfig	unreviewed	production-relevant until a pass-3 reviewer records it
frontend/appflowy_flutter/packages/appflowy_backend/example/macos/Flutter/Flutter-Release.xcconfig	unreviewed	production-relevant until a pass-3 reviewer records it
frontend/appflowy_flutter/packages/appflowy_backend/example/macos/Podfile	unreviewed	production-relevant until a pass-3 reviewer records it
frontend/appflowy_flutter/packages/appflowy_backend/example/macos/Podfile.lock	unreviewed	production-relevant until a pass-3 reviewer records it
frontend/appflowy_flutter/packages/appflowy_backend/example/macos/Runner.xcodeproj/project.pbxproj	unreviewed	production-relevant until a pass-3 reviewer records it
frontend/appflowy_flutter/packages/appflowy_backend/example/macos/Runner.xcodeproj/project.xcworkspace/xcshareddata/IDEWorkspaceChecks.plist	unreviewed	production-relevant until a pass-3 reviewer records it
frontend/appflowy_flutter/packages/appflowy_backend/example/macos/Runner.xcodeproj/xcshareddata/xcschemes/Runner.xcscheme	unreviewed	production-relevant until a pass-3 reviewer records it
frontend/appflowy_flutter/packages/appflowy_backend/example/macos/Runner.xcworkspace/contents.xcworkspacedata	unreviewed	production-relevant until a pass-3 reviewer records it
frontend/appflowy_flutter/packages/appflowy_backend/example/macos/Runner.xcworkspace/xcshareddata/IDEWorkspaceChecks.plist	unreviewed	production-relevant until a pass-3 reviewer records it
frontend/appflowy_flutter/packages/appflowy_backend/example/macos/Runner/AppDelegate.swift	unreviewed	production-relevant until a pass-3 reviewer records it
frontend/appflowy_flutter/packages/appflowy_backend/example/macos/Runner/Assets.xcassets/AppIcon.appiconset/Contents.json	unreviewed	production-relevant until a pass-3 reviewer records it
frontend/appflowy_flutter/packages/appflowy_backend/example/macos/Runner/Assets.xcassets/AppIcon.appiconset/app_icon_1024.png	asset	binary or font asset, not executable logic
frontend/appflowy_flutter/packages/appflowy_backend/example/macos/Runner/Assets.xcassets/AppIcon.appiconset/app_icon_128.png	asset	binary or font asset, not executable logic
frontend/appflowy_flutter/packages/appflowy_backend/example/macos/Runner/Assets.xcassets/AppIcon.appiconset/app_icon_16.png	asset	binary or font asset, not executable logic
frontend/appflowy_flutter/packages/appflowy_backend/example/macos/Runner/Assets.xcassets/AppIcon.appiconset/app_icon_256.png	asset	binary or font asset, not executable logic
frontend/appflowy_flutter/packages/appflowy_backend/example/macos/Runner/Assets.xcassets/AppIcon.appiconset/app_icon_32.png	asset	binary or font asset, not executable logic
frontend/appflowy_flutter/packages/appflowy_backend/example/macos/Runner/Assets.xcassets/AppIcon.appiconset/app_icon_512.png	asset	binary or font asset, not executable logic
frontend/appflowy_flutter/packages/appflowy_backend/example/macos/Runner/Assets.xcassets/AppIcon.appiconset/app_icon_64.png	asset	binary or font asset, not executable logic
frontend/appflowy_flutter/packages/appflowy_backend/example/macos/Runner/Base.lproj/MainMenu.xib	unreviewed	production-relevant until a pass-3 reviewer records it
frontend/appflowy_flutter/packages/appflowy_backend/example/macos/Runner/Configs/AppInfo.xcconfig	unreviewed	production-relevant until a pass-3 reviewer records it
frontend/appflowy_flutter/packages/appflowy_backend/example/macos/Runner/Configs/Debug.xcconfig	unreviewed	production-relevant until a pass-3 reviewer records it
frontend/appflowy_flutter/packages/appflowy_backend/example/macos/Runner/Configs/Release.xcconfig	unreviewed	production-relevant until a pass-3 reviewer records it
frontend/appflowy_flutter/packages/appflowy_backend/example/macos/Runner/Configs/Warnings.xcconfig	unreviewed	production-relevant until a pass-3 reviewer records it
frontend/appflowy_flutter/packages/appflowy_backend/example/macos/Runner/DebugProfile.entitlements	unreviewed	production-relevant until a pass-3 reviewer records it
frontend/appflowy_flutter/packages/appflowy_backend/example/macos/Runner/Info.plist	unreviewed	production-relevant until a pass-3 reviewer records it
frontend/appflowy_flutter/packages/appflowy_backend/example/macos/Runner/MainFlutterWindow.swift	unreviewed	production-relevant until a pass-3 reviewer records it
frontend/appflowy_flutter/packages/appflowy_backend/example/macos/Runner/Release.entitlements	unreviewed	production-relevant until a pass-3 reviewer records it
frontend/appflowy_flutter/packages/appflowy_backend/example/pubspec.yaml	unreviewed	production-relevant until a pass-3 reviewer records it
frontend/appflowy_flutter/packages/appflowy_backend/example/test/widget_test.dart	test-fixture	test or fixture path
frontend/appflowy_flutter/packages/appflowy_backend/example/windows/.gitignore	unreviewed	production-relevant until a pass-3 reviewer records it
frontend/appflowy_flutter/packages/appflowy_backend/example/windows/CMakeLists.txt	unreviewed	production-relevant until a pass-3 reviewer records it
frontend/appflowy_flutter/packages/appflowy_backend/example/windows/flutter/CMakeLists.txt	unreviewed	production-relevant until a pass-3 reviewer records it
frontend/appflowy_flutter/packages/appflowy_backend/example/windows/runner/CMakeLists.txt	unreviewed	production-relevant until a pass-3 reviewer records it
frontend/appflowy_flutter/packages/appflowy_backend/example/windows/runner/Runner.rc	unreviewed	production-relevant until a pass-3 reviewer records it
frontend/appflowy_flutter/packages/appflowy_backend/example/windows/runner/flutter_window.cpp	unreviewed	production-relevant until a pass-3 reviewer records it
frontend/appflowy_flutter/packages/appflowy_backend/example/windows/runner/flutter_window.h	unreviewed	production-relevant until a pass-3 reviewer records it
frontend/appflowy_flutter/packages/appflowy_backend/example/windows/runner/main.cpp	unreviewed	production-relevant until a pass-3 reviewer records it
frontend/appflowy_flutter/packages/appflowy_backend/example/windows/runner/resource.h	unreviewed	production-relevant until a pass-3 reviewer records it
frontend/appflowy_flutter/packages/appflowy_backend/example/windows/runner/resources/app_icon.ico	asset	binary or font asset, not executable logic
frontend/appflowy_flutter/packages/appflowy_backend/example/windows/runner/runner.exe.manifest	unreviewed	production-relevant until a pass-3 reviewer records it
frontend/appflowy_flutter/packages/appflowy_backend/example/windows/runner/utils.cpp	unreviewed	production-relevant until a pass-3 reviewer records it
frontend/appflowy_flutter/packages/appflowy_backend/example/windows/runner/utils.h	unreviewed	production-relevant until a pass-3 reviewer records it
frontend/appflowy_flutter/packages/appflowy_backend/example/windows/runner/win32_window.cpp	unreviewed	production-relevant until a pass-3 reviewer records it
frontend/appflowy_flutter/packages/appflowy_backend/example/windows/runner/win32_window.h	unreviewed	production-relevant until a pass-3 reviewer records it
frontend/appflowy_flutter/packages/appflowy_backend/ios/.gitignore	unreviewed	production-relevant until a pass-3 reviewer records it
frontend/appflowy_flutter/packages/appflowy_backend/ios/Assets/.gitkeep	unreviewed	production-relevant until a pass-3 reviewer records it
frontend/appflowy_flutter/packages/appflowy_backend/ios/Classes/AppFlowyBackendPlugin.h	unreviewed	production-relevant until a pass-3 reviewer records it
frontend/appflowy_flutter/packages/appflowy_backend/ios/Classes/AppFlowyBackendPlugin.m	unreviewed	production-relevant until a pass-3 reviewer records it
frontend/appflowy_flutter/packages/appflowy_backend/ios/Classes/AppFlowyBackendPlugin.swift	unreviewed	production-relevant until a pass-3 reviewer records it
frontend/appflowy_flutter/packages/appflowy_backend/ios/Classes/binding.h	unreviewed	production-relevant until a pass-3 reviewer records it
frontend/appflowy_flutter/packages/appflowy_backend/ios/appflowy_backend.podspec	unreviewed	production-relevant until a pass-3 reviewer records it
frontend/appflowy_flutter/packages/appflowy_backend/lib/appflowy_backend.dart	unreviewed	production-relevant until a pass-3 reviewer records it
frontend/appflowy_flutter/packages/appflowy_backend/lib/appflowy_backend_method_channel.dart	unreviewed	production-relevant until a pass-3 reviewer records it
frontend/appflowy_flutter/packages/appflowy_backend/lib/appflowy_backend_platform_interface.dart	unreviewed	production-relevant until a pass-3 reviewer records it
frontend/appflowy_flutter/packages/appflowy_backend/lib/dispatch/dispatch.dart	unreviewed	production-relevant until a pass-3 reviewer records it
frontend/appflowy_flutter/packages/appflowy_backend/lib/dispatch/error.dart	unreviewed	production-relevant until a pass-3 reviewer records it
frontend/appflowy_flutter/packages/appflowy_backend/lib/ffi.dart	unreviewed	production-relevant until a pass-3 reviewer records it
frontend/appflowy_flutter/packages/appflowy_backend/lib/log.dart	unreviewed	production-relevant until a pass-3 reviewer records it
frontend/appflowy_flutter/packages/appflowy_backend/lib/rust_stream.dart	unreviewed	production-relevant until a pass-3 reviewer records it
frontend/appflowy_flutter/packages/appflowy_backend/linux/Classes/binding.h	unreviewed	production-relevant until a pass-3 reviewer records it
frontend/appflowy_flutter/packages/appflowy_backend/macos/Classes/AppFlowyBackendPlugin.swift	unreviewed	production-relevant until a pass-3 reviewer records it
frontend/appflowy_flutter/packages/appflowy_backend/macos/Classes/binding.h	unreviewed	production-relevant until a pass-3 reviewer records it
frontend/appflowy_flutter/packages/appflowy_backend/macos/appflowy_backend.podspec	unreviewed	production-relevant until a pass-3 reviewer records it
frontend/appflowy_flutter/packages/appflowy_backend/pubspec.yaml	unreviewed	production-relevant until a pass-3 reviewer records it
frontend/appflowy_flutter/packages/appflowy_backend/test/appflowy_backend_method_channel_test.dart	test-fixture	test or fixture path
frontend/appflowy_flutter/packages/appflowy_backend/test/appflowy_backend_test.dart	test-fixture	test or fixture path
frontend/appflowy_flutter/packages/appflowy_backend/windows/.gitignore	unreviewed	production-relevant until a pass-3 reviewer records it
frontend/appflowy_flutter/packages/appflowy_backend/windows/CMakeLists.txt	unreviewed	production-relevant until a pass-3 reviewer records it
frontend/appflowy_flutter/packages/appflowy_backend/windows/app_flowy_backend_plugin.h	unreviewed	production-relevant until a pass-3 reviewer records it
frontend/appflowy_flutter/packages/appflowy_backend/windows/appflowy_backend_plugin.cpp	unreviewed	production-relevant until a pass-3 reviewer records it
frontend/appflowy_flutter/packages/appflowy_backend/windows/appflowy_backend_plugin_c_api.cpp	unreviewed	production-relevant until a pass-3 reviewer records it
frontend/appflowy_flutter/packages/appflowy_backend/windows/include/appflowy_backend/app_flowy_backend_plugin.h	unreviewed	production-relevant until a pass-3 reviewer records it
frontend/appflowy_flutter/packages/appflowy_backend/windows/include/appflowy_backend/appflowy_backend_plugin_c_api.h	unreviewed	production-relevant until a pass-3 reviewer records it
frontend/appflowy_flutter/packages/appflowy_popover/.gitignore	unreviewed	production-relevant until a pass-3 reviewer records it
frontend/appflowy_flutter/packages/appflowy_popover/.metadata	unreviewed	production-relevant until a pass-3 reviewer records it
frontend/appflowy_flutter/packages/appflowy_popover/CHANGELOG.md	unreviewed	production-relevant until a pass-3 reviewer records it
frontend/appflowy_flutter/packages/appflowy_popover/LICENSE	unreviewed	production-relevant until a pass-3 reviewer records it
frontend/appflowy_flutter/packages/appflowy_popover/README.md	doc	readme
frontend/appflowy_flutter/packages/appflowy_popover/analysis_options.yaml	unreviewed	production-relevant until a pass-3 reviewer records it
frontend/appflowy_flutter/packages/appflowy_popover/example/.gitignore	unreviewed	production-relevant until a pass-3 reviewer records it
frontend/appflowy_flutter/packages/appflowy_popover/example/.metadata	unreviewed	production-relevant until a pass-3 reviewer records it
frontend/appflowy_flutter/packages/appflowy_popover/example/README.md	doc	readme
frontend/appflowy_flutter/packages/appflowy_popover/example/analysis_options.yaml	unreviewed	production-relevant until a pass-3 reviewer records it
frontend/appflowy_flutter/packages/appflowy_popover/example/android/.gitignore	unreviewed	production-relevant until a pass-3 reviewer records it
frontend/appflowy_flutter/packages/appflowy_popover/example/android/app/build.gradle	unreviewed	production-relevant until a pass-3 reviewer records it
frontend/appflowy_flutter/packages/appflowy_popover/example/android/app/src/debug/AndroidManifest.xml	unreviewed	production-relevant until a pass-3 reviewer records it
frontend/appflowy_flutter/packages/appflowy_popover/example/android/app/src/main/AndroidManifest.xml	unreviewed	production-relevant until a pass-3 reviewer records it
frontend/appflowy_flutter/packages/appflowy_popover/example/android/app/src/main/kotlin/com/example/example/MainActivity.kt	unreviewed	production-relevant until a pass-3 reviewer records it
frontend/appflowy_flutter/packages/appflowy_popover/example/android/app/src/main/res/drawable-v21/launch_background.xml	unreviewed	production-relevant until a pass-3 reviewer records it
frontend/appflowy_flutter/packages/appflowy_popover/example/android/app/src/main/res/drawable/launch_background.xml	unreviewed	production-relevant until a pass-3 reviewer records it
frontend/appflowy_flutter/packages/appflowy_popover/example/android/app/src/main/res/mipmap-hdpi/ic_launcher.png	asset	binary or font asset, not executable logic
frontend/appflowy_flutter/packages/appflowy_popover/example/android/app/src/main/res/mipmap-mdpi/ic_launcher.png	asset	binary or font asset, not executable logic
frontend/appflowy_flutter/packages/appflowy_popover/example/android/app/src/main/res/mipmap-xhdpi/ic_launcher.png	asset	binary or font asset, not executable logic
frontend/appflowy_flutter/packages/appflowy_popover/example/android/app/src/main/res/mipmap-xxhdpi/ic_launcher.png	asset	binary or font asset, not executable logic
frontend/appflowy_flutter/packages/appflowy_popover/example/android/app/src/main/res/mipmap-xxxhdpi/ic_launcher.png	asset	binary or font asset, not executable logic
frontend/appflowy_flutter/packages/appflowy_popover/example/android/app/src/main/res/values-night/styles.xml	unreviewed	production-relevant until a pass-3 reviewer records it
frontend/appflowy_flutter/packages/appflowy_popover/example/android/app/src/main/res/values/styles.xml	unreviewed	production-relevant until a pass-3 reviewer records it
frontend/appflowy_flutter/packages/appflowy_popover/example/android/app/src/profile/AndroidManifest.xml	unreviewed	production-relevant until a pass-3 reviewer records it
frontend/appflowy_flutter/packages/appflowy_popover/example/android/build.gradle	unreviewed	production-relevant until a pass-3 reviewer records it
frontend/appflowy_flutter/packages/appflowy_popover/example/android/gradle.properties	unreviewed	production-relevant until a pass-3 reviewer records it
frontend/appflowy_flutter/packages/appflowy_popover/example/android/gradle/wrapper/gradle-wrapper.properties	unreviewed	production-relevant until a pass-3 reviewer records it
frontend/appflowy_flutter/packages/appflowy_popover/example/android/settings.gradle	unreviewed	production-relevant until a pass-3 reviewer records it
frontend/appflowy_flutter/packages/appflowy_popover/example/ios/.gitignore	unreviewed	production-relevant until a pass-3 reviewer records it
frontend/appflowy_flutter/packages/appflowy_popover/example/ios/Flutter/AppFrameworkInfo.plist	unreviewed	production-relevant until a pass-3 reviewer records it
frontend/appflowy_flutter/packages/appflowy_popover/example/ios/Flutter/Debug.xcconfig	unreviewed	production-relevant until a pass-3 reviewer records it
frontend/appflowy_flutter/packages/appflowy_popover/example/ios/Flutter/Release.xcconfig	unreviewed	production-relevant until a pass-3 reviewer records it
frontend/appflowy_flutter/packages/appflowy_popover/example/ios/Runner.xcodeproj/project.pbxproj	unreviewed	production-relevant until a pass-3 reviewer records it
frontend/appflowy_flutter/packages/appflowy_popover/example/ios/Runner.xcodeproj/project.xcworkspace/contents.xcworkspacedata	unreviewed	production-relevant until a pass-3 reviewer records it
frontend/appflowy_flutter/packages/appflowy_popover/example/ios/Runner.xcodeproj/project.xcworkspace/xcshareddata/IDEWorkspaceChecks.plist	unreviewed	production-relevant until a pass-3 reviewer records it
frontend/appflowy_flutter/packages/appflowy_popover/example/ios/Runner.xcodeproj/project.xcworkspace/xcshareddata/WorkspaceSettings.xcsettings	unreviewed	production-relevant until a pass-3 reviewer records it
frontend/appflowy_flutter/packages/appflowy_popover/example/ios/Runner.xcodeproj/xcshareddata/xcschemes/Runner.xcscheme	unreviewed	production-relevant until a pass-3 reviewer records it
frontend/appflowy_flutter/packages/appflowy_popover/example/ios/Runner.xcworkspace/contents.xcworkspacedata	unreviewed	production-relevant until a pass-3 reviewer records it
frontend/appflowy_flutter/packages/appflowy_popover/example/ios/Runner.xcworkspace/xcshareddata/IDEWorkspaceChecks.plist	unreviewed	production-relevant until a pass-3 reviewer records it
frontend/appflowy_flutter/packages/appflowy_popover/example/ios/Runner.xcworkspace/xcshareddata/WorkspaceSettings.xcsettings	unreviewed	production-relevant until a pass-3 reviewer records it
frontend/appflowy_flutter/packages/appflowy_popover/example/ios/Runner/AppDelegate.swift	unreviewed	production-relevant until a pass-3 reviewer records it
frontend/appflowy_flutter/packages/appflowy_popover/example/ios/Runner/Assets.xcassets/AppIcon.appiconset/Contents.json	unreviewed	production-relevant until a pass-3 reviewer records it
frontend/appflowy_flutter/packages/appflowy_popover/example/ios/Runner/Assets.xcassets/AppIcon.appiconset/Icon-App-1024x1024@1x.png	asset	binary or font asset, not executable logic
frontend/appflowy_flutter/packages/appflowy_popover/example/ios/Runner/Assets.xcassets/AppIcon.appiconset/Icon-App-20x20@1x.png	asset	binary or font asset, not executable logic
frontend/appflowy_flutter/packages/appflowy_popover/example/ios/Runner/Assets.xcassets/AppIcon.appiconset/Icon-App-20x20@2x.png	asset	binary or font asset, not executable logic
frontend/appflowy_flutter/packages/appflowy_popover/example/ios/Runner/Assets.xcassets/AppIcon.appiconset/Icon-App-20x20@3x.png	asset	binary or font asset, not executable logic
frontend/appflowy_flutter/packages/appflowy_popover/example/ios/Runner/Assets.xcassets/AppIcon.appiconset/Icon-App-29x29@1x.png	asset	binary or font asset, not executable logic
frontend/appflowy_flutter/packages/appflowy_popover/example/ios/Runner/Assets.xcassets/AppIcon.appiconset/Icon-App-29x29@2x.png	asset	binary or font asset, not executable logic
frontend/appflowy_flutter/packages/appflowy_popover/example/ios/Runner/Assets.xcassets/AppIcon.appiconset/Icon-App-29x29@3x.png	asset	binary or font asset, not executable logic
frontend/appflowy_flutter/packages/appflowy_popover/example/ios/Runner/Assets.xcassets/AppIcon.appiconset/Icon-App-40x40@1x.png	asset	binary or font asset, not executable logic
frontend/appflowy_flutter/packages/appflowy_popover/example/ios/Runner/Assets.xcassets/AppIcon.appiconset/Icon-App-40x40@2x.png	asset	binary or font asset, not executable logic
frontend/appflowy_flutter/packages/appflowy_popover/example/ios/Runner/Assets.xcassets/AppIcon.appiconset/Icon-App-40x40@3x.png	asset	binary or font asset, not executable logic
frontend/appflowy_flutter/packages/appflowy_popover/example/ios/Runner/Assets.xcassets/AppIcon.appiconset/Icon-App-60x60@2x.png	asset	binary or font asset, not executable logic
frontend/appflowy_flutter/packages/appflowy_popover/example/ios/Runner/Assets.xcassets/AppIcon.appiconset/Icon-App-60x60@3x.png	asset	binary or font asset, not executable logic
frontend/appflowy_flutter/packages/appflowy_popover/example/ios/Runner/Assets.xcassets/AppIcon.appiconset/Icon-App-76x76@1x.png	asset	binary or font asset, not executable logic
frontend/appflowy_flutter/packages/appflowy_popover/example/ios/Runner/Assets.xcassets/AppIcon.appiconset/Icon-App-76x76@2x.png	asset	binary or font asset, not executable logic
frontend/appflowy_flutter/packages/appflowy_popover/example/ios/Runner/Assets.xcassets/AppIcon.appiconset/Icon-App-83.5x83.5@2x.png	asset	binary or font asset, not executable logic
frontend/appflowy_flutter/packages/appflowy_popover/example/ios/Runner/Assets.xcassets/LaunchImage.imageset/Contents.json	unreviewed	production-relevant until a pass-3 reviewer records it
frontend/appflowy_flutter/packages/appflowy_popover/example/ios/Runner/Assets.xcassets/LaunchImage.imageset/LaunchImage.png	asset	binary or font asset, not executable logic
frontend/appflowy_flutter/packages/appflowy_popover/example/ios/Runner/Assets.xcassets/LaunchImage.imageset/LaunchImage@2x.png	asset	binary or font asset, not executable logic
frontend/appflowy_flutter/packages/appflowy_popover/example/ios/Runner/Assets.xcassets/LaunchImage.imageset/LaunchImage@3x.png	asset	binary or font asset, not executable logic
frontend/appflowy_flutter/packages/appflowy_popover/example/ios/Runner/Assets.xcassets/LaunchImage.imageset/README.md	doc	readme
frontend/appflowy_flutter/packages/appflowy_popover/example/ios/Runner/Base.lproj/LaunchScreen.storyboard	unreviewed	production-relevant until a pass-3 reviewer records it
frontend/appflowy_flutter/packages/appflowy_popover/example/ios/Runner/Base.lproj/Main.storyboard	unreviewed	production-relevant until a pass-3 reviewer records it
frontend/appflowy_flutter/packages/appflowy_popover/example/ios/Runner/Info.plist	unreviewed	production-relevant until a pass-3 reviewer records it
frontend/appflowy_flutter/packages/appflowy_popover/example/ios/Runner/Runner-Bridging-Header.h	unreviewed	production-relevant until a pass-3 reviewer records it
frontend/appflowy_flutter/packages/appflowy_popover/example/lib/example_button.dart	unreviewed	production-relevant until a pass-3 reviewer records it
frontend/appflowy_flutter/packages/appflowy_popover/example/lib/main.dart	unreviewed	production-relevant until a pass-3 reviewer records it
frontend/appflowy_flutter/packages/appflowy_popover/example/linux/.gitignore	unreviewed	production-relevant until a pass-3 reviewer records it
frontend/appflowy_flutter/packages/appflowy_popover/example/linux/CMakeLists.txt	unreviewed	production-relevant until a pass-3 reviewer records it
frontend/appflowy_flutter/packages/appflowy_popover/example/linux/flutter/CMakeLists.txt	unreviewed	production-relevant until a pass-3 reviewer records it
frontend/appflowy_flutter/packages/appflowy_popover/example/linux/main.cc	unreviewed	production-relevant until a pass-3 reviewer records it
frontend/appflowy_flutter/packages/appflowy_popover/example/linux/my_application.cc	unreviewed	production-relevant until a pass-3 reviewer records it
frontend/appflowy_flutter/packages/appflowy_popover/example/linux/my_application.h	unreviewed	production-relevant until a pass-3 reviewer records it
frontend/appflowy_flutter/packages/appflowy_popover/example/macos/.gitignore	unreviewed	production-relevant until a pass-3 reviewer records it
frontend/appflowy_flutter/packages/appflowy_popover/example/macos/Flutter/Flutter-Debug.xcconfig	unreviewed	production-relevant until a pass-3 reviewer records it
frontend/appflowy_flutter/packages/appflowy_popover/example/macos/Flutter/Flutter-Release.xcconfig	unreviewed	production-relevant until a pass-3 reviewer records it
frontend/appflowy_flutter/packages/appflowy_popover/example/macos/Runner.xcodeproj/project.pbxproj	unreviewed	production-relevant until a pass-3 reviewer records it
frontend/appflowy_flutter/packages/appflowy_popover/example/macos/Runner.xcodeproj/project.xcworkspace/xcshareddata/IDEWorkspaceChecks.plist	unreviewed	production-relevant until a pass-3 reviewer records it
frontend/appflowy_flutter/packages/appflowy_popover/example/macos/Runner.xcodeproj/xcshareddata/xcschemes/Runner.xcscheme	unreviewed	production-relevant until a pass-3 reviewer records it
frontend/appflowy_flutter/packages/appflowy_popover/example/macos/Runner.xcworkspace/contents.xcworkspacedata	unreviewed	production-relevant until a pass-3 reviewer records it
frontend/appflowy_flutter/packages/appflowy_popover/example/macos/Runner.xcworkspace/xcshareddata/IDEWorkspaceChecks.plist	unreviewed	production-relevant until a pass-3 reviewer records it
frontend/appflowy_flutter/packages/appflowy_popover/example/macos/Runner/AppDelegate.swift	unreviewed	production-relevant until a pass-3 reviewer records it
frontend/appflowy_flutter/packages/appflowy_popover/example/macos/Runner/Assets.xcassets/AppIcon.appiconset/Contents.json	unreviewed	production-relevant until a pass-3 reviewer records it
frontend/appflowy_flutter/packages/appflowy_popover/example/macos/Runner/Assets.xcassets/AppIcon.appiconset/app_icon_1024.png	asset	binary or font asset, not executable logic
frontend/appflowy_flutter/packages/appflowy_popover/example/macos/Runner/Assets.xcassets/AppIcon.appiconset/app_icon_128.png	asset	binary or font asset, not executable logic
frontend/appflowy_flutter/packages/appflowy_popover/example/macos/Runner/Assets.xcassets/AppIcon.appiconset/app_icon_16.png	asset	binary or font asset, not executable logic
frontend/appflowy_flutter/packages/appflowy_popover/example/macos/Runner/Assets.xcassets/AppIcon.appiconset/app_icon_256.png	asset	binary or font asset, not executable logic
frontend/appflowy_flutter/packages/appflowy_popover/example/macos/Runner/Assets.xcassets/AppIcon.appiconset/app_icon_32.png	asset	binary or font asset, not executable logic
frontend/appflowy_flutter/packages/appflowy_popover/example/macos/Runner/Assets.xcassets/AppIcon.appiconset/app_icon_512.png	asset	binary or font asset, not executable logic
frontend/appflowy_flutter/packages/appflowy_popover/example/macos/Runner/Assets.xcassets/AppIcon.appiconset/app_icon_64.png	asset	binary or font asset, not executable logic
frontend/appflowy_flutter/packages/appflowy_popover/example/macos/Runner/Base.lproj/MainMenu.xib	unreviewed	production-relevant until a pass-3 reviewer records it
frontend/appflowy_flutter/packages/appflowy_popover/example/macos/Runner/Configs/AppInfo.xcconfig	unreviewed	production-relevant until a pass-3 reviewer records it
frontend/appflowy_flutter/packages/appflowy_popover/example/macos/Runner/Configs/Debug.xcconfig	unreviewed	production-relevant until a pass-3 reviewer records it
frontend/appflowy_flutter/packages/appflowy_popover/example/macos/Runner/Configs/Release.xcconfig	unreviewed	production-relevant until a pass-3 reviewer records it
frontend/appflowy_flutter/packages/appflowy_popover/example/macos/Runner/Configs/Warnings.xcconfig	unreviewed	production-relevant until a pass-3 reviewer records it
frontend/appflowy_flutter/packages/appflowy_popover/example/macos/Runner/DebugProfile.entitlements	unreviewed	production-relevant until a pass-3 reviewer records it
frontend/appflowy_flutter/packages/appflowy_popover/example/macos/Runner/Info.plist	unreviewed	production-relevant until a pass-3 reviewer records it
frontend/appflowy_flutter/packages/appflowy_popover/example/macos/Runner/MainFlutterWindow.swift	unreviewed	production-relevant until a pass-3 reviewer records it
frontend/appflowy_flutter/packages/appflowy_popover/example/macos/Runner/Release.entitlements	unreviewed	production-relevant until a pass-3 reviewer records it
frontend/appflowy_flutter/packages/appflowy_popover/example/pubspec.yaml	unreviewed	production-relevant until a pass-3 reviewer records it
frontend/appflowy_flutter/packages/appflowy_popover/example/web/favicon.png	asset	binary or font asset, not executable logic
frontend/appflowy_flutter/packages/appflowy_popover/example/web/icons/Icon-192.png	asset	binary or font asset, not executable logic
frontend/appflowy_flutter/packages/appflowy_popover/example/web/icons/Icon-512.png	asset	binary or font asset, not executable logic
frontend/appflowy_flutter/packages/appflowy_popover/example/web/icons/Icon-maskable-192.png	asset	binary or font asset, not executable logic
frontend/appflowy_flutter/packages/appflowy_popover/example/web/icons/Icon-maskable-512.png	asset	binary or font asset, not executable logic
frontend/appflowy_flutter/packages/appflowy_popover/example/web/index.html	unreviewed	production-relevant until a pass-3 reviewer records it
frontend/appflowy_flutter/packages/appflowy_popover/example/web/manifest.json	unreviewed	production-relevant until a pass-3 reviewer records it
frontend/appflowy_flutter/packages/appflowy_popover/example/windows/.gitignore	unreviewed	production-relevant until a pass-3 reviewer records it
frontend/appflowy_flutter/packages/appflowy_popover/example/windows/CMakeLists.txt	unreviewed	production-relevant until a pass-3 reviewer records it
frontend/appflowy_flutter/packages/appflowy_popover/example/windows/flutter/CMakeLists.txt	unreviewed	production-relevant until a pass-3 reviewer records it
frontend/appflowy_flutter/packages/appflowy_popover/example/windows/runner/CMakeLists.txt	unreviewed	production-relevant until a pass-3 reviewer records it
frontend/appflowy_flutter/packages/appflowy_popover/example/windows/runner/Runner.rc	unreviewed	production-relevant until a pass-3 reviewer records it
frontend/appflowy_flutter/packages/appflowy_popover/example/windows/runner/flutter_window.cpp	unreviewed	production-relevant until a pass-3 reviewer records it
frontend/appflowy_flutter/packages/appflowy_popover/example/windows/runner/flutter_window.h	unreviewed	production-relevant until a pass-3 reviewer records it
frontend/appflowy_flutter/packages/appflowy_popover/example/windows/runner/main.cpp	unreviewed	production-relevant until a pass-3 reviewer records it
frontend/appflowy_flutter/packages/appflowy_popover/example/windows/runner/resource.h	unreviewed	production-relevant until a pass-3 reviewer records it
frontend/appflowy_flutter/packages/appflowy_popover/example/windows/runner/resources/app_icon.ico	asset	binary or font asset, not executable logic
frontend/appflowy_flutter/packages/appflowy_popover/example/windows/runner/runner.exe.manifest	unreviewed	production-relevant until a pass-3 reviewer records it
frontend/appflowy_flutter/packages/appflowy_popover/example/windows/runner/utils.cpp	unreviewed	production-relevant until a pass-3 reviewer records it
frontend/appflowy_flutter/packages/appflowy_popover/example/windows/runner/utils.h	unreviewed	production-relevant until a pass-3 reviewer records it
frontend/appflowy_flutter/packages/appflowy_popover/example/windows/runner/win32_window.cpp	unreviewed	production-relevant until a pass-3 reviewer records it
frontend/appflowy_flutter/packages/appflowy_popover/example/windows/runner/win32_window.h	unreviewed	production-relevant until a pass-3 reviewer records it
frontend/appflowy_flutter/packages/appflowy_popover/lib/appflowy_popover.dart	unreviewed	production-relevant until a pass-3 reviewer records it
frontend/appflowy_flutter/packages/appflowy_popover/lib/src/follower.dart	unreviewed	production-relevant until a pass-3 reviewer records it
frontend/appflowy_flutter/packages/appflowy_popover/lib/src/layout.dart	unreviewed	production-relevant until a pass-3 reviewer records it
frontend/appflowy_flutter/packages/appflowy_popover/lib/src/mask.dart	unreviewed	production-relevant until a pass-3 reviewer records it
frontend/appflowy_flutter/packages/appflowy_popover/lib/src/mutex.dart	unreviewed	production-relevant until a pass-3 reviewer records it
frontend/appflowy_flutter/packages/appflowy_popover/lib/src/popover.dart	unreviewed	production-relevant until a pass-3 reviewer records it
frontend/appflowy_flutter/packages/appflowy_popover/pubspec.yaml	unreviewed	production-relevant until a pass-3 reviewer records it
frontend/appflowy_flutter/packages/appflowy_popover/screenshot.png	asset	binary or font asset, not executable logic
frontend/appflowy_flutter/packages/appflowy_popover/test/popover_test.dart	test-fixture	test or fixture path
frontend/appflowy_flutter/packages/appflowy_result/.gitignore	unreviewed	production-relevant until a pass-3 reviewer records it
frontend/appflowy_flutter/packages/appflowy_result/.metadata	unreviewed	production-relevant until a pass-3 reviewer records it
frontend/appflowy_flutter/packages/appflowy_result/CHANGELOG.md	unreviewed	production-relevant until a pass-3 reviewer records it
frontend/appflowy_flutter/packages/appflowy_result/LICENSE	unreviewed	production-relevant until a pass-3 reviewer records it
frontend/appflowy_flutter/packages/appflowy_result/README.md	doc	readme
frontend/appflowy_flutter/packages/appflowy_result/analysis_options.yaml	unreviewed	production-relevant until a pass-3 reviewer records it
frontend/appflowy_flutter/packages/appflowy_result/lib/appflowy_result.dart	unreviewed	production-relevant until a pass-3 reviewer records it
frontend/appflowy_flutter/packages/appflowy_result/lib/src/async_result.dart	unreviewed	production-relevant until a pass-3 reviewer records it
frontend/appflowy_flutter/packages/appflowy_result/lib/src/result.dart	unreviewed	production-relevant until a pass-3 reviewer records it
frontend/appflowy_flutter/packages/appflowy_result/pubspec.yaml	unreviewed	production-relevant until a pass-3 reviewer records it
frontend/appflowy_flutter/packages/appflowy_ui/.gitignore	unreviewed	production-relevant until a pass-3 reviewer records it
frontend/appflowy_flutter/packages/appflowy_ui/.metadata	unreviewed	production-relevant until a pass-3 reviewer records it
frontend/appflowy_flutter/packages/appflowy_ui/CHANGELOG.md	unreviewed	production-relevant until a pass-3 reviewer records it
frontend/appflowy_flutter/packages/appflowy_ui/LICENSE	unreviewed	production-relevant until a pass-3 reviewer records it
frontend/appflowy_flutter/packages/appflowy_ui/README.md	doc	readme
frontend/appflowy_flutter/packages/appflowy_ui/analysis_options.yaml	unreviewed	production-relevant until a pass-3 reviewer records it
frontend/appflowy_flutter/packages/appflowy_ui/example/.gitignore	unreviewed	production-relevant until a pass-3 reviewer records it
frontend/appflowy_flutter/packages/appflowy_ui/example/.metadata	unreviewed	production-relevant until a pass-3 reviewer records it
frontend/appflowy_flutter/packages/appflowy_ui/example/README.md	doc	readme
frontend/appflowy_flutter/packages/appflowy_ui/example/analysis_options.yaml	unreviewed	production-relevant until a pass-3 reviewer records it
frontend/appflowy_flutter/packages/appflowy_ui/example/assets/images/arrow_right.svg	asset	binary or font asset, not executable logic
frontend/appflowy_flutter/packages/appflowy_ui/example/assets/images/vector.svg	asset	binary or font asset, not executable logic
frontend/appflowy_flutter/packages/appflowy_ui/example/lib/main.dart	unreviewed	production-relevant until a pass-3 reviewer records it
frontend/appflowy_flutter/packages/appflowy_ui/example/lib/src/avatar/avatar_page.dart	unreviewed	production-relevant until a pass-3 reviewer records it
frontend/appflowy_flutter/packages/appflowy_ui/example/lib/src/buttons/buttons_page.dart	unreviewed	production-relevant until a pass-3 reviewer records it
frontend/appflowy_flutter/packages/appflowy_ui/example/lib/src/dropdown_menu/dropdown_menu_page.dart	unreviewed	production-relevant until a pass-3 reviewer records it
frontend/appflowy_flutter/packages/appflowy_ui/example/lib/src/menu/menu_page.dart	unreviewed	production-relevant until a pass-3 reviewer records it
frontend/appflowy_flutter/packages/appflowy_ui/example/lib/src/modal/modal_page.dart	unreviewed	production-relevant until a pass-3 reviewer records it
frontend/appflowy_flutter/packages/appflowy_ui/example/lib/src/textfield/textfield_page.dart	unreviewed	production-relevant until a pass-3 reviewer records it
frontend/appflowy_flutter/packages/appflowy_ui/example/macos/.gitignore	unreviewed	production-relevant until a pass-3 reviewer records it
frontend/appflowy_flutter/packages/appflowy_ui/example/macos/Flutter/Flutter-Debug.xcconfig	unreviewed	production-relevant until a pass-3 reviewer records it
frontend/appflowy_flutter/packages/appflowy_ui/example/macos/Flutter/Flutter-Release.xcconfig	unreviewed	production-relevant until a pass-3 reviewer records it
frontend/appflowy_flutter/packages/appflowy_ui/example/macos/Podfile	unreviewed	production-relevant until a pass-3 reviewer records it
frontend/appflowy_flutter/packages/appflowy_ui/example/macos/Podfile.lock	unreviewed	production-relevant until a pass-3 reviewer records it
frontend/appflowy_flutter/packages/appflowy_ui/example/macos/Runner.xcodeproj/project.pbxproj	unreviewed	production-relevant until a pass-3 reviewer records it
frontend/appflowy_flutter/packages/appflowy_ui/example/macos/Runner.xcodeproj/project.xcworkspace/xcshareddata/IDEWorkspaceChecks.plist	unreviewed	production-relevant until a pass-3 reviewer records it
frontend/appflowy_flutter/packages/appflowy_ui/example/macos/Runner.xcodeproj/xcshareddata/xcschemes/Runner.xcscheme	unreviewed	production-relevant until a pass-3 reviewer records it
frontend/appflowy_flutter/packages/appflowy_ui/example/macos/Runner.xcworkspace/contents.xcworkspacedata	unreviewed	production-relevant until a pass-3 reviewer records it
frontend/appflowy_flutter/packages/appflowy_ui/example/macos/Runner.xcworkspace/xcshareddata/IDEWorkspaceChecks.plist	unreviewed	production-relevant until a pass-3 reviewer records it
frontend/appflowy_flutter/packages/appflowy_ui/example/macos/Runner.xcworkspace/xcshareddata/WorkspaceSettings.xcsettings	unreviewed	production-relevant until a pass-3 reviewer records it
frontend/appflowy_flutter/packages/appflowy_ui/example/macos/Runner/AppDelegate.swift	unreviewed	production-relevant until a pass-3 reviewer records it
frontend/appflowy_flutter/packages/appflowy_ui/example/macos/Runner/Assets.xcassets/AppIcon.appiconset/Contents.json	unreviewed	production-relevant until a pass-3 reviewer records it
frontend/appflowy_flutter/packages/appflowy_ui/example/macos/Runner/Assets.xcassets/AppIcon.appiconset/app_icon_1024.png	asset	binary or font asset, not executable logic
frontend/appflowy_flutter/packages/appflowy_ui/example/macos/Runner/Assets.xcassets/AppIcon.appiconset/app_icon_128.png	asset	binary or font asset, not executable logic
frontend/appflowy_flutter/packages/appflowy_ui/example/macos/Runner/Assets.xcassets/AppIcon.appiconset/app_icon_16.png	asset	binary or font asset, not executable logic
frontend/appflowy_flutter/packages/appflowy_ui/example/macos/Runner/Assets.xcassets/AppIcon.appiconset/app_icon_256.png	asset	binary or font asset, not executable logic
frontend/appflowy_flutter/packages/appflowy_ui/example/macos/Runner/Assets.xcassets/AppIcon.appiconset/app_icon_32.png	asset	binary or font asset, not executable logic
frontend/appflowy_flutter/packages/appflowy_ui/example/macos/Runner/Assets.xcassets/AppIcon.appiconset/app_icon_512.png	asset	binary or font asset, not executable logic
frontend/appflowy_flutter/packages/appflowy_ui/example/macos/Runner/Assets.xcassets/AppIcon.appiconset/app_icon_64.png	asset	binary or font asset, not executable logic
frontend/appflowy_flutter/packages/appflowy_ui/example/macos/Runner/Base.lproj/MainMenu.xib	unreviewed	production-relevant until a pass-3 reviewer records it
frontend/appflowy_flutter/packages/appflowy_ui/example/macos/Runner/Configs/AppInfo.xcconfig	unreviewed	production-relevant until a pass-3 reviewer records it
frontend/appflowy_flutter/packages/appflowy_ui/example/macos/Runner/Configs/Debug.xcconfig	unreviewed	production-relevant until a pass-3 reviewer records it
frontend/appflowy_flutter/packages/appflowy_ui/example/macos/Runner/Configs/Release.xcconfig	unreviewed	production-relevant until a pass-3 reviewer records it
frontend/appflowy_flutter/packages/appflowy_ui/example/macos/Runner/Configs/Warnings.xcconfig	unreviewed	production-relevant until a pass-3 reviewer records it
frontend/appflowy_flutter/packages/appflowy_ui/example/macos/Runner/DebugProfile.entitlements	unreviewed	production-relevant until a pass-3 reviewer records it
frontend/appflowy_flutter/packages/appflowy_ui/example/macos/Runner/Info.plist	unreviewed	production-relevant until a pass-3 reviewer records it
frontend/appflowy_flutter/packages/appflowy_ui/example/macos/Runner/MainFlutterWindow.swift	unreviewed	production-relevant until a pass-3 reviewer records it
frontend/appflowy_flutter/packages/appflowy_ui/example/macos/Runner/Release.entitlements	unreviewed	production-relevant until a pass-3 reviewer records it
frontend/appflowy_flutter/packages/appflowy_ui/example/macos/RunnerTests/RunnerTests.swift	unreviewed	production-relevant until a pass-3 reviewer records it
frontend/appflowy_flutter/packages/appflowy_ui/example/pubspec.yaml	unreviewed	production-relevant until a pass-3 reviewer records it
frontend/appflowy_flutter/packages/appflowy_ui/example/test/widget_test.dart	test-fixture	test or fixture path
frontend/appflowy_flutter/packages/appflowy_ui/lib/appflowy_ui.dart	unreviewed	production-relevant until a pass-3 reviewer records it
frontend/appflowy_flutter/packages/appflowy_ui/lib/src/component/avatar/avatar.dart	unreviewed	production-relevant until a pass-3 reviewer records it
frontend/appflowy_flutter/packages/appflowy_ui/lib/src/component/button/base_button/base.dart	unreviewed	production-relevant until a pass-3 reviewer records it
frontend/appflowy_flutter/packages/appflowy_ui/lib/src/component/button/base_button/base_button.dart	unreviewed	production-relevant until a pass-3 reviewer records it
frontend/appflowy_flutter/packages/appflowy_ui/lib/src/component/button/base_button/base_text_button.dart	unreviewed	production-relevant until a pass-3 reviewer records it
frontend/appflowy_flutter/packages/appflowy_ui/lib/src/component/button/button.dart	unreviewed	production-relevant until a pass-3 reviewer records it
frontend/appflowy_flutter/packages/appflowy_ui/lib/src/component/button/filled_button/filled_button.dart	unreviewed	production-relevant until a pass-3 reviewer records it
frontend/appflowy_flutter/packages/appflowy_ui/lib/src/component/button/filled_button/filled_icon_text_button.dart	unreviewed	production-relevant until a pass-3 reviewer records it
frontend/appflowy_flutter/packages/appflowy_ui/lib/src/component/button/filled_button/filled_text_button.dart	unreviewed	production-relevant until a pass-3 reviewer records it
frontend/appflowy_flutter/packages/appflowy_ui/lib/src/component/button/ghost_button/ghost_button.dart	unreviewed	production-relevant until a pass-3 reviewer records it
frontend/appflowy_flutter/packages/appflowy_ui/lib/src/component/button/ghost_button/ghost_icon_text_button.dart	unreviewed	production-relevant until a pass-3 reviewer records it
frontend/appflowy_flutter/packages/appflowy_ui/lib/src/component/button/ghost_button/ghost_text_button.dart	unreviewed	production-relevant until a pass-3 reviewer records it
frontend/appflowy_flutter/packages/appflowy_ui/lib/src/component/button/outlined_button/outlined_button.dart	unreviewed	production-relevant until a pass-3 reviewer records it
frontend/appflowy_flutter/packages/appflowy_ui/lib/src/component/button/outlined_button/outlined_icon_text_button.dart	unreviewed	production-relevant until a pass-3 reviewer records it
frontend/appflowy_flutter/packages/appflowy_ui/lib/src/component/button/outlined_button/outlined_text_button.dart	unreviewed	production-relevant until a pass-3 reviewer records it
frontend/appflowy_flutter/packages/appflowy_ui/lib/src/component/component.dart	unreviewed	production-relevant until a pass-3 reviewer records it
frontend/appflowy_flutter/packages/appflowy_ui/lib/src/component/dropdown_menu/dropdown_menu.dart	unreviewed	production-relevant until a pass-3 reviewer records it
frontend/appflowy_flutter/packages/appflowy_ui/lib/src/component/menu/menu.dart	unreviewed	production-relevant until a pass-3 reviewer records it
frontend/appflowy_flutter/packages/appflowy_ui/lib/src/component/menu/menu_item.dart	unreviewed	production-relevant until a pass-3 reviewer records it
frontend/appflowy_flutter/packages/appflowy_ui/lib/src/component/menu/section.dart	unreviewed	production-relevant until a pass-3 reviewer records it
frontend/appflowy_flutter/packages/appflowy_ui/lib/src/component/menu/text_menu_item.dart	unreviewed	production-relevant until a pass-3 reviewer records it
frontend/appflowy_flutter/packages/appflowy_ui/lib/src/component/modal/dimension.dart	unreviewed	production-relevant until a pass-3 reviewer records it
frontend/appflowy_flutter/packages/appflowy_ui/lib/src/component/modal/modal.dart	unreviewed	production-relevant until a pass-3 reviewer records it
frontend/appflowy_flutter/packages/appflowy_ui/lib/src/component/popover/anchor.dart	unreviewed	production-relevant until a pass-3 reviewer records it
frontend/appflowy_flutter/packages/appflowy_ui/lib/src/component/popover/popover.dart	unreviewed	production-relevant until a pass-3 reviewer records it
frontend/appflowy_flutter/packages/appflowy_ui/lib/src/component/popover/shadcn/_mouse_area.dart	unreviewed	production-relevant until a pass-3 reviewer records it
frontend/appflowy_flutter/packages/appflowy_ui/lib/src/component/popover/shadcn/_portal.dart	unreviewed	production-relevant until a pass-3 reviewer records it
frontend/appflowy_flutter/packages/appflowy_ui/lib/src/component/separator/divider.dart	unreviewed	production-relevant until a pass-3 reviewer records it
frontend/appflowy_flutter/packages/appflowy_ui/lib/src/component/textfield/textfield.dart	unreviewed	production-relevant until a pass-3 reviewer records it
frontend/appflowy_flutter/packages/appflowy_ui/lib/src/theme/appflowy_theme.dart	unreviewed	production-relevant until a pass-3 reviewer records it
frontend/appflowy_flutter/packages/appflowy_ui/lib/src/theme/data/appflowy_default/primitive.dart	unreviewed	production-relevant until a pass-3 reviewer records it
frontend/appflowy_flutter/packages/appflowy_ui/lib/src/theme/data/appflowy_default/semantic.dart	unreviewed	production-relevant until a pass-3 reviewer records it
frontend/appflowy_flutter/packages/appflowy_ui/lib/src/theme/data/built_in_themes.dart	unreviewed	production-relevant until a pass-3 reviewer records it
frontend/appflowy_flutter/packages/appflowy_ui/lib/src/theme/data/custom/custom_theme.dart	unreviewed	production-relevant until a pass-3 reviewer records it
frontend/appflowy_flutter/packages/appflowy_ui/lib/src/theme/data/shared.dart	unreviewed	production-relevant until a pass-3 reviewer records it
frontend/appflowy_flutter/packages/appflowy_ui/lib/src/theme/definition/border_radius/border_radius.dart	unreviewed	production-relevant until a pass-3 reviewer records it
frontend/appflowy_flutter/packages/appflowy_ui/lib/src/theme/definition/color_scheme/background_color_scheme.dart	unreviewed	production-relevant until a pass-3 reviewer records it
frontend/appflowy_flutter/packages/appflowy_ui/lib/src/theme/definition/color_scheme/badge_color_scheme.dart	unreviewed	production-relevant until a pass-3 reviewer records it
frontend/appflowy_flutter/packages/appflowy_ui/lib/src/theme/definition/color_scheme/border_color_scheme.dart	unreviewed	production-relevant until a pass-3 reviewer records it
frontend/appflowy_flutter/packages/appflowy_ui/lib/src/theme/definition/color_scheme/brand_color_scheme.dart	unreviewed	production-relevant until a pass-3 reviewer records it
frontend/appflowy_flutter/packages/appflowy_ui/lib/src/theme/definition/color_scheme/color_scheme.dart	unreviewed	production-relevant until a pass-3 reviewer records it
frontend/appflowy_flutter/packages/appflowy_ui/lib/src/theme/definition/color_scheme/fill_color_scheme.dart	unreviewed	production-relevant until a pass-3 reviewer records it
frontend/appflowy_flutter/packages/appflowy_ui/lib/src/theme/definition/color_scheme/icon_color_scheme.dart	unreviewed	production-relevant until a pass-3 reviewer records it
frontend/appflowy_flutter/packages/appflowy_ui/lib/src/theme/definition/color_scheme/other_color_scheme.dart	unreviewed	production-relevant until a pass-3 reviewer records it
frontend/appflowy_flutter/packages/appflowy_ui/lib/src/theme/definition/color_scheme/surface_color_scheme.dart	unreviewed	production-relevant until a pass-3 reviewer records it
frontend/appflowy_flutter/packages/appflowy_ui/lib/src/theme/definition/color_scheme/surface_container_color_scheme.dart	unreviewed	production-relevant until a pass-3 reviewer records it
frontend/appflowy_flutter/packages/appflowy_ui/lib/src/theme/definition/color_scheme/text_color_scheme.dart	unreviewed	production-relevant until a pass-3 reviewer records it
frontend/appflowy_flutter/packages/appflowy_ui/lib/src/theme/definition/shadow/shadow.dart	unreviewed	production-relevant until a pass-3 reviewer records it
frontend/appflowy_flutter/packages/appflowy_ui/lib/src/theme/definition/spacing/spacing.dart	unreviewed	production-relevant until a pass-3 reviewer records it
frontend/appflowy_flutter/packages/appflowy_ui/lib/src/theme/definition/text_style/base/default_text_style.dart	unreviewed	production-relevant until a pass-3 reviewer records it
frontend/appflowy_flutter/packages/appflowy_ui/lib/src/theme/definition/text_style/text_style.dart	unreviewed	production-relevant until a pass-3 reviewer records it
frontend/appflowy_flutter/packages/appflowy_ui/lib/src/theme/definition/theme_data.dart	unreviewed	production-relevant until a pass-3 reviewer records it
frontend/appflowy_flutter/packages/appflowy_ui/lib/src/theme/theme.dart	unreviewed	production-relevant until a pass-3 reviewer records it
frontend/appflowy_flutter/packages/appflowy_ui/pubspec.yaml	unreviewed	production-relevant until a pass-3 reviewer records it
frontend/appflowy_flutter/packages/appflowy_ui/script/Primitive.Mode 1.tokens.json	unreviewed	production-relevant until a pass-3 reviewer records it
frontend/appflowy_flutter/packages/appflowy_ui/script/Semantic.Dark Mode.tokens.json	unreviewed	production-relevant until a pass-3 reviewer records it
frontend/appflowy_flutter/packages/appflowy_ui/script/Semantic.Light Mode.tokens.json	unreviewed	production-relevant until a pass-3 reviewer records it
frontend/appflowy_flutter/packages/appflowy_ui/script/generate_theme.dart	unreviewed	production-relevant until a pass-3 reviewer records it
frontend/appflowy_flutter/packages/flowy_infra/.gitignore	unreviewed	production-relevant until a pass-3 reviewer records it
frontend/appflowy_flutter/packages/flowy_infra/.metadata	unreviewed	production-relevant until a pass-3 reviewer records it
frontend/appflowy_flutter/packages/flowy_infra/LICENSE	unreviewed	production-relevant until a pass-3 reviewer records it
frontend/appflowy_flutter/packages/flowy_infra/analysis_options.yaml	unreviewed	production-relevant until a pass-3 reviewer records it
frontend/appflowy_flutter/packages/flowy_infra/lib/colorscheme/colorscheme.dart	unreviewed	production-relevant until a pass-3 reviewer records it
frontend/appflowy_flutter/packages/flowy_infra/lib/colorscheme/dandelion.dart	unreviewed	production-relevant until a pass-3 reviewer records it
frontend/appflowy_flutter/packages/flowy_infra/lib/colorscheme/default_colorscheme.dart	unreviewed	production-relevant until a pass-3 reviewer records it
frontend/appflowy_flutter/packages/flowy_infra/lib/colorscheme/lavender.dart	unreviewed	production-relevant until a pass-3 reviewer records it
frontend/appflowy_flutter/packages/flowy_infra/lib/colorscheme/lemonade.dart	unreviewed	production-relevant until a pass-3 reviewer records it
frontend/appflowy_flutter/packages/flowy_infra/lib/file_picker/file_picker_impl.dart	unreviewed	production-relevant until a pass-3 reviewer records it
frontend/appflowy_flutter/packages/flowy_infra/lib/file_picker/file_picker_service.dart	unreviewed	production-relevant until a pass-3 reviewer records it
frontend/appflowy_flutter/packages/flowy_infra/lib/icon_data.dart	unreviewed	production-relevant until a pass-3 reviewer records it
frontend/appflowy_flutter/packages/flowy_infra/lib/language.dart	unreviewed	production-relevant until a pass-3 reviewer records it
frontend/appflowy_flutter/packages/flowy_infra/lib/notifier.dart	unreviewed	production-relevant until a pass-3 reviewer records it
frontend/appflowy_flutter/packages/flowy_infra/lib/platform_extension.dart	unreviewed	production-relevant until a pass-3 reviewer records it
frontend/appflowy_flutter/packages/flowy_infra/lib/plugins/bloc/dynamic_plugin_bloc.dart	unreviewed	production-relevant until a pass-3 reviewer records it
frontend/appflowy_flutter/packages/flowy_infra/lib/plugins/bloc/dynamic_plugin_event.dart	unreviewed	production-relevant until a pass-3 reviewer records it
frontend/appflowy_flutter/packages/flowy_infra/lib/plugins/bloc/dynamic_plugin_state.dart	unreviewed	production-relevant until a pass-3 reviewer records it
frontend/appflowy_flutter/packages/flowy_infra/lib/plugins/service/location_service.dart	unreviewed	production-relevant until a pass-3 reviewer records it
frontend/appflowy_flutter/packages/flowy_infra/lib/plugins/service/models/exceptions.dart	unreviewed	production-relevant until a pass-3 reviewer records it
frontend/appflowy_flutter/packages/flowy_infra/lib/plugins/service/models/flowy_dynamic_plugin.dart	unreviewed	production-relevant until a pass-3 reviewer records it
frontend/appflowy_flutter/packages/flowy_infra/lib/plugins/service/models/plugin_type.dart	unreviewed	production-relevant until a pass-3 reviewer records it
frontend/appflowy_flutter/packages/flowy_infra/lib/plugins/service/plugin_service.dart	unreviewed	production-relevant until a pass-3 reviewer records it
frontend/appflowy_flutter/packages/flowy_infra/lib/size.dart	unreviewed	production-relevant until a pass-3 reviewer records it
frontend/appflowy_flutter/packages/flowy_infra/lib/theme.dart	unreviewed	production-relevant until a pass-3 reviewer records it
frontend/appflowy_flutter/packages/flowy_infra/lib/theme_extension.dart	unreviewed	production-relevant until a pass-3 reviewer records it
frontend/appflowy_flutter/packages/flowy_infra/lib/time/duration.dart	unreviewed	production-relevant until a pass-3 reviewer records it
frontend/appflowy_flutter/packages/flowy_infra/lib/time/prelude.dart	unreviewed	production-relevant until a pass-3 reviewer records it
frontend/appflowy_flutter/packages/flowy_infra/lib/utils/color_converter.dart	unreviewed	production-relevant until a pass-3 reviewer records it
frontend/appflowy_flutter/packages/flowy_infra/lib/uuid.dart	unreviewed	production-relevant until a pass-3 reviewer records it
frontend/appflowy_flutter/packages/flowy_infra/pubspec.yaml	unreviewed	production-relevant until a pass-3 reviewer records it
frontend/appflowy_flutter/packages/flowy_infra_ui/.gitignore	unreviewed	production-relevant until a pass-3 reviewer records it
frontend/appflowy_flutter/packages/flowy_infra_ui/.metadata	unreviewed	production-relevant until a pass-3 reviewer records it
frontend/appflowy_flutter/packages/flowy_infra_ui/CHANGELOG.md	unreviewed	production-relevant until a pass-3 reviewer records it
frontend/appflowy_flutter/packages/flowy_infra_ui/LICENSE	unreviewed	production-relevant until a pass-3 reviewer records it
frontend/appflowy_flutter/packages/flowy_infra_ui/README.md	doc	readme
frontend/appflowy_flutter/packages/flowy_infra_ui/analysis_options.yaml	unreviewed	production-relevant until a pass-3 reviewer records it
frontend/appflowy_flutter/packages/flowy_infra_ui/android/.classpath	unreviewed	production-relevant until a pass-3 reviewer records it
frontend/appflowy_flutter/packages/flowy_infra_ui/android/.gitignore	unreviewed	production-relevant until a pass-3 reviewer records it
frontend/appflowy_flutter/packages/flowy_infra_ui/android/.project	unreviewed	production-relevant until a pass-3 reviewer records it
frontend/appflowy_flutter/packages/flowy_infra_ui/android/.settings/org.eclipse.buildship.core.prefs	unreviewed	production-relevant until a pass-3 reviewer records it
frontend/appflowy_flutter/packages/flowy_infra_ui/android/build.gradle	unreviewed	production-relevant until a pass-3 reviewer records it
frontend/appflowy_flutter/packages/flowy_infra_ui/android/gradle.properties	unreviewed	production-relevant until a pass-3 reviewer records it
frontend/appflowy_flutter/packages/flowy_infra_ui/android/gradle/wrapper/gradle-wrapper.properties	unreviewed	production-relevant until a pass-3 reviewer records it
frontend/appflowy_flutter/packages/flowy_infra_ui/android/settings.gradle	unreviewed	production-relevant until a pass-3 reviewer records it
frontend/appflowy_flutter/packages/flowy_infra_ui/android/src/main/AndroidManifest.xml	unreviewed	production-relevant until a pass-3 reviewer records it
frontend/appflowy_flutter/packages/flowy_infra_ui/android/src/main/java/com/example/flowy_infra_ui/FlowyInfraUIPlugin.java	unreviewed	production-relevant until a pass-3 reviewer records it
frontend/appflowy_flutter/packages/flowy_infra_ui/android/src/main/java/com/example/flowy_infra_ui/event/KeyboardEventHandler.java	unreviewed	production-relevant until a pass-3 reviewer records it
frontend/appflowy_flutter/packages/flowy_infra_ui/android/src/main/kotlin/com/example/flowy_infra_ui/FlowyInfraUiPlugin.kt	unreviewed	production-relevant until a pass-3 reviewer records it
frontend/appflowy_flutter/packages/flowy_infra_ui/example/.gitignore	unreviewed	production-relevant until a pass-3 reviewer records it
frontend/appflowy_flutter/packages/flowy_infra_ui/example/.metadata	unreviewed	production-relevant until a pass-3 reviewer records it
frontend/appflowy_flutter/packages/flowy_infra_ui/example/README.md	doc	readme
frontend/appflowy_flutter/packages/flowy_infra_ui/example/analysis_options.yaml	unreviewed	production-relevant until a pass-3 reviewer records it
frontend/appflowy_flutter/packages/flowy_infra_ui/example/android/.gitignore	unreviewed	production-relevant until a pass-3 reviewer records it
frontend/appflowy_flutter/packages/flowy_infra_ui/example/android/.project	unreviewed	production-relevant until a pass-3 reviewer records it
frontend/appflowy_flutter/packages/flowy_infra_ui/example/android/.settings/org.eclipse.buildship.core.prefs	unreviewed	production-relevant until a pass-3 reviewer records it
frontend/appflowy_flutter/packages/flowy_infra_ui/example/android/app/.classpath	unreviewed	production-relevant until a pass-3 reviewer records it
frontend/appflowy_flutter/packages/flowy_infra_ui/example/android/app/.project	unreviewed	production-relevant until a pass-3 reviewer records it
frontend/appflowy_flutter/packages/flowy_infra_ui/example/android/app/.settings/org.eclipse.buildship.core.prefs	unreviewed	production-relevant until a pass-3 reviewer records it
frontend/appflowy_flutter/packages/flowy_infra_ui/example/android/app/build.gradle	unreviewed	production-relevant until a pass-3 reviewer records it
frontend/appflowy_flutter/packages/flowy_infra_ui/example/android/app/src/debug/AndroidManifest.xml	unreviewed	production-relevant until a pass-3 reviewer records it
frontend/appflowy_flutter/packages/flowy_infra_ui/example/android/app/src/main/AndroidManifest.xml	unreviewed	production-relevant until a pass-3 reviewer records it
frontend/appflowy_flutter/packages/flowy_infra_ui/example/android/app/src/main/kotlin/com/example/example/MainActivity.kt	unreviewed	production-relevant until a pass-3 reviewer records it
frontend/appflowy_flutter/packages/flowy_infra_ui/example/android/app/src/main/kotlin/com/example/flowy_infra_ui_example/MainActivity.kt	unreviewed	production-relevant until a pass-3 reviewer records it
frontend/appflowy_flutter/packages/flowy_infra_ui/example/android/app/src/main/res/drawable-v21/launch_background.xml	unreviewed	production-relevant until a pass-3 reviewer records it
frontend/appflowy_flutter/packages/flowy_infra_ui/example/android/app/src/main/res/drawable/launch_background.xml	unreviewed	production-relevant until a pass-3 reviewer records it
frontend/appflowy_flutter/packages/flowy_infra_ui/example/android/app/src/main/res/mipmap-hdpi/ic_launcher.png	asset	binary or font asset, not executable logic
frontend/appflowy_flutter/packages/flowy_infra_ui/example/android/app/src/main/res/mipmap-mdpi/ic_launcher.png	asset	binary or font asset, not executable logic
frontend/appflowy_flutter/packages/flowy_infra_ui/example/android/app/src/main/res/mipmap-xhdpi/ic_launcher.png	asset	binary or font asset, not executable logic
frontend/appflowy_flutter/packages/flowy_infra_ui/example/android/app/src/main/res/mipmap-xxhdpi/ic_launcher.png	asset	binary or font asset, not executable logic
frontend/appflowy_flutter/packages/flowy_infra_ui/example/android/app/src/main/res/mipmap-xxxhdpi/ic_launcher.png	asset	binary or font asset, not executable logic
frontend/appflowy_flutter/packages/flowy_infra_ui/example/android/app/src/main/res/values-night/styles.xml	unreviewed	production-relevant until a pass-3 reviewer records it
frontend/appflowy_flutter/packages/flowy_infra_ui/example/android/app/src/main/res/values/styles.xml	unreviewed	production-relevant until a pass-3 reviewer records it
frontend/appflowy_flutter/packages/flowy_infra_ui/example/android/app/src/profile/AndroidManifest.xml	unreviewed	production-relevant until a pass-3 reviewer records it
frontend/appflowy_flutter/packages/flowy_infra_ui/example/android/build.gradle	unreviewed	production-relevant until a pass-3 reviewer records it
frontend/appflowy_flutter/packages/flowy_infra_ui/example/android/gradle.properties	unreviewed	production-relevant until a pass-3 reviewer records it
frontend/appflowy_flutter/packages/flowy_infra_ui/example/android/gradle/wrapper/gradle-wrapper.properties	unreviewed	production-relevant until a pass-3 reviewer records it
frontend/appflowy_flutter/packages/flowy_infra_ui/example/android/settings.gradle	unreviewed	production-relevant until a pass-3 reviewer records it
frontend/appflowy_flutter/packages/flowy_infra_ui/example/example/android/app/src/main/java/com/example/flowy_infra_ui_example/FlutterActivity.java	unreviewed	production-relevant until a pass-3 reviewer records it
frontend/appflowy_flutter/packages/flowy_infra_ui/example/ios/.gitignore	unreviewed	production-relevant until a pass-3 reviewer records it
frontend/appflowy_flutter/packages/flowy_infra_ui/example/ios/Flutter/AppFrameworkInfo.plist	unreviewed	production-relevant until a pass-3 reviewer records it
frontend/appflowy_flutter/packages/flowy_infra_ui/example/ios/Flutter/Debug.xcconfig	unreviewed	production-relevant until a pass-3 reviewer records it
frontend/appflowy_flutter/packages/flowy_infra_ui/example/ios/Flutter/Release.xcconfig	unreviewed	production-relevant until a pass-3 reviewer records it
frontend/appflowy_flutter/packages/flowy_infra_ui/example/ios/Podfile	unreviewed	production-relevant until a pass-3 reviewer records it
frontend/appflowy_flutter/packages/flowy_infra_ui/example/ios/Podfile.lock	unreviewed	production-relevant until a pass-3 reviewer records it
frontend/appflowy_flutter/packages/flowy_infra_ui/example/ios/Runner.xcodeproj/project.pbxproj	unreviewed	production-relevant until a pass-3 reviewer records it
frontend/appflowy_flutter/packages/flowy_infra_ui/example/ios/Runner.xcodeproj/project.xcworkspace/contents.xcworkspacedata	unreviewed	production-relevant until a pass-3 reviewer records it
frontend/appflowy_flutter/packages/flowy_infra_ui/example/ios/Runner.xcodeproj/project.xcworkspace/xcshareddata/IDEWorkspaceChecks.plist	unreviewed	production-relevant until a pass-3 reviewer records it
frontend/appflowy_flutter/packages/flowy_infra_ui/example/ios/Runner.xcodeproj/project.xcworkspace/xcshareddata/WorkspaceSettings.xcsettings	unreviewed	production-relevant until a pass-3 reviewer records it
frontend/appflowy_flutter/packages/flowy_infra_ui/example/ios/Runner.xcodeproj/xcshareddata/xcschemes/Runner.xcscheme	unreviewed	production-relevant until a pass-3 reviewer records it
frontend/appflowy_flutter/packages/flowy_infra_ui/example/ios/Runner.xcworkspace/contents.xcworkspacedata	unreviewed	production-relevant until a pass-3 reviewer records it
frontend/appflowy_flutter/packages/flowy_infra_ui/example/ios/Runner.xcworkspace/xcshareddata/IDEWorkspaceChecks.plist	unreviewed	production-relevant until a pass-3 reviewer records it
frontend/appflowy_flutter/packages/flowy_infra_ui/example/ios/Runner.xcworkspace/xcshareddata/WorkspaceSettings.xcsettings	unreviewed	production-relevant until a pass-3 reviewer records it
frontend/appflowy_flutter/packages/flowy_infra_ui/example/ios/Runner/AppDelegate.swift	unreviewed	production-relevant until a pass-3 reviewer records it
frontend/appflowy_flutter/packages/flowy_infra_ui/example/ios/Runner/Assets.xcassets/AppIcon.appiconset/Contents.json	unreviewed	production-relevant until a pass-3 reviewer records it
frontend/appflowy_flutter/packages/flowy_infra_ui/example/ios/Runner/Assets.xcassets/AppIcon.appiconset/Icon-App-1024x1024@1x.png	asset	binary or font asset, not executable logic
frontend/appflowy_flutter/packages/flowy_infra_ui/example/ios/Runner/Assets.xcassets/AppIcon.appiconset/Icon-App-20x20@1x.png	asset	binary or font asset, not executable logic
frontend/appflowy_flutter/packages/flowy_infra_ui/example/ios/Runner/Assets.xcassets/AppIcon.appiconset/Icon-App-20x20@2x.png	asset	binary or font asset, not executable logic
frontend/appflowy_flutter/packages/flowy_infra_ui/example/ios/Runner/Assets.xcassets/AppIcon.appiconset/Icon-App-20x20@3x.png	asset	binary or font asset, not executable logic
frontend/appflowy_flutter/packages/flowy_infra_ui/example/ios/Runner/Assets.xcassets/AppIcon.appiconset/Icon-App-29x29@1x.png	asset	binary or font asset, not executable logic
frontend/appflowy_flutter/packages/flowy_infra_ui/example/ios/Runner/Assets.xcassets/AppIcon.appiconset/Icon-App-29x29@2x.png	asset	binary or font asset, not executable logic
frontend/appflowy_flutter/packages/flowy_infra_ui/example/ios/Runner/Assets.xcassets/AppIcon.appiconset/Icon-App-29x29@3x.png	asset	binary or font asset, not executable logic
frontend/appflowy_flutter/packages/flowy_infra_ui/example/ios/Runner/Assets.xcassets/AppIcon.appiconset/Icon-App-40x40@1x.png	asset	binary or font asset, not executable logic
frontend/appflowy_flutter/packages/flowy_infra_ui/example/ios/Runner/Assets.xcassets/AppIcon.appiconset/Icon-App-40x40@2x.png	asset	binary or font asset, not executable logic
frontend/appflowy_flutter/packages/flowy_infra_ui/example/ios/Runner/Assets.xcassets/AppIcon.appiconset/Icon-App-40x40@3x.png	asset	binary or font asset, not executable logic
frontend/appflowy_flutter/packages/flowy_infra_ui/example/ios/Runner/Assets.xcassets/AppIcon.appiconset/Icon-App-60x60@2x.png	asset	binary or font asset, not executable logic
frontend/appflowy_flutter/packages/flowy_infra_ui/example/ios/Runner/Assets.xcassets/AppIcon.appiconset/Icon-App-60x60@3x.png	asset	binary or font asset, not executable logic
frontend/appflowy_flutter/packages/flowy_infra_ui/example/ios/Runner/Assets.xcassets/AppIcon.appiconset/Icon-App-76x76@1x.png	asset	binary or font asset, not executable logic
frontend/appflowy_flutter/packages/flowy_infra_ui/example/ios/Runner/Assets.xcassets/AppIcon.appiconset/Icon-App-76x76@2x.png	asset	binary or font asset, not executable logic
frontend/appflowy_flutter/packages/flowy_infra_ui/example/ios/Runner/Assets.xcassets/AppIcon.appiconset/Icon-App-83.5x83.5@2x.png	asset	binary or font asset, not executable logic
frontend/appflowy_flutter/packages/flowy_infra_ui/example/ios/Runner/Assets.xcassets/LaunchImage.imageset/Contents.json	unreviewed	production-relevant until a pass-3 reviewer records it
frontend/appflowy_flutter/packages/flowy_infra_ui/example/ios/Runner/Assets.xcassets/LaunchImage.imageset/LaunchImage.png	asset	binary or font asset, not executable logic
frontend/appflowy_flutter/packages/flowy_infra_ui/example/ios/Runner/Assets.xcassets/LaunchImage.imageset/LaunchImage@2x.png	asset	binary or font asset, not executable logic
frontend/appflowy_flutter/packages/flowy_infra_ui/example/ios/Runner/Assets.xcassets/LaunchImage.imageset/LaunchImage@3x.png	asset	binary or font asset, not executable logic
frontend/appflowy_flutter/packages/flowy_infra_ui/example/ios/Runner/Assets.xcassets/LaunchImage.imageset/README.md	doc	readme
frontend/appflowy_flutter/packages/flowy_infra_ui/example/ios/Runner/Base.lproj/LaunchScreen.storyboard	unreviewed	production-relevant until a pass-3 reviewer records it
frontend/appflowy_flutter/packages/flowy_infra_ui/example/ios/Runner/Base.lproj/Main.storyboard	unreviewed	production-relevant until a pass-3 reviewer records it
frontend/appflowy_flutter/packages/flowy_infra_ui/example/ios/Runner/Info.plist	unreviewed	production-relevant until a pass-3 reviewer records it
frontend/appflowy_flutter/packages/flowy_infra_ui/example/ios/Runner/Runner-Bridging-Header.h	unreviewed	production-relevant until a pass-3 reviewer records it
frontend/appflowy_flutter/packages/flowy_infra_ui/example/lib/home/demo_item.dart	unreviewed	production-relevant until a pass-3 reviewer records it
frontend/appflowy_flutter/packages/flowy_infra_ui/example/lib/home/home_screen.dart	unreviewed	production-relevant until a pass-3 reviewer records it
frontend/appflowy_flutter/packages/flowy_infra_ui/example/lib/keyboard/keyboard_screen.dart	unreviewed	production-relevant until a pass-3 reviewer records it
frontend/appflowy_flutter/packages/flowy_infra_ui/example/lib/main.dart	unreviewed	production-relevant until a pass-3 reviewer records it
frontend/appflowy_flutter/packages/flowy_infra_ui/example/lib/overlay/overlay_screen.dart	unreviewed	production-relevant until a pass-3 reviewer records it
frontend/appflowy_flutter/packages/flowy_infra_ui/example/linux/.gitignore	unreviewed	production-relevant until a pass-3 reviewer records it
frontend/appflowy_flutter/packages/flowy_infra_ui/example/linux/CMakeLists.txt	unreviewed	production-relevant until a pass-3 reviewer records it
frontend/appflowy_flutter/packages/flowy_infra_ui/example/linux/flutter/CMakeLists.txt	unreviewed	production-relevant until a pass-3 reviewer records it
frontend/appflowy_flutter/packages/flowy_infra_ui/example/linux/main.cc	unreviewed	production-relevant until a pass-3 reviewer records it
frontend/appflowy_flutter/packages/flowy_infra_ui/example/linux/my_application.cc	unreviewed	production-relevant until a pass-3 reviewer records it
frontend/appflowy_flutter/packages/flowy_infra_ui/example/linux/my_application.h	unreviewed	production-relevant until a pass-3 reviewer records it
frontend/appflowy_flutter/packages/flowy_infra_ui/example/macos/.gitignore	unreviewed	production-relevant until a pass-3 reviewer records it
frontend/appflowy_flutter/packages/flowy_infra_ui/example/macos/Flutter/Flutter-Debug.xcconfig	unreviewed	production-relevant until a pass-3 reviewer records it
frontend/appflowy_flutter/packages/flowy_infra_ui/example/macos/Flutter/Flutter-Release.xcconfig	unreviewed	production-relevant until a pass-3 reviewer records it
frontend/appflowy_flutter/packages/flowy_infra_ui/example/macos/Podfile	unreviewed	production-relevant until a pass-3 reviewer records it
frontend/appflowy_flutter/packages/flowy_infra_ui/example/macos/Podfile.lock	unreviewed	production-relevant until a pass-3 reviewer records it
frontend/appflowy_flutter/packages/flowy_infra_ui/example/macos/Runner.xcodeproj/project.pbxproj	unreviewed	production-relevant until a pass-3 reviewer records it
frontend/appflowy_flutter/packages/flowy_infra_ui/example/macos/Runner.xcodeproj/project.xcworkspace/xcshareddata/IDEWorkspaceChecks.plist	unreviewed	production-relevant until a pass-3 reviewer records it
frontend/appflowy_flutter/packages/flowy_infra_ui/example/macos/Runner.xcodeproj/xcshareddata/xcschemes/Runner.xcscheme	unreviewed	production-relevant until a pass-3 reviewer records it
frontend/appflowy_flutter/packages/flowy_infra_ui/example/macos/Runner.xcworkspace/contents.xcworkspacedata	unreviewed	production-relevant until a pass-3 reviewer records it
frontend/appflowy_flutter/packages/flowy_infra_ui/example/macos/Runner.xcworkspace/xcshareddata/IDEWorkspaceChecks.plist	unreviewed	production-relevant until a pass-3 reviewer records it
frontend/appflowy_flutter/packages/flowy_infra_ui/example/macos/Runner/AppDelegate.swift	unreviewed	production-relevant until a pass-3 reviewer records it
frontend/appflowy_flutter/packages/flowy_infra_ui/example/macos/Runner/Assets.xcassets/AppIcon.appiconset/Contents.json	unreviewed	production-relevant until a pass-3 reviewer records it
frontend/appflowy_flutter/packages/flowy_infra_ui/example/macos/Runner/Assets.xcassets/AppIcon.appiconset/app_icon_1024.png	asset	binary or font asset, not executable logic
frontend/appflowy_flutter/packages/flowy_infra_ui/example/macos/Runner/Assets.xcassets/AppIcon.appiconset/app_icon_128.png	asset	binary or font asset, not executable logic
frontend/appflowy_flutter/packages/flowy_infra_ui/example/macos/Runner/Assets.xcassets/AppIcon.appiconset/app_icon_16.png	asset	binary or font asset, not executable logic
frontend/appflowy_flutter/packages/flowy_infra_ui/example/macos/Runner/Assets.xcassets/AppIcon.appiconset/app_icon_256.png	asset	binary or font asset, not executable logic
frontend/appflowy_flutter/packages/flowy_infra_ui/example/macos/Runner/Assets.xcassets/AppIcon.appiconset/app_icon_32.png	asset	binary or font asset, not executable logic
frontend/appflowy_flutter/packages/flowy_infra_ui/example/macos/Runner/Assets.xcassets/AppIcon.appiconset/app_icon_512.png	asset	binary or font asset, not executable logic
frontend/appflowy_flutter/packages/flowy_infra_ui/example/macos/Runner/Assets.xcassets/AppIcon.appiconset/app_icon_64.png	asset	binary or font asset, not executable logic
frontend/appflowy_flutter/packages/flowy_infra_ui/example/macos/Runner/Base.lproj/MainMenu.xib	unreviewed	production-relevant until a pass-3 reviewer records it
frontend/appflowy_flutter/packages/flowy_infra_ui/example/macos/Runner/Configs/AppInfo.xcconfig	unreviewed	production-relevant until a pass-3 reviewer records it
frontend/appflowy_flutter/packages/flowy_infra_ui/example/macos/Runner/Configs/Debug.xcconfig	unreviewed	production-relevant until a pass-3 reviewer records it
frontend/appflowy_flutter/packages/flowy_infra_ui/example/macos/Runner/Configs/Release.xcconfig	unreviewed	production-relevant until a pass-3 reviewer records it
frontend/appflowy_flutter/packages/flowy_infra_ui/example/macos/Runner/Configs/Warnings.xcconfig	unreviewed	production-relevant until a pass-3 reviewer records it
frontend/appflowy_flutter/packages/flowy_infra_ui/example/macos/Runner/DebugProfile.entitlements	unreviewed	production-relevant until a pass-3 reviewer records it
frontend/appflowy_flutter/packages/flowy_infra_ui/example/macos/Runner/Info.plist	unreviewed	production-relevant until a pass-3 reviewer records it
frontend/appflowy_flutter/packages/flowy_infra_ui/example/macos/Runner/MainFlutterWindow.swift	unreviewed	production-relevant until a pass-3 reviewer records it
frontend/appflowy_flutter/packages/flowy_infra_ui/example/macos/Runner/Release.entitlements	unreviewed	production-relevant until a pass-3 reviewer records it
frontend/appflowy_flutter/packages/flowy_infra_ui/example/pubspec.yaml	unreviewed	production-relevant until a pass-3 reviewer records it
frontend/appflowy_flutter/packages/flowy_infra_ui/example/test/widget_test.dart	test-fixture	test or fixture path
frontend/appflowy_flutter/packages/flowy_infra_ui/example/web/favicon.png	asset	binary or font asset, not executable logic
frontend/appflowy_flutter/packages/flowy_infra_ui/example/web/icons/Icon-192.png	asset	binary or font asset, not executable logic
frontend/appflowy_flutter/packages/flowy_infra_ui/example/web/icons/Icon-512.png	asset	binary or font asset, not executable logic
frontend/appflowy_flutter/packages/flowy_infra_ui/example/web/icons/Icon-maskable-192.png	asset	binary or font asset, not executable logic
frontend/appflowy_flutter/packages/flowy_infra_ui/example/web/icons/Icon-maskable-512.png	asset	binary or font asset, not executable logic
frontend/appflowy_flutter/packages/flowy_infra_ui/example/web/index.html	unreviewed	production-relevant until a pass-3 reviewer records it
frontend/appflowy_flutter/packages/flowy_infra_ui/example/web/manifest.json	unreviewed	production-relevant until a pass-3 reviewer records it
frontend/appflowy_flutter/packages/flowy_infra_ui/example/windows/.gitignore	unreviewed	production-relevant until a pass-3 reviewer records it
frontend/appflowy_flutter/packages/flowy_infra_ui/example/windows/CMakeLists.txt	unreviewed	production-relevant until a pass-3 reviewer records it
frontend/appflowy_flutter/packages/flowy_infra_ui/example/windows/flutter/CMakeLists.txt	unreviewed	production-relevant until a pass-3 reviewer records it
frontend/appflowy_flutter/packages/flowy_infra_ui/example/windows/runner/CMakeLists.txt	unreviewed	production-relevant until a pass-3 reviewer records it
frontend/appflowy_flutter/packages/flowy_infra_ui/example/windows/runner/Runner.rc	unreviewed	production-relevant until a pass-3 reviewer records it
frontend/appflowy_flutter/packages/flowy_infra_ui/example/windows/runner/flutter_window.cpp	unreviewed	production-relevant until a pass-3 reviewer records it
frontend/appflowy_flutter/packages/flowy_infra_ui/example/windows/runner/flutter_window.h	unreviewed	production-relevant until a pass-3 reviewer records it
frontend/appflowy_flutter/packages/flowy_infra_ui/example/windows/runner/main.cpp	unreviewed	production-relevant until a pass-3 reviewer records it
frontend/appflowy_flutter/packages/flowy_infra_ui/example/windows/runner/resource.h	unreviewed	production-relevant until a pass-3 reviewer records it
frontend/appflowy_flutter/packages/flowy_infra_ui/example/windows/runner/resources/app_icon.ico	asset	binary or font asset, not executable logic
frontend/appflowy_flutter/packages/flowy_infra_ui/example/windows/runner/runner.exe.manifest	unreviewed	production-relevant until a pass-3 reviewer records it
frontend/appflowy_flutter/packages/flowy_infra_ui/example/windows/runner/utils.cpp	unreviewed	production-relevant until a pass-3 reviewer records it
frontend/appflowy_flutter/packages/flowy_infra_ui/example/windows/runner/utils.h	unreviewed	production-relevant until a pass-3 reviewer records it
frontend/appflowy_flutter/packages/flowy_infra_ui/example/windows/runner/win32_window.cpp	unreviewed	production-relevant until a pass-3 reviewer records it
frontend/appflowy_flutter/packages/flowy_infra_ui/example/windows/runner/win32_window.h	unreviewed	production-relevant until a pass-3 reviewer records it
frontend/appflowy_flutter/packages/flowy_infra_ui/flowy_infra_ui_platform_interface/.gitignore	unreviewed	production-relevant until a pass-3 reviewer records it
frontend/appflowy_flutter/packages/flowy_infra_ui/flowy_infra_ui_platform_interface/.metadata	unreviewed	production-relevant until a pass-3 reviewer records it
frontend/appflowy_flutter/packages/flowy_infra_ui/flowy_infra_ui_platform_interface/CHANGELOG.md	unreviewed	production-relevant until a pass-3 reviewer records it
frontend/appflowy_flutter/packages/flowy_infra_ui/flowy_infra_ui_platform_interface/LICENSE	unreviewed	production-relevant until a pass-3 reviewer records it
frontend/appflowy_flutter/packages/flowy_infra_ui/flowy_infra_ui_platform_interface/README.md	doc	readme
frontend/appflowy_flutter/packages/flowy_infra_ui/flowy_infra_ui_platform_interface/analysis_options.yaml	unreviewed	production-relevant until a pass-3 reviewer records it
frontend/appflowy_flutter/packages/flowy_infra_ui/flowy_infra_ui_platform_interface/lib/flowy_infra_ui_platform_interface.dart	unreviewed	production-relevant until a pass-3 reviewer records it
frontend/appflowy_flutter/packages/flowy_infra_ui/flowy_infra_ui_platform_interface/lib/src/method_channel_flowy_infra_ui.dart	unreviewed	production-relevant until a pass-3 reviewer records it
frontend/appflowy_flutter/packages/flowy_infra_ui/flowy_infra_ui_platform_interface/pubspec.yaml	unreviewed	production-relevant until a pass-3 reviewer records it
frontend/appflowy_flutter/packages/flowy_infra_ui/flowy_infra_ui_platform_interface/test/flowy_infra_ui_platform_interface_test.dart	test-fixture	test or fixture path
frontend/appflowy_flutter/packages/flowy_infra_ui/flowy_infra_ui_web/.gitignore	unreviewed	production-relevant until a pass-3 reviewer records it
frontend/appflowy_flutter/packages/flowy_infra_ui/flowy_infra_ui_web/.metadata	unreviewed	production-relevant until a pass-3 reviewer records it
frontend/appflowy_flutter/packages/flowy_infra_ui/flowy_infra_ui_web/CHANGELOG.md	unreviewed	production-relevant until a pass-3 reviewer records it
frontend/appflowy_flutter/packages/flowy_infra_ui/flowy_infra_ui_web/LICENSE	unreviewed	production-relevant until a pass-3 reviewer records it
frontend/appflowy_flutter/packages/flowy_infra_ui/flowy_infra_ui_web/README.md	doc	readme
frontend/appflowy_flutter/packages/flowy_infra_ui/flowy_infra_ui_web/analysis_options.yaml	unreviewed	production-relevant until a pass-3 reviewer records it
frontend/appflowy_flutter/packages/flowy_infra_ui/flowy_infra_ui_web/lib/flowy_infra_ui_web.dart	unreviewed	production-relevant until a pass-3 reviewer records it
frontend/appflowy_flutter/packages/flowy_infra_ui/flowy_infra_ui_web/pubspec.yaml	unreviewed	production-relevant until a pass-3 reviewer records it
frontend/appflowy_flutter/packages/flowy_infra_ui/flowy_infra_ui_web/test/flowy_infra_ui_web_test.dart	test-fixture	test or fixture path
frontend/appflowy_flutter/packages/flowy_infra_ui/ios/.gitignore	unreviewed	production-relevant until a pass-3 reviewer records it
frontend/appflowy_flutter/packages/flowy_infra_ui/ios/Assets/.gitkeep	unreviewed	production-relevant until a pass-3 reviewer records it
frontend/appflowy_flutter/packages/flowy_infra_ui/ios/Classes/Event/KeyboardEventHandler.swift	unreviewed	production-relevant until a pass-3 reviewer records it
frontend/appflowy_flutter/packages/flowy_infra_ui/ios/Classes/FlowyInfraUIPlugin.h	unreviewed	production-relevant until a pass-3 reviewer records it
frontend/appflowy_flutter/packages/flowy_infra_ui/ios/Classes/FlowyInfraUIPlugin.m	unreviewed	production-relevant until a pass-3 reviewer records it
frontend/appflowy_flutter/packages/flowy_infra_ui/ios/Classes/SwiftFlowyInfraUIPlugin.swift	unreviewed	production-relevant until a pass-3 reviewer records it
frontend/appflowy_flutter/packages/flowy_infra_ui/ios/flowy_infra_ui.podspec	unreviewed	production-relevant until a pass-3 reviewer records it
frontend/appflowy_flutter/packages/flowy_infra_ui/lib/basis.dart	unreviewed	production-relevant until a pass-3 reviewer records it
frontend/appflowy_flutter/packages/flowy_infra_ui/lib/flowy_infra_ui.dart	unreviewed	production-relevant until a pass-3 reviewer records it
frontend/appflowy_flutter/packages/flowy_infra_ui/lib/flowy_infra_ui_web.dart	unreviewed	production-relevant until a pass-3 reviewer records it
frontend/appflowy_flutter/packages/flowy_infra_ui/lib/src/flowy_overlay/appflowy_popover.dart	unreviewed	production-relevant until a pass-3 reviewer records it
frontend/appflowy_flutter/packages/flowy_infra_ui/lib/src/flowy_overlay/flowy_dialog.dart	unreviewed	production-relevant until a pass-3 reviewer records it
frontend/appflowy_flutter/packages/flowy_infra_ui/lib/src/flowy_overlay/flowy_overlay.dart	unreviewed	production-relevant until a pass-3 reviewer records it
frontend/appflowy_flutter/packages/flowy_infra_ui/lib/src/flowy_overlay/flowy_popover_layout.dart	unreviewed	production-relevant until a pass-3 reviewer records it
frontend/appflowy_flutter/packages/flowy_infra_ui/lib/src/flowy_overlay/layout.dart	unreviewed	production-relevant until a pass-3 reviewer records it
frontend/appflowy_flutter/packages/flowy_infra_ui/lib/src/flowy_overlay/list_overlay.dart	unreviewed	production-relevant until a pass-3 reviewer records it
frontend/appflowy_flutter/packages/flowy_infra_ui/lib/src/flowy_overlay/option_overlay.dart	unreviewed	production-relevant until a pass-3 reviewer records it
frontend/appflowy_flutter/packages/flowy_infra_ui/lib/src/focus/auto_unfocus_overlay.dart	unreviewed	production-relevant until a pass-3 reviewer records it
frontend/appflowy_flutter/packages/flowy_infra_ui/lib/src/keyboard/keyboard_visibility_detector.dart	unreviewed	production-relevant until a pass-3 reviewer records it
frontend/appflowy_flutter/packages/flowy_infra_ui/lib/style_widget/bar_title.dart	unreviewed	production-relevant until a pass-3 reviewer records it
frontend/appflowy_flutter/packages/flowy_infra_ui/lib/style_widget/button.dart	unreviewed	production-relevant until a pass-3 reviewer records it
frontend/appflowy_flutter/packages/flowy_infra_ui/lib/style_widget/close_button.dart	unreviewed	production-relevant until a pass-3 reviewer records it
frontend/appflowy_flutter/packages/flowy_infra_ui/lib/style_widget/color_picker.dart	unreviewed	production-relevant until a pass-3 reviewer records it
frontend/appflowy_flutter/packages/flowy_infra_ui/lib/style_widget/container.dart	unreviewed	production-relevant until a pass-3 reviewer records it
frontend/appflowy_flutter/packages/flowy_infra_ui/lib/style_widget/decoration.dart	unreviewed	production-relevant until a pass-3 reviewer records it
frontend/appflowy_flutter/packages/flowy_infra_ui/lib/style_widget/divider.dart	unreviewed	production-relevant until a pass-3 reviewer records it
frontend/appflowy_flutter/packages/flowy_infra_ui/lib/style_widget/extension.dart	unreviewed	production-relevant until a pass-3 reviewer records it
frontend/appflowy_flutter/packages/flowy_infra_ui/lib/style_widget/hover.dart	unreviewed	production-relevant until a pass-3 reviewer records it
frontend/appflowy_flutter/packages/flowy_infra_ui/lib/style_widget/icon_button.dart	unreviewed	production-relevant until a pass-3 reviewer records it
frontend/appflowy_flutter/packages/flowy_infra_ui/lib/style_widget/image_icon.dart	unreviewed	production-relevant until a pass-3 reviewer records it
frontend/appflowy_flutter/packages/flowy_infra_ui/lib/style_widget/primary_rounded_button.dart	unreviewed	production-relevant until a pass-3 reviewer records it
frontend/appflowy_flutter/packages/flowy_infra_ui/lib/style_widget/progress_indicator.dart	unreviewed	production-relevant until a pass-3 reviewer records it
frontend/appflowy_flutter/packages/flowy_infra_ui/lib/style_widget/scrollbar.dart	unreviewed	production-relevant until a pass-3 reviewer records it
frontend/appflowy_flutter/packages/flowy_infra_ui/lib/style_widget/scrolling/styled_list.dart	unreviewed	production-relevant until a pass-3 reviewer records it
frontend/appflowy_flutter/packages/flowy_infra_ui/lib/style_widget/scrolling/styled_scroll_bar.dart	unreviewed	production-relevant until a pass-3 reviewer records it
frontend/appflowy_flutter/packages/flowy_infra_ui/lib/style_widget/scrolling/styled_scrollview.dart	unreviewed	production-relevant until a pass-3 reviewer records it
frontend/appflowy_flutter/packages/flowy_infra_ui/lib/style_widget/snap_bar.dart	unreviewed	production-relevant until a pass-3 reviewer records it
frontend/appflowy_flutter/packages/flowy_infra_ui/lib/style_widget/text.dart	unreviewed	production-relevant until a pass-3 reviewer records it
frontend/appflowy_flutter/packages/flowy_infra_ui/lib/style_widget/text_field.dart	unreviewed	production-relevant until a pass-3 reviewer records it
frontend/appflowy_flutter/packages/flowy_infra_ui/lib/style_widget/text_input.dart	unreviewed	production-relevant until a pass-3 reviewer records it
frontend/appflowy_flutter/packages/flowy_infra_ui/lib/style_widget/toolbar_button.dart	unreviewed	production-relevant until a pass-3 reviewer records it
frontend/appflowy_flutter/packages/flowy_infra_ui/lib/widget/buttons/base_styled_button.dart	unreviewed	production-relevant until a pass-3 reviewer records it
frontend/appflowy_flutter/packages/flowy_infra_ui/lib/widget/buttons/primary_button.dart	unreviewed	production-relevant until a pass-3 reviewer records it
frontend/appflowy_flutter/packages/flowy_infra_ui/lib/widget/buttons/secondary_button.dart	unreviewed	production-relevant until a pass-3 reviewer records it
frontend/appflowy_flutter/packages/flowy_infra_ui/lib/widget/constraint_flex_view.dart	unreviewed	production-relevant until a pass-3 reviewer records it
frontend/appflowy_flutter/packages/flowy_infra_ui/lib/widget/dialog/dialog_size.dart	unreviewed	production-relevant until a pass-3 reviewer records it
frontend/appflowy_flutter/packages/flowy_infra_ui/lib/widget/dialog/styled_dialogs.dart	unreviewed	production-relevant until a pass-3 reviewer records it
frontend/appflowy_flutter/packages/flowy_infra_ui/lib/widget/flowy_tooltip.dart	unreviewed	production-relevant until a pass-3 reviewer records it
frontend/appflowy_flutter/packages/flowy_infra_ui/lib/widget/ignore_parent_gesture.dart	unreviewed	production-relevant until a pass-3 reviewer records it
frontend/appflowy_flutter/packages/flowy_infra_ui/lib/widget/mouse_hover_builder.dart	unreviewed	production-relevant until a pass-3 reviewer records it
frontend/appflowy_flutter/packages/flowy_infra_ui/lib/widget/rounded_button.dart	unreviewed	production-relevant until a pass-3 reviewer records it
frontend/appflowy_flutter/packages/flowy_infra_ui/lib/widget/rounded_input_field.dart	unreviewed	production-relevant until a pass-3 reviewer records it
frontend/appflowy_flutter/packages/flowy_infra_ui/lib/widget/route/animation.dart	unreviewed	production-relevant until a pass-3 reviewer records it
frontend/appflowy_flutter/packages/flowy_infra_ui/lib/widget/separated_flex.dart	unreviewed	production-relevant until a pass-3 reviewer records it
frontend/appflowy_flutter/packages/flowy_infra_ui/lib/widget/spacing.dart	unreviewed	production-relevant until a pass-3 reviewer records it
frontend/appflowy_flutter/packages/flowy_infra_ui/linux/CMakeLists.txt	unreviewed	production-relevant until a pass-3 reviewer records it
frontend/appflowy_flutter/packages/flowy_infra_ui/linux/flowy_infra_u_i_plugin.cc	unreviewed	production-relevant until a pass-3 reviewer records it
frontend/appflowy_flutter/packages/flowy_infra_ui/linux/flowy_infra_ui_plugin.cc	unreviewed	production-relevant until a pass-3 reviewer records it
frontend/appflowy_flutter/packages/flowy_infra_ui/linux/include/flowy_infra_ui/flowy_infra_u_i_plugin.h	unreviewed	production-relevant until a pass-3 reviewer records it
frontend/appflowy_flutter/packages/flowy_infra_ui/linux/include/flowy_infra_ui/flowy_infra_ui_plugin.h	unreviewed	production-relevant until a pass-3 reviewer records it
frontend/appflowy_flutter/packages/flowy_infra_ui/macos/Classes/FlowyInfraUiPlugin.swift	unreviewed	production-relevant until a pass-3 reviewer records it
frontend/appflowy_flutter/packages/flowy_infra_ui/macos/flowy_infra_ui.podspec	unreviewed	production-relevant until a pass-3 reviewer records it
frontend/appflowy_flutter/packages/flowy_infra_ui/pubspec.yaml	unreviewed	production-relevant until a pass-3 reviewer records it
frontend/appflowy_flutter/packages/flowy_infra_ui/test/flowy_infra_ui_test.dart	test-fixture	test or fixture path
frontend/appflowy_flutter/packages/flowy_infra_ui/windows/.gitignore	unreviewed	production-relevant until a pass-3 reviewer records it
frontend/appflowy_flutter/packages/flowy_infra_ui/windows/CMakeLists.txt	unreviewed	production-relevant until a pass-3 reviewer records it
frontend/appflowy_flutter/packages/flowy_infra_ui/windows/flowy_infra_ui_plugin.cpp	unreviewed	production-relevant until a pass-3 reviewer records it
frontend/appflowy_flutter/packages/flowy_infra_ui/windows/include/flowy_infra_ui/flowy_infra_u_i_plugin.h	unreviewed	production-relevant until a pass-3 reviewer records it
frontend/appflowy_flutter/packages/flowy_infra_ui/windows/include/flowy_infra_ui/flowy_infra_ui_plugin.h	unreviewed	production-relevant until a pass-3 reviewer records it
frontend/appflowy_flutter/packages/flowy_svg/.github/ISSUE_TEMPLATE/bug_report.md	unreviewed	production-relevant until a pass-3 reviewer records it
frontend/appflowy_flutter/packages/flowy_svg/.github/ISSUE_TEMPLATE/build.md	unreviewed	production-relevant until a pass-3 reviewer records it
frontend/appflowy_flutter/packages/flowy_svg/.github/ISSUE_TEMPLATE/chore.md	unreviewed	production-relevant until a pass-3 reviewer records it
frontend/appflowy_flutter/packages/flowy_svg/.github/ISSUE_TEMPLATE/ci.md	unreviewed	production-relevant until a pass-3 reviewer records it
frontend/appflowy_flutter/packages/flowy_svg/.github/ISSUE_TEMPLATE/config.yml	unreviewed	production-relevant until a pass-3 reviewer records it
frontend/appflowy_flutter/packages/flowy_svg/.github/ISSUE_TEMPLATE/documentation.md	unreviewed	production-relevant until a pass-3 reviewer records it
frontend/appflowy_flutter/packages/flowy_svg/.github/ISSUE_TEMPLATE/feature_request.md	unreviewed	production-relevant until a pass-3 reviewer records it
frontend/appflowy_flutter/packages/flowy_svg/.github/ISSUE_TEMPLATE/performance.md	unreviewed	production-relevant until a pass-3 reviewer records it
frontend/appflowy_flutter/packages/flowy_svg/.github/ISSUE_TEMPLATE/refactor.md	unreviewed	production-relevant until a pass-3 reviewer records it
frontend/appflowy_flutter/packages/flowy_svg/.github/ISSUE_TEMPLATE/revert.md	unreviewed	production-relevant until a pass-3 reviewer records it
frontend/appflowy_flutter/packages/flowy_svg/.github/ISSUE_TEMPLATE/style.md	unreviewed	production-relevant until a pass-3 reviewer records it
frontend/appflowy_flutter/packages/flowy_svg/.github/ISSUE_TEMPLATE/test.md	unreviewed	production-relevant until a pass-3 reviewer records it
frontend/appflowy_flutter/packages/flowy_svg/.github/PULL_REQUEST_TEMPLATE.md	unreviewed	production-relevant until a pass-3 reviewer records it
frontend/appflowy_flutter/packages/flowy_svg/.github/cspell.json	unreviewed	production-relevant until a pass-3 reviewer records it
frontend/appflowy_flutter/packages/flowy_svg/.github/dependabot.yaml	unreviewed	production-relevant until a pass-3 reviewer records it
frontend/appflowy_flutter/packages/flowy_svg/.github/workflows/main.yaml	unreviewed	production-relevant until a pass-3 reviewer records it
frontend/appflowy_flutter/packages/flowy_svg/.gitignore	unreviewed	production-relevant until a pass-3 reviewer records it
frontend/appflowy_flutter/packages/flowy_svg/analysis_options.yaml	unreviewed	production-relevant until a pass-3 reviewer records it
frontend/appflowy_flutter/packages/flowy_svg/bin/flowy_svg.dart	unreviewed	production-relevant until a pass-3 reviewer records it
frontend/appflowy_flutter/packages/flowy_svg/bin/options.dart	unreviewed	production-relevant until a pass-3 reviewer records it
frontend/appflowy_flutter/packages/flowy_svg/coverage_badge.svg	asset	binary or font asset, not executable logic
frontend/appflowy_flutter/packages/flowy_svg/lib/flowy_svg.dart	unreviewed	production-relevant until a pass-3 reviewer records it
frontend/appflowy_flutter/packages/flowy_svg/lib/src/flowy_svg.dart	unreviewed	production-relevant until a pass-3 reviewer records it
frontend/appflowy_flutter/packages/flowy_svg/pubspec.yaml	unreviewed	production-relevant until a pass-3 reviewer records it
frontend/appflowy_flutter/pubspec.lock	unreviewed	production-relevant until a pass-3 reviewer records it
frontend/appflowy_flutter/pubspec.yaml	unreviewed	production-relevant until a pass-3 reviewer records it
frontend/appflowy_flutter/test/bloc_test/ai_writer_test/ai_writer_bloc_test.dart	test-fixture	test or fixture path
frontend/appflowy_flutter/test/bloc_test/app_setting_test/appearance_test.dart	test-fixture	test or fixture path
frontend/appflowy_flutter/test/bloc_test/app_setting_test/document_appearance_test.dart	test-fixture	test or fixture path
frontend/appflowy_flutter/test/bloc_test/board_test/create_card_test.dart	test-fixture	test or fixture path
frontend/appflowy_flutter/test/bloc_test/board_test/create_or_edit_field_test.dart	test-fixture	test or fixture path
frontend/appflowy_flutter/test/bloc_test/board_test/group_by_checkbox_field_test.dart	test-fixture	test or fixture path
frontend/appflowy_flutter/test/bloc_test/board_test/group_by_date_test.dart	test-fixture	test or fixture path
frontend/appflowy_flutter/test/bloc_test/board_test/group_by_multi_select_field_test.dart	test-fixture	test or fixture path
frontend/appflowy_flutter/test/bloc_test/board_test/group_by_unsupport_field_test.dart	test-fixture	test or fixture path
frontend/appflowy_flutter/test/bloc_test/board_test/util.dart	test-fixture	test or fixture path
frontend/appflowy_flutter/test/bloc_test/chat_test/chat_load_message_test.dart	test-fixture	test or fixture path
frontend/appflowy_flutter/test/bloc_test/chat_test/util.dart	test-fixture	test or fixture path
frontend/appflowy_flutter/test/bloc_test/grid_test/cell/checklist_cell_bloc_test.dart	test-fixture	test or fixture path
frontend/appflowy_flutter/test/bloc_test/grid_test/cell/date_cell_bloc_test.dart	test-fixture	test or fixture path
frontend/appflowy_flutter/test/bloc_test/grid_test/cell/select_option_cell_test.dart	test-fixture	test or fixture path
frontend/appflowy_flutter/test/bloc_test/grid_test/cell/text_cell_bloc_test.dart	test-fixture	test or fixture path
frontend/appflowy_flutter/test/bloc_test/grid_test/field/field_cell_bloc_test.dart	test-fixture	test or fixture path
frontend/appflowy_flutter/test/bloc_test/grid_test/field/field_editor_bloc_test.dart	test-fixture	test or fixture path
frontend/appflowy_flutter/test/bloc_test/grid_test/filter/filter_editor_bloc_test.dart	test-fixture	test or fixture path
frontend/appflowy_flutter/test/bloc_test/grid_test/filter/filter_entities_test.dart	test-fixture	test or fixture path
frontend/appflowy_flutter/test/bloc_test/grid_test/grid_bloc_test.dart	test-fixture	test or fixture path
frontend/appflowy_flutter/test/bloc_test/grid_test/sort/sort_editor_bloc_test.dart	test-fixture	test or fixture path
frontend/appflowy_flutter/test/bloc_test/grid_test/util.dart	test-fixture	test or fixture path
frontend/appflowy_flutter/test/bloc_test/home_test/home_bloc_test.dart	test-fixture	test or fixture path
frontend/appflowy_flutter/test/bloc_test/home_test/sidebar_section_bloc_test.dart	test-fixture	test or fixture path
frontend/appflowy_flutter/test/bloc_test/home_test/trash_bloc_test.dart	test-fixture	test or fixture path
frontend/appflowy_flutter/test/bloc_test/home_test/view_bloc_test.dart	test-fixture	test or fixture path
frontend/appflowy_flutter/test/bloc_test/lib/features/settings/data_location_bloc_test.dart	test-fixture	test or fixture path
frontend/appflowy_flutter/test/bloc_test/lib/features/share_section/shared_section_bloc_test.dart	test-fixture	test or fixture path
frontend/appflowy_flutter/test/bloc_test/lib/features/share_tab/share_tab_bloc_test.dart	test-fixture	test or fixture path
frontend/appflowy_flutter/test/bloc_test/shortcuts_test/shortcuts_cubit_test.dart	test-fixture	test or fixture path
frontend/appflowy_flutter/test/bloc_test/view_selector_test.dart	test-fixture	test or fixture path
frontend/appflowy_flutter/test/bloc_test/workspace_test/workspace_bloc_test.dart	test-fixture	test or fixture path
frontend/appflowy_flutter/test/unit_test/algorithm/levenshtein_test.dart	test-fixture	test or fixture path
frontend/appflowy_flutter/test/unit_test/deeplink/deeplink_test.dart	test-fixture	test or fixture path
frontend/appflowy_flutter/test/unit_test/document/document_diff/document_diff_test.dart	test-fixture	test or fixture path
frontend/appflowy_flutter/test/unit_test/document/html/_html_samples.dart	test-fixture	test or fixture path
frontend/appflowy_flutter/test/unit_test/document/html/paste_from_html_test.dart	test-fixture	test or fixture path
frontend/appflowy_flutter/test/unit_test/document/option_menu/block_action_option_cubit_test.dart	test-fixture	test or fixture path
frontend/appflowy_flutter/test/unit_test/document/shortcuts/format_shortcut_test.dart	test-fixture	test or fixture path
frontend/appflowy_flutter/test/unit_test/document/shortcuts/toggle_list_shortcut_test.dart	test-fixture	test or fixture path
frontend/appflowy_flutter/test/unit_test/document/text_robot/markdown_text_robot_test.dart	test-fixture	test or fixture path
frontend/appflowy_flutter/test/unit_test/document/text_robot/text_robot_test.dart	test-fixture	test or fixture path
frontend/appflowy_flutter/test/unit_test/document/turn_into/turn_into_test.dart	test-fixture	test or fixture path
frontend/appflowy_flutter/test/unit_test/editor/editor_drop_test.dart	test-fixture	test or fixture path
frontend/appflowy_flutter/test/unit_test/editor/editor_migration_test.dart	test-fixture	test or fixture path
frontend/appflowy_flutter/test/unit_test/editor/editor_style_test.dart	test-fixture	test or fixture path
frontend/appflowy_flutter/test/unit_test/editor/file_block_test.dart	test-fixture	test or fixture path
frontend/appflowy_flutter/test/unit_test/editor/share_markdown_test.dart	test-fixture	test or fixture path
frontend/appflowy_flutter/test/unit_test/editor/transaction_adapter_test.dart	test-fixture	test or fixture path
frontend/appflowy_flutter/test/unit_test/image/appflowy_network_image_test.dart	test-fixture	test or fixture path
frontend/appflowy_flutter/test/unit_test/link_preview/link_preview_test.dart	test-fixture	test or fixture path
frontend/appflowy_flutter/test/unit_test/markdown/markdown_parser_test.dart	test-fixture	test or fixture path
frontend/appflowy_flutter/test/unit_test/search/split_search_test.dart	test-fixture	test or fixture path
frontend/appflowy_flutter/test/unit_test/select_option_split_text_input.dart	test-fixture	test or fixture path
frontend/appflowy_flutter/test/unit_test/settings/shortcuts/settings_shortcut_service_test.dart	test-fixture	test or fixture path
frontend/appflowy_flutter/test/unit_test/settings/theme_missing_keys_test.dart	test-fixture	test or fixture path
frontend/appflowy_flutter/test/unit_test/simple_table/simple_table_contente_operation_test.dart	test-fixture	test or fixture path
frontend/appflowy_flutter/test/unit_test/simple_table/simple_table_delete_operation_test.dart	test-fixture	test or fixture path
frontend/appflowy_flutter/test/unit_test/simple_table/simple_table_duplicate_operation_test.dart	test-fixture	test or fixture path
frontend/appflowy_flutter/test/unit_test/simple_table/simple_table_header_operation_test.dart	test-fixture	test or fixture path
frontend/appflowy_flutter/test/unit_test/simple_table/simple_table_insert_operation_test.dart	test-fixture	test or fixture path
frontend/appflowy_flutter/test/unit_test/simple_table/simple_table_markdown_test.dart	test-fixture	test or fixture path
frontend/appflowy_flutter/test/unit_test/simple_table/simple_table_reorder_operation_test.dart	test-fixture	test or fixture path
frontend/appflowy_flutter/test/unit_test/simple_table/simple_table_style_operation_test.dart	test-fixture	test or fixture path
frontend/appflowy_flutter/test/unit_test/simple_table/simple_table_test_helper.dart	test-fixture	test or fixture path
frontend/appflowy_flutter/test/unit_test/theme/theme_test.dart	test-fixture	test or fixture path
frontend/appflowy_flutter/test/unit_test/url_launcher/url_launcher_test.dart	test-fixture	test or fixture path
frontend/appflowy_flutter/test/unit_test/util/recent_icons_test.dart	test-fixture	test or fixture path
frontend/appflowy_flutter/test/unit_test/util/time.dart	test-fixture	test or fixture path
frontend/appflowy_flutter/test/util.dart	test-fixture	test or fixture path
frontend/appflowy_flutter/test/widget_test/confirm_dialog_test.dart	test-fixture	test or fixture path
frontend/appflowy_flutter/test/widget_test/date_picker_test.dart	test-fixture	test or fixture path
frontend/appflowy_flutter/test/widget_test/direction_setting_test.dart	test-fixture	test or fixture path
frontend/appflowy_flutter/test/widget_test/lib/features/share_section/refresh_button_test.dart	test-fixture	test or fixture path
frontend/appflowy_flutter/test/widget_test/lib/features/share_section/shared_page_actions_button_test.dart	test-fixture	test or fixture path
frontend/appflowy_flutter/test/widget_test/lib/features/share_section/shared_pages_list_test.dart	test-fixture	test or fixture path
frontend/appflowy_flutter/test/widget_test/lib/features/share_section/shared_section_error_test.dart	test-fixture	test or fixture path
frontend/appflowy_flutter/test/widget_test/lib/features/share_section/shared_section_header_test.dart	test-fixture	test or fixture path
frontend/appflowy_flutter/test/widget_test/lib/features/share_section/shared_section_loading_test.dart	test-fixture	test or fixture path
frontend/appflowy_flutter/test/widget_test/lib/features/share_tab/access_level_list_widget_test.dart	test-fixture	test or fixture path
frontend/appflowy_flutter/test/widget_test/lib/features/share_tab/copy_link_widget_test.dart	test-fixture	test or fixture path
frontend/appflowy_flutter/test/widget_test/lib/features/share_tab/edit_access_level_widget_test.dart	test-fixture	test or fixture path
frontend/appflowy_flutter/test/widget_test/lib/features/share_tab/general_access_section_test.dart	test-fixture	test or fixture path
frontend/appflowy_flutter/test/widget_test/lib/features/share_tab/people_with_access_section_test.dart	test-fixture	test or fixture path
frontend/appflowy_flutter/test/widget_test/lib/features/share_tab/share_with_user_widget_test.dart	test-fixture	test or fixture path
frontend/appflowy_flutter/test/widget_test/lib/features/share_tab/shared_group_widget_test.dart	test-fixture	test or fixture path
frontend/appflowy_flutter/test/widget_test/lib/features/share_tab/shared_user_widget_test.dart	test-fixture	test or fixture path
frontend/appflowy_flutter/test/widget_test/select_option_text_field_test.dart	test-fixture	test or fixture path
frontend/appflowy_flutter/test/widget_test/spae_cion_test.dart	test-fixture	test or fixture path
frontend/appflowy_flutter/test/widget_test/test_asset_bundle.dart	test-fixture	test or fixture path
frontend/appflowy_flutter/test/widget_test/test_material_app.dart	test-fixture	test or fixture path
frontend/appflowy_flutter/test/widget_test/theme_font_family_setting_test.dart	test-fixture	test or fixture path
frontend/appflowy_flutter/test/widget_test/widget_test_wrapper.dart	test-fixture	test or fixture path
frontend/appflowy_flutter/web/favicon.png	asset	binary or font asset, not executable logic
frontend/appflowy_flutter/web/icons/Icon-192.png	asset	binary or font asset, not executable logic
frontend/appflowy_flutter/web/icons/Icon-512.png	asset	binary or font asset, not executable logic
frontend/appflowy_flutter/web/icons/Icon-maskable-192.png	asset	binary or font asset, not executable logic
frontend/appflowy_flutter/web/icons/Icon-maskable-512.png	asset	binary or font asset, not executable logic
frontend/appflowy_flutter/web/index.html	unreviewed	production-relevant until a pass-3 reviewer records it
frontend/appflowy_flutter/web/manifest.json	unreviewed	production-relevant until a pass-3 reviewer records it
frontend/appflowy_flutter/windows/.gitignore	unreviewed	production-relevant until a pass-3 reviewer records it
frontend/appflowy_flutter/windows/CMakeLists.txt	unreviewed	production-relevant until a pass-3 reviewer records it
frontend/appflowy_flutter/windows/CMakeLists.txt''	unreviewed	production-relevant until a pass-3 reviewer records it
frontend/appflowy_flutter/windows/flutter/CMakeLists.txt	unreviewed	production-relevant until a pass-3 reviewer records it
frontend/appflowy_flutter/windows/runner/CMakeLists.txt	unreviewed	production-relevant until a pass-3 reviewer records it
frontend/appflowy_flutter/windows/runner/Runner.rc	unreviewed	production-relevant until a pass-3 reviewer records it
frontend/appflowy_flutter/windows/runner/Runner.rc''	unreviewed	production-relevant until a pass-3 reviewer records it
frontend/appflowy_flutter/windows/runner/flutter_window.cpp	unreviewed	production-relevant until a pass-3 reviewer records it
frontend/appflowy_flutter/windows/runner/flutter_window.h	unreviewed	production-relevant until a pass-3 reviewer records it
frontend/appflowy_flutter/windows/runner/main.cpp	unreviewed	production-relevant until a pass-3 reviewer records it
frontend/appflowy_flutter/windows/runner/main.cpp''	unreviewed	production-relevant until a pass-3 reviewer records it
frontend/appflowy_flutter/windows/runner/resource.h	unreviewed	production-relevant until a pass-3 reviewer records it
frontend/appflowy_flutter/windows/runner/resources/app_icon.ico	asset	binary or font asset, not executable logic
frontend/appflowy_flutter/windows/runner/runner.exe.manifest	unreviewed	production-relevant until a pass-3 reviewer records it
frontend/appflowy_flutter/windows/runner/utils.cpp	unreviewed	production-relevant until a pass-3 reviewer records it
frontend/appflowy_flutter/windows/runner/utils.h	unreviewed	production-relevant until a pass-3 reviewer records it
frontend/appflowy_flutter/windows/runner/win32_window.cpp	unreviewed	production-relevant until a pass-3 reviewer records it
frontend/appflowy_flutter/windows/runner/win32_window.h	unreviewed	production-relevant until a pass-3 reviewer records it
frontend/resources/flowy_icons/16x/add.svg	asset	binary or font asset, not executable logic
frontend/resources/flowy_icons/16x/add_cover.svg	asset	binary or font asset, not executable logic
frontend/resources/flowy_icons/16x/add_icon.svg	asset	binary or font asset, not executable logic
frontend/resources/flowy_icons/16x/add_less_padding.svg	asset	binary or font asset, not executable logic
frontend/resources/flowy_icons/16x/add_thin.svg	asset	binary or font asset, not executable logic
frontend/resources/flowy_icons/16x/add_workspace.svg	asset	binary or font asset, not executable logic
frontend/resources/flowy_icons/16x/ai_add_to_page.svg	asset	binary or font asset, not executable logic
frontend/resources/flowy_icons/16x/ai_at.svg	asset	binary or font asset, not executable logic
frontend/resources/flowy_icons/16x/ai_attachment.svg	asset	binary or font asset, not executable logic
frontend/resources/flowy_icons/16x/ai_chat_logo.svg	asset	binary or font asset, not executable logic
frontend/resources/flowy_icons/16x/ai_chat_outlined.svg	asset	binary or font asset, not executable logic
frontend/resources/flowy_icons/16x/ai_check_filled.svg	asset	binary or font asset, not executable logic
frontend/resources/flowy_icons/16x/ai_close_filled.svg	asset	binary or font asset, not executable logic
frontend/resources/flowy_icons/16x/ai_copy.svg	asset	binary or font asset, not executable logic
frontend/resources/flowy_icons/16x/ai_dislike.svg	asset	binary or font asset, not executable logic
frontend/resources/flowy_icons/16x/ai_expand.svg	asset	binary or font asset, not executable logic
frontend/resources/flowy_icons/16x/ai_fix_spelling_grammar.svg	asset	binary or font asset, not executable logic
frontend/resources/flowy_icons/16x/ai_image.svg	asset	binary or font asset, not executable logic
frontend/resources/flowy_icons/16x/ai_improve_writing.svg	asset	binary or font asset, not executable logic
frontend/resources/flowy_icons/16x/ai_indicator.svg	asset	binary or font asset, not executable logic
frontend/resources/flowy_icons/16x/ai_keyword.svg	asset	binary or font asset, not executable logic
frontend/resources/flowy_icons/16x/ai_like.svg	asset	binary or font asset, not executable logic
frontend/resources/flowy_icons/16x/ai_list.svg	asset	binary or font asset, not executable logic
frontend/resources/flowy_icons/16x/ai_make_longer.svg	asset	binary or font asset, not executable logic
frontend/resources/flowy_icons/16x/ai_make_shorter.svg	asset	binary or font asset, not executable logic
frontend/resources/flowy_icons/16x/ai_number_list.svg	asset	binary or font asset, not executable logic
frontend/resources/flowy_icons/16x/ai_page.svg	asset	binary or font asset, not executable logic
frontend/resources/flowy_icons/16x/ai_paragraph.svg	asset	binary or font asset, not executable logic
frontend/resources/flowy_icons/16x/ai_reset.svg	asset	binary or font asset, not executable logic
frontend/resources/flowy_icons/16x/ai_retry.svg	asset	binary or font asset, not executable logic
frontend/resources/flowy_icons/16x/ai_retry_filled.svg	asset	binary or font asset, not executable logic
frontend/resources/flowy_icons/16x/ai_retry_font.svg	asset	binary or font asset, not executable logic
frontend/resources/flowy_icons/16x/ai_save.svg	asset	binary or font asset, not executable logic
frontend/resources/flowy_icons/16x/ai_scroll_to_bottom.svg	asset	binary or font asset, not executable logic
frontend/resources/flowy_icons/16x/ai_send_filled.svg	asset	binary or font asset, not executable logic
frontend/resources/flowy_icons/16x/ai_source_drop_down.svg	asset	binary or font asset, not executable logic
frontend/resources/flowy_icons/16x/ai_sparks.svg	asset	binary or font asset, not executable logic
frontend/resources/flowy_icons/16x/ai_star.svg	asset	binary or font asset, not executable logic
frontend/resources/flowy_icons/16x/ai_stop_filled.svg	asset	binary or font asset, not executable logic
frontend/resources/flowy_icons/16x/ai_summarize.svg	asset	binary or font asset, not executable logic
frontend/resources/flowy_icons/16x/ai_summary.svg	asset	binary or font asset, not executable logic
frontend/resources/flowy_icons/16x/ai_summary_generate.svg	asset	binary or font asset, not executable logic
frontend/resources/flowy_icons/16x/ai_table.svg	asset	binary or font asset, not executable logic
frontend/resources/flowy_icons/16x/ai_tag.svg	asset	binary or font asset, not executable logic
frontend/resources/flowy_icons/16x/ai_text.svg	asset	binary or font asset, not executable logic
frontend/resources/flowy_icons/16x/ai_text_auto.svg	asset	binary or font asset, not executable logic
frontend/resources/flowy_icons/16x/ai_text_image.svg	asset	binary or font asset, not executable logic
frontend/resources/flowy_icons/16x/ai_translate.svg	asset	binary or font asset, not executable logic
frontend/resources/flowy_icons/16x/ai_try_again.svg	asset	binary or font asset, not executable logic
frontend/resources/flowy_icons/16x/align_center.svg	asset	binary or font asset, not executable logic
frontend/resources/flowy_icons/16x/align_left.svg	asset	binary or font asset, not executable logic
frontend/resources/flowy_icons/16x/align_right.svg	asset	binary or font asset, not executable logic
frontend/resources/flowy_icons/16x/app_logo.svg	asset	binary or font asset, not executable logic
frontend/resources/flowy_icons/16x/arrow.svg	asset	binary or font asset, not executable logic
frontend/resources/flowy_icons/16x/arrow_down.svg	asset	binary or font asset, not executable logic
frontend/resources/flowy_icons/16x/arrow_left.svg	asset	binary or font asset, not executable logic
frontend/resources/flowy_icons/16x/arrow_right.svg	asset	binary or font asset, not executable logic
frontend/resources/flowy_icons/16x/arrow_tight.svg	asset	binary or font asset, not executable logic
frontend/resources/flowy_icons/16x/arrow_up.svg	asset	binary or font asset, not executable logic
frontend/resources/flowy_icons/16x/blue_check.svg	asset	binary or font asset, not executable logic
frontend/resources/flowy_icons/16x/board.svg	asset	binary or font asset, not executable logic
frontend/resources/flowy_icons/16x/bold.svg	asset	binary or font asset, not executable logic
frontend/resources/flowy_icons/16x/bulleted_list_icon_1.svg	asset	binary or font asset, not executable logic
frontend/resources/flowy_icons/16x/bulleted_list_icon_2.svg	asset	binary or font asset, not executable logic
frontend/resources/flowy_icons/16x/bulleted_list_icon_3.svg	asset	binary or font asset, not executable logic
frontend/resources/flowy_icons/16x/calendar.svg	asset	binary or font asset, not executable logic
frontend/resources/flowy_icons/16x/calendar_layout.svg	asset	binary or font asset, not executable logic
frontend/resources/flowy_icons/16x/camera.svg	asset	binary or font asset, not executable logic
frontend/resources/flowy_icons/16x/card_view.svg	asset	binary or font asset, not executable logic
frontend/resources/flowy_icons/16x/change_icon.svg	asset	binary or font asset, not executable logic
frontend/resources/flowy_icons/16x/chat_ai_page.svg	asset	binary or font asset, not executable logic
frontend/resources/flowy_icons/16x/chat_at.svg	asset	binary or font asset, not executable logic
frontend/resources/flowy_icons/16x/check.svg	asset	binary or font asset, not executable logic
frontend/resources/flowy_icons/16x/check_circle.svg	asset	binary or font asset, not executable logic
frontend/resources/flowy_icons/16x/check_circle_outlined.svg	asset	binary or font asset, not executable logic
frontend/resources/flowy_icons/16x/check_filled.svg	asset	binary or font asset, not executable logic
frontend/resources/flowy_icons/16x/check_partial.svg	asset	binary or font asset, not executable logic
frontend/resources/flowy_icons/16x/checkbox.svg	asset	binary or font asset, not executable logic
frontend/resources/flowy_icons/16x/checkbox_ai_empty.svg	asset	binary or font asset, not executable logic
frontend/resources/flowy_icons/16x/checkbox_ai_minus.svg	asset	binary or font asset, not executable logic
frontend/resources/flowy_icons/16x/checkbox_ai_selected.svg	asset	binary or font asset, not executable logic
frontend/resources/flowy_icons/16x/checklist.svg	asset	binary or font asset, not executable logic
frontend/resources/flowy_icons/16x/checkmark_tiny.svg	asset	binary or font asset, not executable logic
frontend/resources/flowy_icons/16x/child_page.svg	asset	binary or font asset, not executable logic
frontend/resources/flowy_icons/16x/clear.svg	asset	binary or font asset, not executable logic
frontend/resources/flowy_icons/16x/clock_alarm.svg	asset	binary or font asset, not executable logic
frontend/resources/flowy_icons/16x/close.svg	asset	binary or font asset, not executable logic
frontend/resources/flowy_icons/16x/close_error.svg	asset	binary or font asset, not executable logic
frontend/resources/flowy_icons/16x/close_filled.svg	asset	binary or font asset, not executable logic
frontend/resources/flowy_icons/16x/close_viewer.svg	asset	binary or font asset, not executable logic
frontend/resources/flowy_icons/16x/collapse_all_page.svg	asset	binary or font asset, not executable logic
frontend/resources/flowy_icons/16x/color_default.svg	asset	binary or font asset, not executable logic
frontend/resources/flowy_icons/16x/color_select.svg	asset	binary or font asset, not executable logic
frontend/resources/flowy_icons/16x/comment.svg	asset	binary or font asset, not executable logic
frontend/resources/flowy_icons/16x/comments.svg	asset	binary or font asset, not executable logic
frontend/resources/flowy_icons/16x/convert.svg	asset	binary or font asset, not executable logic
frontend/resources/flowy_icons/16x/copy.svg	asset	binary or font asset, not executable logic
frontend/resources/flowy_icons/16x/cover.svg	asset	binary or font asset, not executable logic
frontend/resources/flowy_icons/16x/dashboard.svg	asset	binary or font asset, not executable logic
frontend/resources/flowy_icons/16x/database_filter.svg	asset	binary or font asset, not executable logic
frontend/resources/flowy_icons/16x/database_fullscreen.svg	asset	binary or font asset, not executable logic
frontend/resources/flowy_icons/16x/database_layout.svg	asset	binary or font asset, not executable logic
frontend/resources/flowy_icons/16x/database_settings_arrow_right.svg	asset	binary or font asset, not executable logic
frontend/resources/flowy_icons/16x/database_sort.svg	asset	binary or font asset, not executable logic
frontend/resources/flowy_icons/16x/date.svg	asset	binary or font asset, not executable logic
frontend/resources/flowy_icons/16x/debug.svg	asset	binary or font asset, not executable logic
frontend/resources/flowy_icons/16x/delete.svg	asset	binary or font asset, not executable logic
frontend/resources/flowy_icons/16x/details.svg	asset	binary or font asset, not executable logic
frontend/resources/flowy_icons/16x/details_horizontal.svg	asset	binary or font asset, not executable logic
frontend/resources/flowy_icons/16x/discord-mark.svg	asset	binary or font asset, not executable logic
frontend/resources/flowy_icons/16x/disorder_list.svg	asset	binary or font asset, not executable logic
frontend/resources/flowy_icons/16x/document.svg	asset	binary or font asset, not executable logic
frontend/resources/flowy_icons/16x/done.svg	asset	binary or font asset, not executable logic
frontend/resources/flowy_icons/16x/dot.svg	asset	binary or font asset, not executable logic
frontend/resources/flowy_icons/16x/download.svg	asset	binary or font asset, not executable logic
frontend/resources/flowy_icons/16x/download_success.svg	asset	binary or font asset, not executable logic
frontend/resources/flowy_icons/16x/download_warn.svg	asset	binary or font asset, not executable logic
frontend/resources/flowy_icons/16x/drag_element.svg	asset	binary or font asset, not executable logic
frontend/resources/flowy_icons/16x/drop_menu_hide.svg	asset	binary or font asset, not executable logic
frontend/resources/flowy_icons/16x/drop_menu_show.svg	asset	binary or font asset, not executable logic
frontend/resources/flowy_icons/16x/duplicate.svg	asset	binary or font asset, not executable logic
frontend/resources/flowy_icons/16x/edit.svg	asset	binary or font asset, not executable logic
frontend/resources/flowy_icons/16x/edit_layout.svg	asset	binary or font asset, not executable logic
frontend/resources/flowy_icons/16x/embed_link.svg	asset	binary or font asset, not executable logic
frontend/resources/flowy_icons/16x/emoji.svg	asset	binary or font asset, not executable logic
frontend/resources/flowy_icons/16x/euro.svg	asset	binary or font asset, not executable logic
frontend/resources/flowy_icons/16x/export_html.svg	asset	binary or font asset, not executable logic
frontend/resources/flowy_icons/16x/export_markdown.svg	asset	binary or font asset, not executable logic
frontend/resources/flowy_icons/16x/favorite.svg	asset	binary or font asset, not executable logic
frontend/resources/flowy_icons/16x/favorite_header_icon.svg	asset	binary or font asset, not executable logic
frontend/resources/flowy_icons/16x/favorite_pin.svg	asset	binary or font asset, not executable logic
frontend/resources/flowy_icons/16x/favorite_section_pin.svg	asset	binary or font asset, not executable logic
frontend/resources/flowy_icons/16x/favorite_section_remove_from_favorite.svg	asset	binary or font asset, not executable logic
frontend/resources/flowy_icons/16x/favorite_section_unpin.svg	asset	binary or font asset, not executable logic
frontend/resources/flowy_icons/16x/favorited.svg	asset	binary or font asset, not executable logic
frontend/resources/flowy_icons/16x/file.svg	asset	binary or font asset, not executable logic
frontend/resources/flowy_icons/16x/file_upload.svg	asset	binary or font asset, not executable logic
frontend/resources/flowy_icons/16x/filter.svg	asset	binary or font asset, not executable logic
frontend/resources/flowy_icons/16x/font_family.svg	asset	binary or font asset, not executable logic
frontend/resources/flowy_icons/16x/ft_archive.svg	asset	binary or font asset, not executable logic
frontend/resources/flowy_icons/16x/ft_audio.svg	asset	binary or font asset, not executable logic
frontend/resources/flowy_icons/16x/ft_link.svg	asset	binary or font asset, not executable logic
frontend/resources/flowy_icons/16x/ft_text.svg	asset	binary or font asset, not executable logic
frontend/resources/flowy_icons/16x/ft_video.svg	asset	binary or font asset, not executable logic
frontend/resources/flowy_icons/16x/full_view.svg	asset	binary or font asset, not executable logic
frontend/resources/flowy_icons/16x/github-light.svg	asset	binary or font asset, not executable logic
frontend/resources/flowy_icons/16x/github-mark.svg	asset	binary or font asset, not executable logic
frontend/resources/flowy_icons/16x/grid.svg	asset	binary or font asset, not executable logic
frontend/resources/flowy_icons/16x/group.svg	asset	binary or font asset, not executable logic
frontend/resources/flowy_icons/16x/h1.svg	asset	binary or font asset, not executable logic
frontend/resources/flowy_icons/16x/h2.svg	asset	binary or font asset, not executable logic
frontend/resources/flowy_icons/16x/h3.svg	asset	binary or font asset, not executable logic
frontend/resources/flowy_icons/16x/hamburger_s.svg	asset	binary or font asset, not executable logic
frontend/resources/flowy_icons/16x/help_and_documentation.svg	asset	binary or font asset, not executable logic
frontend/resources/flowy_icons/16x/help_center.svg	asset	binary or font asset, not executable logic
frontend/resources/flowy_icons/16x/hide.svg	asset	binary or font asset, not executable logic
frontend/resources/flowy_icons/16x/hide_menu.svg	asset	binary or font asset, not executable logic
frontend/resources/flowy_icons/16x/highlight.svg	asset	binary or font asset, not executable logic
frontend/resources/flowy_icons/16x/icon_board.svg	asset	binary or font asset, not executable logic
frontend/resources/flowy_icons/16x/icon_calendar.svg	asset	binary or font asset, not executable logic
frontend/resources/flowy_icons/16x/icon_code_block.svg	asset	binary or font asset, not executable logic
frontend/resources/flowy_icons/16x/icon_delete.svg	asset	binary or font asset, not executable logic
frontend/resources/flowy_icons/16x/icon_document.svg	asset	binary or font asset, not executable logic
frontend/resources/flowy_icons/16x/icon_grid.svg	asset	binary or font asset, not executable logic
frontend/resources/flowy_icons/16x/icon_import.svg	asset	binary or font asset, not executable logic
frontend/resources/flowy_icons/16x/icon_math_eq.svg	asset	binary or font asset, not executable logic
frontend/resources/flowy_icons/16x/icon_right-small-ccm_outlined.svg	asset	binary or font asset, not executable logic
frontend/resources/flowy_icons/16x/icon_shuffle.svg	asset	binary or font asset, not executable logic
frontend/resources/flowy_icons/16x/icon_template.svg	asset	binary or font asset, not executable logic
frontend/resources/flowy_icons/16x/image.svg	asset	binary or font asset, not executable logic
frontend/resources/flowy_icons/16x/image_placeholder.svg	asset	binary or font asset, not executable logic
frontend/resources/flowy_icons/16x/image_rounded.svg	asset	binary or font asset, not executable logic
frontend/resources/flowy_icons/16x/import.svg	asset	binary or font asset, not executable logic
frontend/resources/flowy_icons/16x/in_progress.svg	asset	binary or font asset, not executable logic
frontend/resources/flowy_icons/16x/information.svg	asset	binary or font asset, not executable logic
frontend/resources/flowy_icons/16x/insert_document.svg	asset	binary or font asset, not executable logic
frontend/resources/flowy_icons/16x/insert_left.svg	asset	binary or font asset, not executable logic
frontend/resources/flowy_icons/16x/insert_right.svg	asset	binary or font asset, not executable logic
frontend/resources/flowy_icons/16x/italic.svg	asset	binary or font asset, not executable logic
frontend/resources/flowy_icons/16x/keyboard.svg	asset	binary or font asset, not executable logic
frontend/resources/flowy_icons/16x/keyboard_arrow_down.svg	asset	binary or font asset, not executable logic
frontend/resources/flowy_icons/16x/keyboard_arrow_left.svg	asset	binary or font asset, not executable logic
frontend/resources/flowy_icons/16x/keyboard_arrow_right.svg	asset	binary or font asset, not executable logic
frontend/resources/flowy_icons/16x/keyboard_arrow_up.svg	asset	binary or font asset, not executable logic
frontend/resources/flowy_icons/16x/keyboard_meta.svg	asset	binary or font asset, not executable logic
frontend/resources/flowy_icons/16x/keyboard_option.svg	asset	binary or font asset, not executable logic
frontend/resources/flowy_icons/16x/keyboard_return.svg	asset	binary or font asset, not executable logic
frontend/resources/flowy_icons/16x/keyboard_shift.svg	asset	binary or font asset, not executable logic
frontend/resources/flowy_icons/16x/keyboard_tab.svg	asset	binary or font asset, not executable logic
frontend/resources/flowy_icons/16x/leave_workspace.svg	asset	binary or font asset, not executable logic
frontend/resources/flowy_icons/16x/left.svg	asset	binary or font asset, not executable logic
frontend/resources/flowy_icons/16x/level.svg	asset	binary or font asset, not executable logic
frontend/resources/flowy_icons/16x/link_to_page.svg	asset	binary or font asset, not executable logic
frontend/resources/flowy_icons/16x/lira.svg	asset	binary or font asset, not executable logic
frontend/resources/flowy_icons/16x/list_dropdown.svg	asset	binary or font asset, not executable logic
frontend/resources/flowy_icons/16x/load_more.svg	asset	binary or font asset, not executable logic
frontend/resources/flowy_icons/16x/local_model_download.svg	asset	binary or font asset, not executable logic
frontend/resources/flowy_icons/16x/lock_page.svg	asset	binary or font asset, not executable logic
frontend/resources/flowy_icons/16x/lock_page_fill.svg	asset	binary or font asset, not executable logic
frontend/resources/flowy_icons/16x/logout.svg	asset	binary or font asset, not executable logic
frontend/resources/flowy_icons/16x/m_aa_align_center.svg	asset	binary or font asset, not executable logic
frontend/resources/flowy_icons/16x/m_aa_align_left.svg	asset	binary or font asset, not executable logic
frontend/resources/flowy_icons/16x/m_aa_align_right.svg	asset	binary or font asset, not executable logic
frontend/resources/flowy_icons/16x/m_aa_arrow_right.svg	asset	binary or font asset, not executable logic
frontend/resources/flowy_icons/16x/m_aa_bold.svg	asset	binary or font asset, not executable logic
frontend/resources/flowy_icons/16x/m_aa_bulleted_list.svg	asset	binary or font asset, not executable logic
frontend/resources/flowy_icons/16x/m_aa_code.svg	asset	binary or font asset, not executable logic
frontend/resources/flowy_icons/16x/m_aa_color.svg	asset	binary or font asset, not executable logic
frontend/resources/flowy_icons/16x/m_aa_down_arrow.svg	asset	binary or font asset, not executable logic
frontend/resources/flowy_icons/16x/m_aa_h1.svg	asset	binary or font asset, not executable logic
frontend/resources/flowy_icons/16x/m_aa_h2.svg	asset	binary or font asset, not executable logic
frontend/resources/flowy_icons/16x/m_aa_h3.svg	asset	binary or font asset, not executable logic
frontend/resources/flowy_icons/16x/m_aa_indent.svg	asset	binary or font asset, not executable logic
frontend/resources/flowy_icons/16x/m_aa_italic.svg	asset	binary or font asset, not executable logic
frontend/resources/flowy_icons/16x/m_aa_link.svg	asset	binary or font asset, not executable logic
frontend/resources/flowy_icons/16x/m_aa_math.svg	asset	binary or font asset, not executable logic
frontend/resources/flowy_icons/16x/m_aa_numbered_list.svg	asset	binary or font asset, not executable logic
frontend/resources/flowy_icons/16x/m_aa_outdent.svg	asset	binary or font asset, not executable logic
frontend/resources/flowy_icons/16x/m_aa_quote.svg	asset	binary or font asset, not executable logic
frontend/resources/flowy_icons/16x/m_aa_strike.svg	asset	binary or font asset, not executable logic
frontend/resources/flowy_icons/16x/m_aa_text.svg	asset	binary or font asset, not executable logic
frontend/resources/flowy_icons/16x/m_aa_underline.svg	asset	binary or font asset, not executable logic
frontend/resources/flowy_icons/16x/m_add_block_bulleted_list.svg	asset	binary or font asset, not executable logic
frontend/resources/flowy_icons/16x/m_add_block_callout.svg	asset	binary or font asset, not executable logic
frontend/resources/flowy_icons/16x/m_add_block_checkbox.svg	asset	binary or font asset, not executable logic
frontend/resources/flowy_icons/16x/m_add_block_code.svg	asset	binary or font asset, not executable logic
frontend/resources/flowy_icons/16x/m_add_block_date.svg	asset	binary or font asset, not executable logic
frontend/resources/flowy_icons/16x/m_add_block_divider.svg	asset	binary or font asset, not executable logic
frontend/resources/flowy_icons/16x/m_add_block_formula.svg	asset	binary or font asset, not executable logic
frontend/resources/flowy_icons/16x/m_add_block_h1.svg	asset	binary or font asset, not executable logic
frontend/resources/flowy_icons/16x/m_add_block_h2.svg	asset	binary or font asset, not executable logic
frontend/resources/flowy_icons/16x/m_add_block_h3.svg	asset	binary or font asset, not executable logic
frontend/resources/flowy_icons/16x/m_add_block_image.svg	asset	binary or font asset, not executable logic
frontend/resources/flowy_icons/16x/m_add_block_numbered_list.svg	asset	binary or font asset, not executable logic
frontend/resources/flowy_icons/16x/m_add_block_paragraph.svg	asset	binary or font asset, not executable logic
frontend/resources/flowy_icons/16x/m_add_block_photo_gallery.svg	asset	binary or font asset, not executable logic
frontend/resources/flowy_icons/16x/m_add_block_quote.svg	asset	binary or font asset, not executable logic
frontend/resources/flowy_icons/16x/m_add_block_toggle.svg	asset	binary or font asset, not executable logic
frontend/resources/flowy_icons/16x/m_add_block_video.svg	asset	binary or font asset, not executable logic
frontend/resources/flowy_icons/16x/m_app_bar_back.svg	asset	binary or font asset, not executable logic
frontend/resources/flowy_icons/16x/m_app_bar_close.svg	asset	binary or font asset, not executable logic
frontend/resources/flowy_icons/16x/m_app_bar_more.svg	asset	binary or font asset, not executable logic
frontend/resources/flowy_icons/16x/m_blue_check.svg	asset	binary or font asset, not executable logic
frontend/resources/flowy_icons/16x/m_bottom_sheet_back.svg	asset	binary or font asset, not executable logic
frontend/resources/flowy_icons/16x/m_bottom_sheet_close.svg	asset	binary or font asset, not executable logic
frontend/resources/flowy_icons/16x/m_checkbox_checked.svg	asset	binary or font asset, not executable logic
frontend/resources/flowy_icons/16x/m_checkbox_uncheck.svg	asset	binary or font asset, not executable logic
frontend/resources/flowy_icons/16x/m_collapse.svg	asset	binary or font asset, not executable logic
frontend/resources/flowy_icons/16x/m_copy_link.svg	asset	binary or font asset, not executable logic
frontend/resources/flowy_icons/16x/m_delete.svg	asset	binary or font asset, not executable logic
frontend/resources/flowy_icons/16x/m_duplicate.svg	asset	binary or font asset, not executable logic
frontend/resources/flowy_icons/16x/m_expand.svg	asset	binary or font asset, not executable logic
frontend/resources/flowy_icons/16x/m_favorite_unselected.svg	asset	binary or font asset, not executable logic
frontend/resources/flowy_icons/16x/m_field_copy.svg	asset	binary or font asset, not executable logic
frontend/resources/flowy_icons/16x/m_field_delete.svg	asset	binary or font asset, not executable logic
frontend/resources/flowy_icons/16x/m_field_edit.svg	asset	binary or font asset, not executable logic
frontend/resources/flowy_icons/16x/m_field_hide.svg	asset	binary or font asset, not executable logic
frontend/resources/flowy_icons/16x/m_field_more.svg	asset	binary or font asset, not executable logic
frontend/resources/flowy_icons/16x/m_filed_insert_left.svg	asset	binary or font asset, not executable logic
frontend/resources/flowy_icons/16x/m_filed_insert_right.svg	asset	binary or font asset, not executable logic
frontend/resources/flowy_icons/16x/m_font_size_large.svg	asset	binary or font asset, not executable logic
frontend/resources/flowy_icons/16x/m_font_size_normal.svg	asset	binary or font asset, not executable logic
frontend/resources/flowy_icons/16x/m_font_size_small.svg	asset	binary or font asset, not executable logic
frontend/resources/flowy_icons/16x/m_layout.svg	asset	binary or font asset, not executable logic
frontend/resources/flowy_icons/16x/m_layout_large.svg	asset	binary or font asset, not executable logic
frontend/resources/flowy_icons/16x/m_layout_normal.svg	asset	binary or font asset, not executable logic
frontend/resources/flowy_icons/16x/m_layout_small.svg	asset	binary or font asset, not executable logic
frontend/resources/flowy_icons/16x/m_notification_action_archive.svg	asset	binary or font asset, not executable logic
frontend/resources/flowy_icons/16x/m_notification_action_mark_as_read.svg	asset	binary or font asset, not executable logic
frontend/resources/flowy_icons/16x/m_notification_action_multiple_choice.svg	asset	binary or font asset, not executable logic
frontend/resources/flowy_icons/16x/m_notification_archived.svg	asset	binary or font asset, not executable logic
frontend/resources/flowy_icons/16x/m_notification_mark_as_read.svg	asset	binary or font asset, not executable logic
frontend/resources/flowy_icons/16x/m_notification_multi_select.svg	asset	binary or font asset, not executable logic
frontend/resources/flowy_icons/16x/m_notification_multi_unselect.svg	asset	binary or font asset, not executable logic
frontend/resources/flowy_icons/16x/m_notification_reminder.svg	asset	binary or font asset, not executable logic
frontend/resources/flowy_icons/16x/m_notification_settings.svg	asset	binary or font asset, not executable logic
frontend/resources/flowy_icons/16x/m_page_style_arrow_right.svg	asset	binary or font asset, not executable logic
frontend/resources/flowy_icons/16x/m_publish.svg	asset	binary or font asset, not executable logic
frontend/resources/flowy_icons/16x/m_rename.svg	asset	binary or font asset, not executable logic
frontend/resources/flowy_icons/16x/m_settings_member.svg	asset	binary or font asset, not executable logic
frontend/resources/flowy_icons/16x/m_settings_more.svg	asset	binary or font asset, not executable logic
frontend/resources/flowy_icons/16x/m_share.svg	asset	binary or font asset, not executable logic
frontend/resources/flowy_icons/16x/m_space_add.svg	asset	binary or font asset, not executable logic
frontend/resources/flowy_icons/16x/m_space_more.svg	asset	binary or font asset, not executable logic
frontend/resources/flowy_icons/16x/m_spaces_expand.svg	asset	binary or font asset, not executable logic
frontend/resources/flowy_icons/16x/m_table_duplicate.svg	asset	binary or font asset, not executable logic
frontend/resources/flowy_icons/16x/m_table_quick_action_copy.svg	asset	binary or font asset, not executable logic
frontend/resources/flowy_icons/16x/m_table_quick_action_cut.svg	asset	binary or font asset, not executable logic
frontend/resources/flowy_icons/16x/m_table_quick_action_delete.svg	asset	binary or font asset, not executable logic
frontend/resources/flowy_icons/16x/m_table_quick_action_paste.svg	asset	binary or font asset, not executable logic
frontend/resources/flowy_icons/16x/m_theme_mode_dark.svg	asset	binary or font asset, not executable logic
frontend/resources/flowy_icons/16x/m_theme_mode_light.svg	asset	binary or font asset, not executable logic
frontend/resources/flowy_icons/16x/m_theme_mode_system.svg	asset	binary or font asset, not executable logic
frontend/resources/flowy_icons/16x/m_todo_list_checked.svg	asset	binary or font asset, not executable logic
frontend/resources/flowy_icons/16x/m_todo_list_unchecked.svg	asset	binary or font asset, not executable logic
frontend/resources/flowy_icons/16x/m_toolbar_aa.svg	asset	binary or font asset, not executable logic
frontend/resources/flowy_icons/16x/m_toolbar_add.svg	asset	binary or font asset, not executable logic
frontend/resources/flowy_icons/16x/m_toolbar_bold.svg	asset	binary or font asset, not executable logic
frontend/resources/flowy_icons/16x/m_toolbar_checkbox.svg	asset	binary or font asset, not executable logic
frontend/resources/flowy_icons/16x/m_toolbar_color.svg	asset	binary or font asset, not executable logic
frontend/resources/flowy_icons/16x/m_toolbar_hide_keyboard.svg	asset	binary or font asset, not executable logic
frontend/resources/flowy_icons/16x/m_toolbar_italic.svg	asset	binary or font asset, not executable logic
frontend/resources/flowy_icons/16x/m_toolbar_more.svg	asset	binary or font asset, not executable logic
frontend/resources/flowy_icons/16x/m_toolbar_redo.svg	asset	binary or font asset, not executable logic
frontend/resources/flowy_icons/16x/m_toolbar_show_keyboard.svg	asset	binary or font asset, not executable logic
frontend/resources/flowy_icons/16x/m_toolbar_underline.svg	asset	binary or font asset, not executable logic
frontend/resources/flowy_icons/16x/m_toolbar_undo.svg	asset	binary or font asset, not executable logic
frontend/resources/flowy_icons/16x/m_unpublish.svg	asset	binary or font asset, not executable logic
frontend/resources/flowy_icons/16x/m_visit_site.svg	asset	binary or font asset, not executable logic
frontend/resources/flowy_icons/16x/magnifier.svg	asset	binary or font asset, not executable logic
frontend/resources/flowy_icons/16x/media.svg	asset	binary or font asset, not executable logic
frontend/resources/flowy_icons/16x/mention.svg	asset	binary or font asset, not executable logic
frontend/resources/flowy_icons/16x/menu_item_ai_writer.svg	asset	binary or font asset, not executable logic
frontend/resources/flowy_icons/16x/message_support.svg	asset	binary or font asset, not executable logic
frontend/resources/flowy_icons/16x/messages.svg	asset	binary or font asset, not executable logic
frontend/resources/flowy_icons/16x/minus.svg	asset	binary or font asset, not executable logic
frontend/resources/flowy_icons/16x/more.svg	asset	binary or font asset, not executable logic
frontend/resources/flowy_icons/16x/move_to.svg	asset	binary or font asset, not executable logic
frontend/resources/flowy_icons/16x/multiselect.svg	asset	binary or font asset, not executable logic
frontend/resources/flowy_icons/16x/new_app.svg	asset	binary or font asset, not executable logic
frontend/resources/flowy_icons/16x/notes.svg	asset	binary or font asset, not executable logic
frontend/resources/flowy_icons/16x/notification.svg	asset	binary or font asset, not executable logic
frontend/resources/flowy_icons/16x/notification_archive.svg	asset	binary or font asset, not executable logic
frontend/resources/flowy_icons/16x/notification_icon_at.svg	asset	binary or font asset, not executable logic
frontend/resources/flowy_icons/16x/notification_lock.svg	asset	binary or font asset, not executable logic
frontend/resources/flowy_icons/16x/notification_markAsRead.svg	asset	binary or font asset, not executable logic
frontend/resources/flowy_icons/16x/notification_unarchive.svg	asset	binary or font asset, not executable logic
frontend/resources/flowy_icons/16x/number.svg	asset	binary or font asset, not executable logic
frontend/resources/flowy_icons/16x/open_in_browser.svg	asset	binary or font asset, not executable logic
frontend/resources/flowy_icons/16x/paragraph_mark.svg	asset	binary or font asset, not executable logic
frontend/resources/flowy_icons/16x/percent.svg	asset	binary or font asset, not executable logic
frontend/resources/flowy_icons/16x/person.svg	asset	binary or font asset, not executable logic
frontend/resources/flowy_icons/16x/photo_layout_browser.svg	asset	binary or font asset, not executable logic
frontend/resources/flowy_icons/16x/photo_layout_grid.svg	asset	binary or font asset, not executable logic
frontend/resources/flowy_icons/16x/pinned.svg	asset	binary or font asset, not executable logic
frontend/resources/flowy_icons/16x/pound.svg	asset	binary or font asset, not executable logic
frontend/resources/flowy_icons/16x/properties.svg	asset	binary or font asset, not executable logic
frontend/resources/flowy_icons/16x/published_checkmark.svg	asset	binary or font asset, not executable logic
frontend/resources/flowy_icons/16x/pull_left_outlined.svg	asset	binary or font asset, not executable logic
frontend/resources/flowy_icons/16x/quote.svg	asset	binary or font asset, not executable logic
frontend/resources/flowy_icons/16x/real.svg	asset	binary or font asset, not executable logic
frontend/resources/flowy_icons/16x/referenced_page.svg	asset	binary or font asset, not executable logic
frontend/resources/flowy_icons/16x/relation.svg	asset	binary or font asset, not executable logic
frontend/resources/flowy_icons/16x/reload.svg	asset	binary or font asset, not executable logic
frontend/resources/flowy_icons/16x/reminder_clock.svg	asset	binary or font asset, not executable logic
frontend/resources/flowy_icons/16x/remove_from_recent.svg	asset	binary or font asset, not executable logic
frontend/resources/flowy_icons/16x/rename.svg	asset	binary or font asset, not executable logic
frontend/resources/flowy_icons/16x/report.svg	asset	binary or font asset, not executable logic
frontend/resources/flowy_icons/16x/resize.svg	asset	binary or font asset, not executable logic
frontend/resources/flowy_icons/16x/restore.svg	asset	binary or font asset, not executable logic
frontend/resources/flowy_icons/16x/right.svg	asset	binary or font asset, not executable logic
frontend/resources/flowy_icons/16x/ruble.svg	asset	binary or font asset, not executable logic
frontend/resources/flowy_icons/16x/rupee.svg	asset	binary or font asset, not executable logic
frontend/resources/flowy_icons/16x/rupiah.svg	asset	binary or font asset, not executable logic
frontend/resources/flowy_icons/16x/save_as.svg	asset	binary or font asset, not executable logic
frontend/resources/flowy_icons/16x/search.svg	asset	binary or font asset, not executable logic
frontend/resources/flowy_icons/16x/send.svg	asset	binary or font asset, not executable logic
frontend/resources/flowy_icons/16x/settings.svg	asset	binary or font asset, not executable logic
frontend/resources/flowy_icons/16x/share.svg	asset	binary or font asset, not executable logic
frontend/resources/flowy_icons/16x/share_feedback.svg	asset	binary or font asset, not executable logic
frontend/resources/flowy_icons/16x/share_publish.svg	asset	binary or font asset, not executable logic
frontend/resources/flowy_icons/16x/share_tab_copy.svg	asset	binary or font asset, not executable logic
frontend/resources/flowy_icons/16x/share_tab_icon.svg	asset	binary or font asset, not executable logic
frontend/resources/flowy_icons/16x/show.svg	asset	binary or font asset, not executable logic
frontend/resources/flowy_icons/16x/show_menu.svg	asset	binary or font asset, not executable logic
frontend/resources/flowy_icons/16x/sidebar_footer_trash.svg	asset	binary or font asset, not executable logic
frontend/resources/flowy_icons/16x/sidebar_footer_widget.svg	asset	binary or font asset, not executable logic
frontend/resources/flowy_icons/16x/sidebar_upgrade_version.svg	asset	binary or font asset, not executable logic
frontend/resources/flowy_icons/16x/single_select.svg	asset	binary or font asset, not executable logic
frontend/resources/flowy_icons/16x/slash.svg	asset	binary or font asset, not executable logic
frontend/resources/flowy_icons/16x/slash_menu_icon_ai_writer.svg	asset	binary or font asset, not executable logic
frontend/resources/flowy_icons/16x/slash_menu_icon_bulleted_list.svg	asset	binary or font asset, not executable logic
frontend/resources/flowy_icons/16x/slash_menu_icon_calendar-1.svg	asset	binary or font asset, not executable logic
frontend/resources/flowy_icons/16x/slash_menu_icon_calendar.svg	asset	binary or font asset, not executable logic
frontend/resources/flowy_icons/16x/slash_menu_icon_callout.svg	asset	binary or font asset, not executable logic
frontend/resources/flowy_icons/16x/slash_menu_icon_checkbox.svg	asset	binary or font asset, not executable logic
frontend/resources/flowy_icons/16x/slash_menu_icon_code block.svg	asset	binary or font asset, not executable logic
frontend/resources/flowy_icons/16x/slash_menu_icon_date_or_reminder.svg	asset	binary or font asset, not executable logic
frontend/resources/flowy_icons/16x/slash_menu_icon_divider.svg	asset	binary or font asset, not executable logic
frontend/resources/flowy_icons/16x/slash_menu_icon_doc.svg	asset	binary or font asset, not executable logic
frontend/resources/flowy_icons/16x/slash_menu_icon_emoji_picker.svg	asset	binary or font asset, not executable logic
frontend/resources/flowy_icons/16x/slash_menu_icon_file.svg	asset	binary or font asset, not executable logic
frontend/resources/flowy_icons/16x/slash_menu_icon_four_columns.svg	asset	binary or font asset, not executable logic
frontend/resources/flowy_icons/16x/slash_menu_icon_grid.svg	asset	binary or font asset, not executable logic
frontend/resources/flowy_icons/16x/slash_menu_icon_h1.svg	asset	binary or font asset, not executable logic
frontend/resources/flowy_icons/16x/slash_menu_icon_h2.svg	asset	binary or font asset, not executable logic
frontend/resources/flowy_icons/16x/slash_menu_icon_h3.svg	asset	binary or font asset, not executable logic
frontend/resources/flowy_icons/16x/slash_menu_icon_image.svg	asset	binary or font asset, not executable logic
frontend/resources/flowy_icons/16x/slash_menu_icon_kanban.svg	asset	binary or font asset, not executable logic
frontend/resources/flowy_icons/16x/slash_menu_icon_math_equation.svg	asset	binary or font asset, not executable logic
frontend/resources/flowy_icons/16x/slash_menu_icon_numbered_list.svg	asset	binary or font asset, not executable logic
frontend/resources/flowy_icons/16x/slash_menu_icon_outline.svg	asset	binary or font asset, not executable logic
frontend/resources/flowy_icons/16x/slash_menu_icon_photo_gallery.svg	asset	binary or font asset, not executable logic
frontend/resources/flowy_icons/16x/slash_menu_icon_quote.svg	asset	binary or font asset, not executable logic
frontend/resources/flowy_icons/16x/slash_menu_icon_simple_table.svg	asset	binary or font asset, not executable logic
frontend/resources/flowy_icons/16x/slash_menu_icon_text.svg	asset	binary or font asset, not executable logic
frontend/resources/flowy_icons/16x/slash_menu_icon_three_columns.svg	asset	binary or font asset, not executable logic
frontend/resources/flowy_icons/16x/slash_menu_icon_toggle.svg	asset	binary or font asset, not executable logic
frontend/resources/flowy_icons/16x/slash_menu_icon_two_columns.svg	asset	binary or font asset, not executable logic
frontend/resources/flowy_icons/16x/slash_menu_icon_visuals.svg	asset	binary or font asset, not executable logic
frontend/resources/flowy_icons/16x/sort_ascending.svg	asset	binary or font asset, not executable logic
frontend/resources/flowy_icons/16x/sort_descending.svg	asset	binary or font asset, not executable logic
frontend/resources/flowy_icons/16x/sort_high.svg	asset	binary or font asset, not executable logic
frontend/resources/flowy_icons/16x/sort_low.svg	asset	binary or font asset, not executable logic
frontend/resources/flowy_icons/16x/space_add.svg	asset	binary or font asset, not executable logic
frontend/resources/flowy_icons/16x/space_arrow_right.svg	asset	binary or font asset, not executable logic
frontend/resources/flowy_icons/16x/space_icon.svg	asset	binary or font asset, not executable logic
frontend/resources/flowy_icons/16x/space_icon_1.svg	asset	binary or font asset, not executable logic
frontend/resources/flowy_icons/16x/space_icon_10.svg	asset	binary or font asset, not executable logic
frontend/resources/flowy_icons/16x/space_icon_11.svg	asset	binary or font asset, not executable logic
frontend/resources/flowy_icons/16x/space_icon_12.svg	asset	binary or font asset, not executable logic
frontend/resources/flowy_icons/16x/space_icon_13.svg	asset	binary or font asset, not executable logic
frontend/resources/flowy_icons/16x/space_icon_14.svg	asset	binary or font asset, not executable logic
frontend/resources/flowy_icons/16x/space_icon_15.svg	asset	binary or font asset, not executable logic
frontend/resources/flowy_icons/16x/space_icon_2.svg	asset	binary or font asset, not executable logic
frontend/resources/flowy_icons/16x/space_icon_3.svg	asset	binary or font asset, not executable logic
frontend/resources/flowy_icons/16x/space_icon_4.svg	asset	binary or font asset, not executable logic
frontend/resources/flowy_icons/16x/space_icon_5.svg	asset	binary or font asset, not executable logic
frontend/resources/flowy_icons/16x/space_icon_6.svg	asset	binary or font asset, not executable logic
frontend/resources/flowy_icons/16x/space_icon_7.svg	asset	binary or font asset, not executable logic
frontend/resources/flowy_icons/16x/space_icon_8.svg	asset	binary or font asset, not executable logic
frontend/resources/flowy_icons/16x/space_icon_9.svg	asset	binary or font asset, not executable logic
frontend/resources/flowy_icons/16x/space_lock.svg	asset	binary or font asset, not executable logic
frontend/resources/flowy_icons/16x/space_manage.svg	asset	binary or font asset, not executable logic
frontend/resources/flowy_icons/16x/space_permission_dropdown.svg	asset	binary or font asset, not executable logic
frontend/resources/flowy_icons/16x/space_permission_private.svg	asset	binary or font asset, not executable logic
frontend/resources/flowy_icons/16x/space_permission_public.svg	asset	binary or font asset, not executable logic
frontend/resources/flowy_icons/16x/star.svg	asset	binary or font asset, not executable logic
frontend/resources/flowy_icons/16x/strikethrough.svg	asset	binary or font asset, not executable logic
frontend/resources/flowy_icons/16x/success.svg	asset	binary or font asset, not executable logic
frontend/resources/flowy_icons/16x/suggestion_insert_below.svg	asset	binary or font asset, not executable logic
frontend/resources/flowy_icons/16x/table_align_center.svg	asset	binary or font asset, not executable logic
frontend/resources/flowy_icons/16x/table_align_left.svg	asset	binary or font asset, not executable logic
frontend/resources/flowy_icons/16x/table_align_right.svg	asset	binary or font asset, not executable logic
frontend/resources/flowy_icons/16x/table_clear_content.svg	asset	binary or font asset, not executable logic
frontend/resources/flowy_icons/16x/table_distribute_columns_evenly.svg	asset	binary or font asset, not executable logic
frontend/resources/flowy_icons/16x/table_header_column.svg	asset	binary or font asset, not executable logic
frontend/resources/flowy_icons/16x/table_header_row.svg	asset	binary or font asset, not executable logic
frontend/resources/flowy_icons/16x/table_insert_above.svg	asset	binary or font asset, not executable logic
frontend/resources/flowy_icons/16x/table_insert_below.svg	asset	binary or font asset, not executable logic
frontend/resources/flowy_icons/16x/table_insert_left.svg	asset	binary or font asset, not executable logic
frontend/resources/flowy_icons/16x/table_insert_right.svg	asset	binary or font asset, not executable logic
frontend/resources/flowy_icons/16x/table_reorder_column.svg	asset	binary or font asset, not executable logic
frontend/resources/flowy_icons/16x/table_reorder_row.svg	asset	binary or font asset, not executable logic
frontend/resources/flowy_icons/16x/table_set_to_page_width.svg	asset	binary or font asset, not executable logic
frontend/resources/flowy_icons/16x/tag.svg	asset	binary or font asset, not executable logic
frontend/resources/flowy_icons/16x/tag_block.svg	asset	binary or font asset, not executable logic
frontend/resources/flowy_icons/16x/template.svg	asset	binary or font asset, not executable logic
frontend/resources/flowy_icons/16x/text.svg	asset	binary or font asset, not executable logic
frontend/resources/flowy_icons/16x/three-dots-vertical.svg	asset	binary or font asset, not executable logic
frontend/resources/flowy_icons/16x/three-dots.svg	asset	binary or font asset, not executable logic
frontend/resources/flowy_icons/16x/time.svg	asset	binary or font asset, not executable logic
frontend/resources/flowy_icons/16x/timer_finish.svg	asset	binary or font asset, not executable logic
frontend/resources/flowy_icons/16x/timer_start.svg	asset	binary or font asset, not executable logic
frontend/resources/flowy_icons/16x/title_bar_divider.svg	asset	binary or font asset, not executable logic
frontend/resources/flowy_icons/16x/to_do.svg	asset	binary or font asset, not executable logic
frontend/resources/flowy_icons/16x/toast_checked_filled.svg	asset	binary or font asset, not executable logic
frontend/resources/flowy_icons/16x/toast_close.svg	asset	binary or font asset, not executable logic
frontend/resources/flowy_icons/16x/toast_error_filled.svg	asset	binary or font asset, not executable logic
frontend/resources/flowy_icons/16x/toast_warning_filled.svg	asset	binary or font asset, not executable logic
frontend/resources/flowy_icons/16x/toggle_heading1.svg	asset	binary or font asset, not executable logic
frontend/resources/flowy_icons/16x/toggle_heading2.svg	asset	binary or font asset, not executable logic
frontend/resources/flowy_icons/16x/toggle_heading3.svg	asset	binary or font asset, not executable logic
frontend/resources/flowy_icons/16x/toggle_list.svg	asset	binary or font asset, not executable logic
frontend/resources/flowy_icons/16x/toolbar_align_center.svg	asset	binary or font asset, not executable logic
frontend/resources/flowy_icons/16x/toolbar_align_left.svg	asset	binary or font asset, not executable logic
frontend/resources/flowy_icons/16x/toolbar_align_right.svg	asset	binary or font asset, not executable logic
frontend/resources/flowy_icons/16x/toolbar_item_ai.svg	asset	binary or font asset, not executable logic
frontend/resources/flowy_icons/16x/trash.svg	asset	binary or font asset, not executable logic
frontend/resources/flowy_icons/16x/turninto.svg	asset	binary or font asset, not executable logic
frontend/resources/flowy_icons/16x/unable_select.svg	asset	binary or font asset, not executable logic
frontend/resources/flowy_icons/16x/uncheck.svg	asset	binary or font asset, not executable logic
frontend/resources/flowy_icons/16x/underline.svg	asset	binary or font asset, not executable logic
frontend/resources/flowy_icons/16x/unfavorite.svg	asset	binary or font asset, not executable logic
frontend/resources/flowy_icons/16x/unlock_page.svg	asset	binary or font asset, not executable logic
frontend/resources/flowy_icons/16x/upgrade.svg	asset	binary or font asset, not executable logic
frontend/resources/flowy_icons/16x/upgrade_close.svg	asset	binary or font asset, not executable logic
frontend/resources/flowy_icons/16x/upgrade_storage.svg	asset	binary or font asset, not executable logic
frontend/resources/flowy_icons/16x/url.svg	asset	binary or font asset, not executable logic
frontend/resources/flowy_icons/16x/usd.svg	asset	binary or font asset, not executable logic
frontend/resources/flowy_icons/16x/view_item_add.svg	asset	binary or font asset, not executable logic
frontend/resources/flowy_icons/16x/view_item_expand.svg	asset	binary or font asset, not executable logic
frontend/resources/flowy_icons/16x/view_item_open_in_new_tab.svg	asset	binary or font asset, not executable logic
frontend/resources/flowy_icons/16x/view_item_rename.svg	asset	binary or font asset, not executable logic
frontend/resources/flowy_icons/16x/view_item_right_arrow.svg	asset	binary or font asset, not executable logic
frontend/resources/flowy_icons/16x/view_item_unexpand.svg	asset	binary or font asset, not executable logic
frontend/resources/flowy_icons/16x/warning.svg	asset	binary or font asset, not executable logic
frontend/resources/flowy_icons/16x/won.svg	asset	binary or font asset, not executable logic
frontend/resources/flowy_icons/16x/workspace_add_member.svg	asset	binary or font asset, not executable logic
frontend/resources/flowy_icons/16x/workspace_drop_down_menu_hide.svg	asset	binary or font asset, not executable logic
frontend/resources/flowy_icons/16x/workspace_drop_down_menu_show.svg	asset	binary or font asset, not executable logic
frontend/resources/flowy_icons/16x/workspace_logout.svg	asset	binary or font asset, not executable logic
frontend/resources/flowy_icons/16x/workspace_selected.svg	asset	binary or font asset, not executable logic
frontend/resources/flowy_icons/16x/workspace_three_dots.svg	asset	binary or font asset, not executable logic
frontend/resources/flowy_icons/16x/yen.svg	asset	binary or font asset, not executable logic
frontend/resources/flowy_icons/20x/access_level_edit.svg	asset	binary or font asset, not executable logic
frontend/resources/flowy_icons/20x/access_level_view.svg	asset	binary or font asset, not executable logic
frontend/resources/flowy_icons/20x/ai_explain.svg	asset	binary or font asset, not executable logic
frontend/resources/flowy_icons/20x/ai_searching_icon.svg	asset	binary or font asset, not executable logic
frontend/resources/flowy_icons/20x/anonymous_mode.svg	asset	binary or font asset, not executable logic
frontend/resources/flowy_icons/20x/cloud_mode.svg	asset	binary or font asset, not executable logic
frontend/resources/flowy_icons/20x/embed_fullscreen.svg	asset	binary or font asset, not executable logic
frontend/resources/flowy_icons/20x/empty_shared_section.svg	asset	binary or font asset, not executable logic
frontend/resources/flowy_icons/20x/eraser.svg	asset	binary or font asset, not executable logic
frontend/resources/flowy_icons/20x/favorite_header.svg	asset	binary or font asset, not executable logic
frontend/resources/flowy_icons/20x/hide_password.svg	asset	binary or font asset, not executable logic
frontend/resources/flowy_icons/20x/mobile_icon_remove_link.svg	asset	binary or font asset, not executable logic
frontend/resources/flowy_icons/20x/password_close.svg	asset	binary or font asset, not executable logic
frontend/resources/flowy_icons/20x/private_section_icon.svg	asset	binary or font asset, not executable logic
frontend/resources/flowy_icons/20x/public_section_icon.svg	asset	binary or font asset, not executable logic
frontend/resources/flowy_icons/20x/search_arrow_right.svg	asset	binary or font asset, not executable logic
frontend/resources/flowy_icons/20x/search_clear.svg	asset	binary or font asset, not executable logic
frontend/resources/flowy_icons/20x/search_icon.svg	asset	binary or font asset, not executable logic
frontend/resources/flowy_icons/20x/search_open_tab.svg	asset	binary or font asset, not executable logic
frontend/resources/flowy_icons/20x/search_page_arrow_left.svg	asset	binary or font asset, not executable logic
frontend/resources/flowy_icons/20x/settings_page_ai.svg	asset	binary or font asset, not executable logic
frontend/resources/flowy_icons/20x/settings_page_bell.svg	asset	binary or font asset, not executable logic
frontend/resources/flowy_icons/20x/settings_page_cloud.svg	asset	binary or font asset, not executable logic
frontend/resources/flowy_icons/20x/settings_page_credit_card.svg	asset	binary or font asset, not executable logic
frontend/resources/flowy_icons/20x/settings_page_database.svg	asset	binary or font asset, not executable logic
frontend/resources/flowy_icons/20x/settings_page_earth.svg	asset	binary or font asset, not executable logic
frontend/resources/flowy_icons/20x/settings_page_keyboard.svg	asset	binary or font asset, not executable logic
frontend/resources/flowy_icons/20x/settings_page_plan.svg	asset	binary or font asset, not executable logic
frontend/resources/flowy_icons/20x/settings_page_user.svg	asset	binary or font asset, not executable logic
frontend/resources/flowy_icons/20x/settings_page_users.svg	asset	binary or font asset, not executable logic
frontend/resources/flowy_icons/20x/settings_page_workspace.svg	asset	binary or font asset, not executable logic
frontend/resources/flowy_icons/20x/shared_section_icon.svg	asset	binary or font asset, not executable logic
frontend/resources/flowy_icons/20x/shared_with_me.svg	asset	binary or font asset, not executable logic
frontend/resources/flowy_icons/20x/show_password.svg	asset	binary or font asset, not executable logic
frontend/resources/flowy_icons/20x/sign_in_settings.svg	asset	binary or font asset, not executable logic
frontend/resources/flowy_icons/20x/slash_menu_image.svg	asset	binary or font asset, not executable logic
frontend/resources/flowy_icons/20x/toolbar_ai_ask_anything.svg	asset	binary or font asset, not executable logic
frontend/resources/flowy_icons/20x/toolbar_ai_explain.svg	asset	binary or font asset, not executable logic
frontend/resources/flowy_icons/20x/toolbar_ai_fix_spelling_grammar.svg	asset	binary or font asset, not executable logic
frontend/resources/flowy_icons/20x/toolbar_ai_improve_writing.svg	asset	binary or font asset, not executable logic
frontend/resources/flowy_icons/20x/toolbar_ai_make_longer.svg	asset	binary or font asset, not executable logic
frontend/resources/flowy_icons/20x/toolbar_ai_make_shorter.svg	asset	binary or font asset, not executable logic
frontend/resources/flowy_icons/20x/toolbar_ai_writer.svg	asset	binary or font asset, not executable logic
frontend/resources/flowy_icons/20x/toolbar_alignment.svg	asset	binary or font asset, not executable logic
frontend/resources/flowy_icons/20x/toolbar_arrow_down.svg	asset	binary or font asset, not executable logic
frontend/resources/flowy_icons/20x/toolbar_arrow_right.svg	asset	binary or font asset, not executable logic
frontend/resources/flowy_icons/20x/toolbar_bold.svg	asset	binary or font asset, not executable logic
frontend/resources/flowy_icons/20x/toolbar_check.svg	asset	binary or font asset, not executable logic
frontend/resources/flowy_icons/20x/toolbar_inline_code.svg	asset	binary or font asset, not executable logic
frontend/resources/flowy_icons/20x/toolbar_inline_italic.svg	asset	binary or font asset, not executable logic
frontend/resources/flowy_icons/20x/toolbar_link.svg	asset	binary or font asset, not executable logic
frontend/resources/flowy_icons/20x/toolbar_link_earth.svg	asset	binary or font asset, not executable logic
frontend/resources/flowy_icons/20x/toolbar_link_edit.svg	asset	binary or font asset, not executable logic
frontend/resources/flowy_icons/20x/toolbar_link_unlink.svg	asset	binary or font asset, not executable logic
frontend/resources/flowy_icons/20x/toolbar_more.svg	asset	binary or font asset, not executable logic
frontend/resources/flowy_icons/20x/toolbar_text_align_center.svg	asset	binary or font asset, not executable logic
frontend/resources/flowy_icons/20x/toolbar_text_align_left.svg	asset	binary or font asset, not executable logic
frontend/resources/flowy_icons/20x/toolbar_text_align_right.svg	asset	binary or font asset, not executable logic
frontend/resources/flowy_icons/20x/toolbar_text_color.svg	asset	binary or font asset, not executable logic
frontend/resources/flowy_icons/20x/toolbar_text_format.svg	asset	binary or font asset, not executable logic
frontend/resources/flowy_icons/20x/toolbar_text_highlight.svg	asset	binary or font asset, not executable logic
frontend/resources/flowy_icons/20x/toolbar_underline.svg	asset	binary or font asset, not executable logic
frontend/resources/flowy_icons/20x/turn_into_member.svg	asset	binary or font asset, not executable logic
frontend/resources/flowy_icons/20x/turninto.svg	asset	binary or font asset, not executable logic
frontend/resources/flowy_icons/20x/type_bulleted_list.svg	asset	binary or font asset, not executable logic
frontend/resources/flowy_icons/20x/type_callout.svg	asset	binary or font asset, not executable logic
frontend/resources/flowy_icons/20x/type_font.svg	asset	binary or font asset, not executable logic
frontend/resources/flowy_icons/20x/type_formula.svg	asset	binary or font asset, not executable logic
frontend/resources/flowy_icons/20x/type_h1.svg	asset	binary or font asset, not executable logic
frontend/resources/flowy_icons/20x/type_h2.svg	asset	binary or font asset, not executable logic
frontend/resources/flowy_icons/20x/type_h3.svg	asset	binary or font asset, not executable logic
frontend/resources/flowy_icons/20x/type_numbered_list.svg	asset	binary or font asset, not executable logic
frontend/resources/flowy_icons/20x/type_page.svg	asset	binary or font asset, not executable logic
frontend/resources/flowy_icons/20x/type_quote.svg	asset	binary or font asset, not executable logic
frontend/resources/flowy_icons/20x/type_strikethrough.svg	asset	binary or font asset, not executable logic
frontend/resources/flowy_icons/20x/type_text.svg	asset	binary or font asset, not executable logic
frontend/resources/flowy_icons/20x/type_todo.svg	asset	binary or font asset, not executable logic
frontend/resources/flowy_icons/20x/type_toggle_h1.svg	asset	binary or font asset, not executable logic
frontend/resources/flowy_icons/20x/type_toggle_h2.svg	asset	binary or font asset, not executable logic
frontend/resources/flowy_icons/20x/type_toggle_h3.svg	asset	binary or font asset, not executable logic
frontend/resources/flowy_icons/20x/type_toggle_list.svg	asset	binary or font asset, not executable logic
frontend/resources/flowy_icons/20x/upgrade_pro_crown.svg	asset	binary or font asset, not executable logic
frontend/resources/flowy_icons/20x/upgrade_to_pro_close.svg	asset	binary or font asset, not executable logic
frontend/resources/flowy_icons/24x/add.svg	asset	binary or font asset, not executable logic
frontend/resources/flowy_icons/24x/archive.svg	asset	binary or font asset, not executable logic
frontend/resources/flowy_icons/24x/arrow_back.svg	asset	binary or font asset, not executable logic
frontend/resources/flowy_icons/24x/arrow_left.svg	asset	binary or font asset, not executable logic
frontend/resources/flowy_icons/24x/arrow_right.svg	asset	binary or font asset, not executable logic
frontend/resources/flowy_icons/24x/back.svg	asset	binary or font asset, not executable logic
frontend/resources/flowy_icons/24x/check.svg	asset	binary or font asset, not executable logic
frontend/resources/flowy_icons/24x/close.svg	asset	binary or font asset, not executable logic
frontend/resources/flowy_icons/24x/color_format.svg	asset	binary or font asset, not executable logic
frontend/resources/flowy_icons/24x/dashboard.svg	asset	binary or font asset, not executable logic
frontend/resources/flowy_icons/24x/details.svg	asset	binary or font asset, not executable logic
frontend/resources/flowy_icons/24x/double_back_arrow.svg	asset	binary or font asset, not executable logic
frontend/resources/flowy_icons/24x/drop_menu_hide.svg	asset	binary or font asset, not executable logic
frontend/resources/flowy_icons/24x/drop_menu_show.svg	asset	binary or font asset, not executable logic
frontend/resources/flowy_icons/24x/ethernet.svg	asset	binary or font asset, not executable logic
frontend/resources/flowy_icons/24x/favorite.svg	asset	binary or font asset, not executable logic
frontend/resources/flowy_icons/24x/favorite_header_icon.svg	asset	binary or font asset, not executable logic
frontend/resources/flowy_icons/24x/folder.svg	asset	binary or font asset, not executable logic
frontend/resources/flowy_icons/24x/hide.svg	asset	binary or font asset, not executable logic
frontend/resources/flowy_icons/24x/hide_menu.svg	asset	binary or font asset, not executable logic
frontend/resources/flowy_icons/24x/invite_member_link.svg	asset	binary or font asset, not executable logic
frontend/resources/flowy_icons/24x/level.svg	asset	binary or font asset, not executable logic
frontend/resources/flowy_icons/24x/m_aa_align_center.svg	asset	binary or font asset, not executable logic
frontend/resources/flowy_icons/24x/m_aa_align_left.svg	asset	binary or font asset, not executable logic
frontend/resources/flowy_icons/24x/m_aa_align_right.svg	asset	binary or font asset, not executable logic
frontend/resources/flowy_icons/24x/m_aa_code.svg	asset	binary or font asset, not executable logic
frontend/resources/flowy_icons/24x/m_aa_font_color.svg	asset	binary or font asset, not executable logic
frontend/resources/flowy_icons/24x/m_aa_h1.svg	asset	binary or font asset, not executable logic
frontend/resources/flowy_icons/24x/m_aa_h2.svg	asset	binary or font asset, not executable logic
frontend/resources/flowy_icons/24x/m_aa_h3.svg	asset	binary or font asset, not executable logic
frontend/resources/flowy_icons/24x/m_aa_indent.svg	asset	binary or font asset, not executable logic
frontend/resources/flowy_icons/24x/m_aa_math.svg	asset	binary or font asset, not executable logic
frontend/resources/flowy_icons/24x/m_aa_outdent.svg	asset	binary or font asset, not executable logic
frontend/resources/flowy_icons/24x/m_aa_paragraph.svg	asset	binary or font asset, not executable logic
frontend/resources/flowy_icons/24x/m_aa_quote.svg	asset	binary or font asset, not executable logic
frontend/resources/flowy_icons/24x/m_board_thumbnail.svg	asset	binary or font asset, not executable logic
frontend/resources/flowy_icons/24x/m_bold.svg	asset	binary or font asset, not executable logic
frontend/resources/flowy_icons/24x/m_bottom_sheet_close.svg	asset	binary or font asset, not executable logic
frontend/resources/flowy_icons/24x/m_bulleted_list.svg	asset	binary or font asset, not executable logic
frontend/resources/flowy_icons/24x/m_calendar_thumbnail.svg	asset	binary or font asset, not executable logic
frontend/resources/flowy_icons/24x/m_chat_thumbnail.svg	asset	binary or font asset, not executable logic
frontend/resources/flowy_icons/24x/m_checkbox.svg	asset	binary or font asset, not executable logic
frontend/resources/flowy_icons/24x/m_close.svg	asset	binary or font asset, not executable logic
frontend/resources/flowy_icons/24x/m_code.svg	asset	binary or font asset, not executable logic
frontend/resources/flowy_icons/24x/m_color.svg	asset	binary or font asset, not executable logic
frontend/resources/flowy_icons/24x/m_delete.svg	asset	binary or font asset, not executable logic
frontend/resources/flowy_icons/24x/m_divider.svg	asset	binary or font asset, not executable logic
frontend/resources/flowy_icons/24x/m_document_thumbnail.svg	asset	binary or font asset, not executable logic
frontend/resources/flowy_icons/24x/m_duplicate.svg	asset	binary or font asset, not executable logic
frontend/resources/flowy_icons/24x/m_grid_thumbnail.svg	asset	binary or font asset, not executable logic
frontend/resources/flowy_icons/24x/m_h1.svg	asset	binary or font asset, not executable logic
frontend/resources/flowy_icons/24x/m_h2.svg	asset	binary or font asset, not executable logic
frontend/resources/flowy_icons/24x/m_h3.svg	asset	binary or font asset, not executable logic
frontend/resources/flowy_icons/24x/m_heading.svg	asset	binary or font asset, not executable logic
frontend/resources/flowy_icons/24x/m_help_center.svg	asset	binary or font asset, not executable logic
frontend/resources/flowy_icons/24x/m_home_active_notification.svg	asset	binary or font asset, not executable logic
frontend/resources/flowy_icons/24x/m_home_add.svg	asset	binary or font asset, not executable logic
frontend/resources/flowy_icons/24x/m_home_ai_chat_icon.svg	asset	binary or font asset, not executable logic
frontend/resources/flowy_icons/24x/m_home_notification.svg	asset	binary or font asset, not executable logic
frontend/resources/flowy_icons/24x/m_home_search_icon.svg	asset	binary or font asset, not executable logic
frontend/resources/flowy_icons/24x/m_home_search_icon_active.svg	asset	binary or font asset, not executable logic
frontend/resources/flowy_icons/24x/m_home_selected.svg	asset	binary or font asset, not executable logic
frontend/resources/flowy_icons/24x/m_home_unselected.svg	asset	binary or font asset, not executable logic
frontend/resources/flowy_icons/24x/m_italic.svg	asset	binary or font asset, not executable logic
frontend/resources/flowy_icons/24x/m_link.svg	asset	binary or font asset, not executable logic
frontend/resources/flowy_icons/24x/m_list.svg	asset	binary or font asset, not executable logic
frontend/resources/flowy_icons/24x/m_numbered_list.svg	asset	binary or font asset, not executable logic
frontend/resources/flowy_icons/24x/m_page_style_photo.svg	asset	binary or font asset, not executable logic
frontend/resources/flowy_icons/24x/m_page_style_presets.svg	asset	binary or font asset, not executable logic
frontend/resources/flowy_icons/24x/m_page_style_unsplash.svg	asset	binary or font asset, not executable logic
frontend/resources/flowy_icons/24x/m_publish.svg	asset	binary or font asset, not executable logic
frontend/resources/flowy_icons/24x/m_quote.svg	asset	binary or font asset, not executable logic
frontend/resources/flowy_icons/24x/m_redo.svg	asset	binary or font asset, not executable logic
frontend/resources/flowy_icons/24x/m_rename.svg	asset	binary or font asset, not executable logic
frontend/resources/flowy_icons/24x/m_restore.svg	asset	binary or font asset, not executable logic
frontend/resources/flowy_icons/24x/m_search.svg	asset	binary or font asset, not executable logic
frontend/resources/flowy_icons/24x/m_setting.svg	asset	binary or font asset, not executable logic
frontend/resources/flowy_icons/24x/m_share.svg	asset	binary or font asset, not executable logic
frontend/resources/flowy_icons/24x/m_strikethrough.svg	asset	binary or font asset, not executable logic
frontend/resources/flowy_icons/24x/m_table_text_color.svg	asset	binary or font asset, not executable logic
frontend/resources/flowy_icons/24x/m_text_decoration.svg	asset	binary or font asset, not executable logic
frontend/resources/flowy_icons/24x/m_toggle_list.svg	asset	binary or font asset, not executable logic
frontend/resources/flowy_icons/24x/m_toolbar_aa.svg	asset	binary or font asset, not executable logic
frontend/resources/flowy_icons/24x/m_toolbar_add.svg	asset	binary or font asset, not executable logic
frontend/resources/flowy_icons/24x/m_toolbar_bold.svg	asset	binary or font asset, not executable logic
frontend/resources/flowy_icons/24x/m_toolbar_bulleted_list.svg	asset	binary or font asset, not executable logic
frontend/resources/flowy_icons/24x/m_toolbar_calendar.svg	asset	binary or font asset, not executable logic
frontend/resources/flowy_icons/24x/m_toolbar_checkbox.svg	asset	binary or font asset, not executable logic
frontend/resources/flowy_icons/24x/m_toolbar_image.svg	asset	binary or font asset, not executable logic
frontend/resources/flowy_icons/24x/m_toolbar_italic.svg	asset	binary or font asset, not executable logic
frontend/resources/flowy_icons/24x/m_toolbar_keyboard.svg	asset	binary or font asset, not executable logic
frontend/resources/flowy_icons/24x/m_toolbar_link.svg	asset	binary or font asset, not executable logic
frontend/resources/flowy_icons/24x/m_toolbar_numbered_list.svg	asset	binary or font asset, not executable logic
frontend/resources/flowy_icons/24x/m_toolbar_redo.svg	asset	binary or font asset, not executable logic
frontend/resources/flowy_icons/24x/m_toolbar_strike.svg	asset	binary or font asset, not executable logic
frontend/resources/flowy_icons/24x/m_toolbar_underline.svg	asset	binary or font asset, not executable logic
frontend/resources/flowy_icons/24x/m_toolbar_undo.svg	asset	binary or font asset, not executable logic
frontend/resources/flowy_icons/24x/m_underline.svg	asset	binary or font asset, not executable logic
frontend/resources/flowy_icons/24x/m_undo.svg	asset	binary or font asset, not executable logic
frontend/resources/flowy_icons/24x/m_unfavorite.svg	asset	binary or font asset, not executable logic
frontend/resources/flowy_icons/24x/m_unpublish.svg	asset	binary or font asset, not executable logic
frontend/resources/flowy_icons/24x/messages.svg	asset	binary or font asset, not executable logic
frontend/resources/flowy_icons/24x/new_app.svg	asset	binary or font asset, not executable logic
frontend/resources/flowy_icons/24x/page.svg	asset	binary or font asset, not executable logic
frontend/resources/flowy_icons/24x/person.svg	asset	binary or font asset, not executable logic
frontend/resources/flowy_icons/24x/search.svg	asset	binary or font asset, not executable logic
frontend/resources/flowy_icons/24x/settings.svg	asset	binary or font asset, not executable logic
frontend/resources/flowy_icons/24x/settings_account.svg	asset	binary or font asset, not executable logic
frontend/resources/flowy_icons/24x/settings_billing.svg	asset	binary or font asset, not executable logic
frontend/resources/flowy_icons/24x/settings_data.svg	asset	binary or font asset, not executable logic
frontend/resources/flowy_icons/24x/settings_members.svg	asset	binary or font asset, not executable logic
frontend/resources/flowy_icons/24x/settings_notifications.svg	asset	binary or font asset, not executable logic
frontend/resources/flowy_icons/24x/settings_plan.svg	asset	binary or font asset, not executable logic
frontend/resources/flowy_icons/24x/settings_selected_theme.svg	asset	binary or font asset, not executable logic
frontend/resources/flowy_icons/24x/settings_shortcuts.svg	asset	binary or font asset, not executable logic
frontend/resources/flowy_icons/24x/settings_sync.svg	asset	binary or font asset, not executable logic
frontend/resources/flowy_icons/24x/settings_workplace.svg	asset	binary or font asset, not executable logic
frontend/resources/flowy_icons/24x/share.svg	asset	binary or font asset, not executable logic
frontend/resources/flowy_icons/24x/show.svg	asset	binary or font asset, not executable logic
frontend/resources/flowy_icons/24x/sidebar_footer_trash.svg	asset	binary or font asset, not executable logic
frontend/resources/flowy_icons/24x/something_wrong_warning.svg	asset	binary or font asset, not executable logic
frontend/resources/flowy_icons/24x/sort_high.svg	asset	binary or font asset, not executable logic
frontend/resources/flowy_icons/24x/sort_low.svg	asset	binary or font asset, not executable logic
frontend/resources/flowy_icons/24x/textdirection_auto.svg	asset	binary or font asset, not executable logic
frontend/resources/flowy_icons/24x/textdirection_ltr.svg	asset	binary or font asset, not executable logic
frontend/resources/flowy_icons/24x/textdirection_rtl.svg	asset	binary or font asset, not executable logic
frontend/resources/flowy_icons/24x/three_dots.svg	asset	binary or font asset, not executable logic
frontend/resources/flowy_icons/24x/trash.svg	asset	binary or font asset, not executable logic
frontend/resources/flowy_icons/32x/close.svg	asset	binary or font asset, not executable logic
frontend/resources/flowy_icons/32x/favorite_active.svg	asset	binary or font asset, not executable logic
frontend/resources/flowy_icons/32x/favorite_inactive.svg	asset	binary or font asset, not executable logic
frontend/resources/flowy_icons/32x/image.svg	asset	binary or font asset, not executable logic
frontend/resources/flowy_icons/32x/m_favorite_selected.svg	asset	binary or font asset, not executable logic
frontend/resources/flowy_icons/32x/m_favorite_unselected.svg	asset	binary or font asset, not executable logic
frontend/resources/flowy_icons/32x/m_home_selected.svg	asset	binary or font asset, not executable logic
frontend/resources/flowy_icons/32x/m_home_unselected.svg	asset	binary or font asset, not executable logic
frontend/resources/flowy_icons/32x/m_notification_selected.svg	asset	binary or font asset, not executable logic
frontend/resources/flowy_icons/32x/m_notification_unselected.svg	asset	binary or font asset, not executable logic
frontend/resources/flowy_icons/32x/m_search.svg	asset	binary or font asset, not executable logic
frontend/resources/flowy_icons/32x/m_toolbar_imae.svg	asset	binary or font asset, not executable logic
frontend/resources/flowy_icons/32x/math.svg	asset	binary or font asset, not executable logic
frontend/resources/flowy_icons/32x/open_folder.svg	asset	binary or font asset, not executable logic
frontend/resources/flowy_icons/32x/page.svg	asset	binary or font asset, not executable logic
frontend/resources/flowy_icons/40x/app_logo.svg	asset	binary or font asset, not executable logic
frontend/resources/flowy_icons/40x/app_logo_with_text_dark.svg	asset	binary or font asset, not executable logic
frontend/resources/flowy_icons/40x/app_logo_with_text_light.svg	asset	binary or font asset, not executable logic
frontend/resources/flowy_icons/40x/broken_image.svg	asset	binary or font asset, not executable logic
frontend/resources/flowy_icons/40x/discord_mark_blurple.svg	asset	binary or font asset, not executable logic
frontend/resources/flowy_icons/40x/discord_mark_white.svg	asset	binary or font asset, not executable logic
frontend/resources/flowy_icons/40x/embed_error.svg	asset	binary or font asset, not executable logic
frontend/resources/flowy_icons/40x/favorite_active.svg	asset	binary or font asset, not executable logic
frontend/resources/flowy_icons/40x/favorite_inactive.svg	asset	binary or font asset, not executable logic
frontend/resources/flowy_icons/40x/github-mark-black.svg	asset	binary or font asset, not executable logic
frontend/resources/flowy_icons/40x/github-mark-white.svg	asset	binary or font asset, not executable logic
frontend/resources/flowy_icons/40x/google_mark.svg	asset	binary or font asset, not executable logic
frontend/resources/flowy_icons/40x/icon_warning.svg	asset	binary or font asset, not executable logic
frontend/resources/flowy_icons/40x/m_add_circle.svg	asset	binary or font asset, not executable logic
frontend/resources/flowy_icons/40x/m_apple_icon.svg	asset	binary or font asset, not executable logic
frontend/resources/flowy_icons/40x/m_discord_icon.svg	asset	binary or font asset, not executable logic
frontend/resources/flowy_icons/40x/m_empty_notification.svg	asset	binary or font asset, not executable logic
frontend/resources/flowy_icons/40x/m_empty_page.svg	asset	binary or font asset, not executable logic
frontend/resources/flowy_icons/40x/m_empty_trash.svg	asset	binary or font asset, not executable logic
frontend/resources/flowy_icons/40x/m_github_icon.svg	asset	binary or font asset, not executable logic
frontend/resources/flowy_icons/40x/m_google_icon.svg	asset	binary or font asset, not executable logic
frontend/resources/translations/am-ET.json	unreviewed	production-relevant until a pass-3 reviewer records it
frontend/resources/translations/ar-SA.json	unreviewed	production-relevant until a pass-3 reviewer records it
frontend/resources/translations/ca-ES.json	unreviewed	production-relevant until a pass-3 reviewer records it
frontend/resources/translations/ckb-KU.json	unreviewed	production-relevant until a pass-3 reviewer records it
frontend/resources/translations/cs-CZ.json	unreviewed	production-relevant until a pass-3 reviewer records it
frontend/resources/translations/de-DE.json	unreviewed	production-relevant until a pass-3 reviewer records it
frontend/resources/translations/el-GR.json	unreviewed	production-relevant until a pass-3 reviewer records it
frontend/resources/translations/en-GB.json	unreviewed	production-relevant until a pass-3 reviewer records it
frontend/resources/translations/en-US.json	unreviewed	production-relevant until a pass-3 reviewer records it
frontend/resources/translations/es-VE.json	unreviewed	production-relevant until a pass-3 reviewer records it
frontend/resources/translations/eu-ES.json	unreviewed	production-relevant until a pass-3 reviewer records it
frontend/resources/translations/fa.json	unreviewed	production-relevant until a pass-3 reviewer records it
frontend/resources/translations/fr-CA.json	unreviewed	production-relevant until a pass-3 reviewer records it
frontend/resources/translations/fr-FR.json	unreviewed	production-relevant until a pass-3 reviewer records it
frontend/resources/translations/ga-IE.json	unreviewed	production-relevant until a pass-3 reviewer records it
frontend/resources/translations/he.json	unreviewed	production-relevant until a pass-3 reviewer records it
frontend/resources/translations/hin.json	unreviewed	production-relevant until a pass-3 reviewer records it
frontend/resources/translations/hu-HU.json	unreviewed	production-relevant until a pass-3 reviewer records it
frontend/resources/translations/id-ID.json	unreviewed	production-relevant until a pass-3 reviewer records it
frontend/resources/translations/it-IT.json	unreviewed	production-relevant until a pass-3 reviewer records it
frontend/resources/translations/ja-JP.json	unreviewed	production-relevant until a pass-3 reviewer records it
frontend/resources/translations/ko-KR.json	unreviewed	production-relevant until a pass-3 reviewer records it
frontend/resources/translations/mr-IN.json	unreviewed	production-relevant until a pass-3 reviewer records it
frontend/resources/translations/pl-PL.json	unreviewed	production-relevant until a pass-3 reviewer records it
frontend/resources/translations/pt-BR.json	unreviewed	production-relevant until a pass-3 reviewer records it
frontend/resources/translations/pt-PT.json	unreviewed	production-relevant until a pass-3 reviewer records it
frontend/resources/translations/ru-RU.json	unreviewed	production-relevant until a pass-3 reviewer records it
frontend/resources/translations/sv-SE.json	unreviewed	production-relevant until a pass-3 reviewer records it
frontend/resources/translations/th-TH.json	unreviewed	production-relevant until a pass-3 reviewer records it
frontend/resources/translations/tr-TR.json	unreviewed	production-relevant until a pass-3 reviewer records it
frontend/resources/translations/uk-UA.json	unreviewed	production-relevant until a pass-3 reviewer records it
frontend/resources/translations/ur.json	unreviewed	production-relevant until a pass-3 reviewer records it
frontend/resources/translations/vi-VN.json	unreviewed	production-relevant until a pass-3 reviewer records it
frontend/resources/translations/vi.json	unreviewed	production-relevant until a pass-3 reviewer records it
frontend/resources/translations/zh-CN.json	unreviewed	production-relevant until a pass-3 reviewer records it
frontend/resources/translations/zh-TW.json	unreviewed	production-relevant until a pass-3 reviewer records it
frontend/rust-lib/.cargo/config.toml	unreviewed	production-relevant until a pass-3 reviewer records it
frontend/rust-lib/.gitignore	unreviewed	production-relevant until a pass-3 reviewer records it
frontend/rust-lib/.vscode/launch.json	unreviewed	production-relevant until a pass-3 reviewer records it
frontend/rust-lib/Cargo.lock	generated	lockfile
frontend/rust-lib/Cargo.toml	unreviewed	production-relevant until a pass-3 reviewer records it
frontend/rust-lib/build-tool/flowy-ast/Cargo.toml	unreviewed	production-relevant until a pass-3 reviewer records it
frontend/rust-lib/build-tool/flowy-ast/src/ast.rs	unreviewed	production-relevant until a pass-3 reviewer records it
frontend/rust-lib/build-tool/flowy-ast/src/ctxt.rs	unreviewed	production-relevant until a pass-3 reviewer records it
frontend/rust-lib/build-tool/flowy-ast/src/event_attrs.rs	unreviewed	production-relevant until a pass-3 reviewer records it
frontend/rust-lib/build-tool/flowy-ast/src/lib.rs	unreviewed	production-relevant until a pass-3 reviewer records it
frontend/rust-lib/build-tool/flowy-ast/src/node_attrs.rs	unreviewed	production-relevant until a pass-3 reviewer records it
frontend/rust-lib/build-tool/flowy-ast/src/pb_attrs.rs	unreviewed	production-relevant until a pass-3 reviewer records it
frontend/rust-lib/build-tool/flowy-ast/src/symbol.rs	unreviewed	production-relevant until a pass-3 reviewer records it
frontend/rust-lib/build-tool/flowy-ast/src/ty_ext.rs	unreviewed	production-relevant until a pass-3 reviewer records it
frontend/rust-lib/build-tool/flowy-codegen/Cargo.toml	unreviewed	production-relevant until a pass-3 reviewer records it
frontend/rust-lib/build-tool/flowy-codegen/src/ast.rs	unreviewed	production-relevant until a pass-3 reviewer records it
frontend/rust-lib/build-tool/flowy-codegen/src/dart_event/dart_event.rs	unreviewed	production-relevant until a pass-3 reviewer records it
frontend/rust-lib/build-tool/flowy-codegen/src/dart_event/event_template.rs	unreviewed	production-relevant until a pass-3 reviewer records it
frontend/rust-lib/build-tool/flowy-codegen/src/dart_event/event_template.tera	unreviewed	production-relevant until a pass-3 reviewer records it
frontend/rust-lib/build-tool/flowy-codegen/src/dart_event/mod.rs	unreviewed	production-relevant until a pass-3 reviewer records it
frontend/rust-lib/build-tool/flowy-codegen/src/flowy_toml.rs	unreviewed	production-relevant until a pass-3 reviewer records it
frontend/rust-lib/build-tool/flowy-codegen/src/lib.rs	unreviewed	production-relevant until a pass-3 reviewer records it
frontend/rust-lib/build-tool/flowy-codegen/src/protobuf_file/ast.rs	unreviewed	production-relevant until a pass-3 reviewer records it
frontend/rust-lib/build-tool/flowy-codegen/src/protobuf_file/mod.rs	unreviewed	production-relevant until a pass-3 reviewer records it
frontend/rust-lib/build-tool/flowy-codegen/src/protobuf_file/proto_gen.rs	unreviewed	production-relevant until a pass-3 reviewer records it
frontend/rust-lib/build-tool/flowy-codegen/src/protobuf_file/proto_info.rs	unreviewed	production-relevant until a pass-3 reviewer records it
frontend/rust-lib/build-tool/flowy-codegen/src/protobuf_file/template/derive_meta/derive_meta.rs	unreviewed	production-relevant until a pass-3 reviewer records it
frontend/rust-lib/build-tool/flowy-codegen/src/protobuf_file/template/derive_meta/derive_meta.tera	unreviewed	production-relevant until a pass-3 reviewer records it
frontend/rust-lib/build-tool/flowy-codegen/src/protobuf_file/template/derive_meta/mod.rs	unreviewed	production-relevant until a pass-3 reviewer records it
frontend/rust-lib/build-tool/flowy-codegen/src/protobuf_file/template/mod.rs	unreviewed	production-relevant until a pass-3 reviewer records it
frontend/rust-lib/build-tool/flowy-codegen/src/protobuf_file/template/proto_file/enum.tera	unreviewed	production-relevant until a pass-3 reviewer records it
frontend/rust-lib/build-tool/flowy-codegen/src/protobuf_file/template/proto_file/enum_template.rs	unreviewed	production-relevant until a pass-3 reviewer records it
frontend/rust-lib/build-tool/flowy-codegen/src/protobuf_file/template/proto_file/mod.rs	unreviewed	production-relevant until a pass-3 reviewer records it
frontend/rust-lib/build-tool/flowy-codegen/src/protobuf_file/template/proto_file/struct.tera	unreviewed	production-relevant until a pass-3 reviewer records it
frontend/rust-lib/build-tool/flowy-codegen/src/protobuf_file/template/proto_file/struct_template.rs	unreviewed	production-relevant until a pass-3 reviewer records it
frontend/rust-lib/build-tool/flowy-codegen/src/ts_event/event_template.rs	unreviewed	production-relevant until a pass-3 reviewer records it
frontend/rust-lib/build-tool/flowy-codegen/src/ts_event/event_template.tera	unreviewed	production-relevant until a pass-3 reviewer records it
frontend/rust-lib/build-tool/flowy-codegen/src/ts_event/mod.rs	unreviewed	production-relevant until a pass-3 reviewer records it
frontend/rust-lib/build-tool/flowy-codegen/src/util.rs	unreviewed	production-relevant until a pass-3 reviewer records it
frontend/rust-lib/build-tool/flowy-derive/.gitignore	unreviewed	production-relevant until a pass-3 reviewer records it
frontend/rust-lib/build-tool/flowy-derive/Cargo.toml	unreviewed	production-relevant until a pass-3 reviewer records it
frontend/rust-lib/build-tool/flowy-derive/src/dart_event/mod.rs	unreviewed	production-relevant until a pass-3 reviewer records it
frontend/rust-lib/build-tool/flowy-derive/src/lib.rs	unreviewed	production-relevant until a pass-3 reviewer records it
frontend/rust-lib/build-tool/flowy-derive/src/node/mod.rs	unreviewed	production-relevant until a pass-3 reviewer records it
frontend/rust-lib/build-tool/flowy-derive/src/proto_buf/deserialize.rs	unreviewed	production-relevant until a pass-3 reviewer records it
frontend/rust-lib/build-tool/flowy-derive/src/proto_buf/enum_serde.rs	unreviewed	production-relevant until a pass-3 reviewer records it
frontend/rust-lib/build-tool/flowy-derive/src/proto_buf/mod.rs	unreviewed	production-relevant until a pass-3 reviewer records it
frontend/rust-lib/build-tool/flowy-derive/src/proto_buf/serialize.rs	unreviewed	production-relevant until a pass-3 reviewer records it
frontend/rust-lib/build-tool/flowy-derive/src/proto_buf/util.rs	unreviewed	production-relevant until a pass-3 reviewer records it
frontend/rust-lib/collab-integrate/Cargo.toml	unreviewed	production-relevant until a pass-3 reviewer records it
frontend/rust-lib/collab-integrate/src/collab_builder.rs	unreviewed	production-relevant until a pass-3 reviewer records it
frontend/rust-lib/collab-integrate/src/config.rs	unreviewed	production-relevant until a pass-3 reviewer records it
frontend/rust-lib/collab-integrate/src/instant_indexed_data_provider.rs	unreviewed	production-relevant until a pass-3 reviewer records it
frontend/rust-lib/collab-integrate/src/lib.rs	unreviewed	production-relevant until a pass-3 reviewer records it
frontend/rust-lib/collab-integrate/src/plugin_provider.rs	unreviewed	production-relevant until a pass-3 reviewer records it
frontend/rust-lib/covtest.rs	unreviewed	production-relevant until a pass-3 reviewer records it
frontend/rust-lib/dart-ffi/Cargo.toml	unreviewed	production-relevant until a pass-3 reviewer records it
frontend/rust-lib/dart-ffi/Flowy.toml	unreviewed	production-relevant until a pass-3 reviewer records it
frontend/rust-lib/dart-ffi/binding.h	unreviewed	production-relevant until a pass-3 reviewer records it
frontend/rust-lib/dart-ffi/build.rs	unreviewed	production-relevant until a pass-3 reviewer records it
frontend/rust-lib/dart-ffi/src/appflowy_yaml.rs	unreviewed	production-relevant until a pass-3 reviewer records it
frontend/rust-lib/dart-ffi/src/c.rs	unreviewed	production-relevant until a pass-3 reviewer records it
frontend/rust-lib/dart-ffi/src/env_serde.rs	unreviewed	production-relevant until a pass-3 reviewer records it
frontend/rust-lib/dart-ffi/src/lib.rs	unreviewed	production-relevant until a pass-3 reviewer records it
frontend/rust-lib/dart-ffi/src/model/ffi_request.rs	unreviewed	production-relevant until a pass-3 reviewer records it
frontend/rust-lib/dart-ffi/src/model/ffi_response.rs	unreviewed	production-relevant until a pass-3 reviewer records it
frontend/rust-lib/dart-ffi/src/model/mod.rs	unreviewed	production-relevant until a pass-3 reviewer records it
frontend/rust-lib/dart-ffi/src/notification/mod.rs	unreviewed	production-relevant until a pass-3 reviewer records it
frontend/rust-lib/dart-ffi/src/notification/sender.rs	unreviewed	production-relevant until a pass-3 reviewer records it
frontend/rust-lib/event-integration-test/Cargo.toml	unreviewed	production-relevant until a pass-3 reviewer records it
frontend/rust-lib/event-integration-test/src/chat_event.rs	unreviewed	production-relevant until a pass-3 reviewer records it
frontend/rust-lib/event-integration-test/src/database_event.rs	unreviewed	production-relevant until a pass-3 reviewer records it
frontend/rust-lib/event-integration-test/src/document/document_event.rs	unreviewed	production-relevant until a pass-3 reviewer records it
frontend/rust-lib/event-integration-test/src/document/mod.rs	unreviewed	production-relevant until a pass-3 reviewer records it
frontend/rust-lib/event-integration-test/src/document/utils.rs	unreviewed	production-relevant until a pass-3 reviewer records it
frontend/rust-lib/event-integration-test/src/document_event.rs	unreviewed	production-relevant until a pass-3 reviewer records it
frontend/rust-lib/event-integration-test/src/event_builder.rs	unreviewed	production-relevant until a pass-3 reviewer records it
frontend/rust-lib/event-integration-test/src/folder_event.rs	unreviewed	production-relevant until a pass-3 reviewer records it
frontend/rust-lib/event-integration-test/src/lib.rs	unreviewed	production-relevant until a pass-3 reviewer records it
frontend/rust-lib/event-integration-test/src/user_event.rs	unreviewed	production-relevant until a pass-3 reviewer records it
frontend/rust-lib/event-integration-test/tests/asset/037_local.zip	test-fixture	test or fixture path
frontend/rust-lib/event-integration-test/tests/asset/038_document_with_grid.zip	test-fixture	test or fixture path
frontend/rust-lib/event-integration-test/tests/asset/038_local.zip	test-fixture	test or fixture path
frontend/rust-lib/event-integration-test/tests/asset/039_local.zip	test-fixture	test or fixture path
frontend/rust-lib/event-integration-test/tests/asset/040_collab_backups.zip	test-fixture	test or fixture path
frontend/rust-lib/event-integration-test/tests/asset/040_local.zip	test-fixture	test or fixture path
frontend/rust-lib/event-integration-test/tests/asset/040_local_2.zip	test-fixture	test or fixture path
frontend/rust-lib/event-integration-test/tests/asset/040_sync_local_document.zip	test-fixture	test or fixture path
frontend/rust-lib/event-integration-test/tests/asset/064_database_publish.zip	test-fixture	test or fixture path
frontend/rust-lib/event-integration-test/tests/asset/089_local.zip	test-fixture	test or fixture path
frontend/rust-lib/event-integration-test/tests/asset/090_anon_search.zip	test-fixture	test or fixture path
frontend/rust-lib/event-integration-test/tests/asset/csv_10240r_15c.csv.zip	test-fixture	test or fixture path
frontend/rust-lib/event-integration-test/tests/asset/csv_492r_17c.csv.zip	test-fixture	test or fixture path
frontend/rust-lib/event-integration-test/tests/asset/data_ref_doc.zip	test-fixture	test or fixture path
frontend/rust-lib/event-integration-test/tests/asset/database_template_1.afdb	test-fixture	test or fixture path
frontend/rust-lib/event-integration-test/tests/asset/folder_1000_view.zip	test-fixture	test or fixture path
frontend/rust-lib/event-integration-test/tests/asset/japan_trip.md	test-fixture	test or fixture path
frontend/rust-lib/event-integration-test/tests/asset/logo.png	test-fixture	test or fixture path
frontend/rust-lib/event-integration-test/tests/asset/project.csv	test-fixture	test or fixture path
frontend/rust-lib/event-integration-test/tests/asset/publish_grid_primary.csv.zip	test-fixture	test or fixture path
frontend/rust-lib/event-integration-test/tests/asset/test.txt.zip	test-fixture	test or fixture path
frontend/rust-lib/event-integration-test/tests/chat/chat_message_test.rs	test-fixture	test or fixture path
frontend/rust-lib/event-integration-test/tests/chat/local_chat_test.rs	test-fixture	test or fixture path
frontend/rust-lib/event-integration-test/tests/chat/mod.rs	test-fixture	test or fixture path
frontend/rust-lib/event-integration-test/tests/database/af_cloud/mod.rs	test-fixture	test or fixture path
frontend/rust-lib/event-integration-test/tests/database/af_cloud/summarize_row_test.rs	test-fixture	test or fixture path
frontend/rust-lib/event-integration-test/tests/database/af_cloud/translate_row_test.rs	test-fixture	test or fixture path
frontend/rust-lib/event-integration-test/tests/database/af_cloud/util.rs	test-fixture	test or fixture path
frontend/rust-lib/event-integration-test/tests/database/local_test/calculate_test.rs	test-fixture	test or fixture path
frontend/rust-lib/event-integration-test/tests/database/local_test/event_test.rs	test-fixture	test or fixture path
frontend/rust-lib/event-integration-test/tests/database/local_test/group_test.rs	test-fixture	test or fixture path
frontend/rust-lib/event-integration-test/tests/database/local_test/mod.rs	test-fixture	test or fixture path
frontend/rust-lib/event-integration-test/tests/database/mod.rs	test-fixture	test or fixture path
frontend/rust-lib/event-integration-test/tests/document/af_cloud_test/edit_test.rs	test-fixture	test or fixture path
frontend/rust-lib/event-integration-test/tests/document/af_cloud_test/file_upload_test.rs	test-fixture	test or fixture path
frontend/rust-lib/event-integration-test/tests/document/af_cloud_test/mod.rs	test-fixture	test or fixture path
frontend/rust-lib/event-integration-test/tests/document/local_test/edit_test.rs	test-fixture	test or fixture path
frontend/rust-lib/event-integration-test/tests/document/local_test/mod.rs	test-fixture	test or fixture path
frontend/rust-lib/event-integration-test/tests/document/local_test/snapshot_test.rs	test-fixture	test or fixture path
frontend/rust-lib/event-integration-test/tests/document/mod.rs	test-fixture	test or fixture path
frontend/rust-lib/event-integration-test/tests/folder/local_test/folder_test.rs	test-fixture	test or fixture path
frontend/rust-lib/event-integration-test/tests/folder/local_test/import_test.rs	test-fixture	test or fixture path
frontend/rust-lib/event-integration-test/tests/folder/local_test/mod.rs	test-fixture	test or fixture path
frontend/rust-lib/event-integration-test/tests/folder/local_test/publish_database_test.rs	test-fixture	test or fixture path
frontend/rust-lib/event-integration-test/tests/folder/local_test/publish_document_test.rs	test-fixture	test or fixture path
frontend/rust-lib/event-integration-test/tests/folder/local_test/script.rs	test-fixture	test or fixture path
frontend/rust-lib/event-integration-test/tests/folder/local_test/subscription_test.rs	test-fixture	test or fixture path
frontend/rust-lib/event-integration-test/tests/folder/local_test/test.rs	test-fixture	test or fixture path
frontend/rust-lib/event-integration-test/tests/folder/mod.rs	test-fixture	test or fixture path
frontend/rust-lib/event-integration-test/tests/main.rs	test-fixture	test or fixture path
frontend/rust-lib/event-integration-test/tests/search/document_title_content_search.rs	test-fixture	test or fixture path
frontend/rust-lib/event-integration-test/tests/search/mod.rs	test-fixture	test or fixture path
frontend/rust-lib/event-integration-test/tests/sql_test/chat_message_ordering_test.rs	test-fixture	test or fixture path
frontend/rust-lib/event-integration-test/tests/sql_test/chat_message_test.rs	test-fixture	test or fixture path
frontend/rust-lib/event-integration-test/tests/sql_test/mod.rs	test-fixture	test or fixture path
frontend/rust-lib/event-integration-test/tests/user/af_cloud_test/auth_test.rs	test-fixture	test or fixture path
frontend/rust-lib/event-integration-test/tests/user/af_cloud_test/import_af_data_folder_test.rs	test-fixture	test or fixture path
frontend/rust-lib/event-integration-test/tests/user/af_cloud_test/member_test.rs	test-fixture	test or fixture path
frontend/rust-lib/event-integration-test/tests/user/af_cloud_test/mod.rs	test-fixture	test or fixture path
frontend/rust-lib/event-integration-test/tests/user/af_cloud_test/util.rs	test-fixture	test or fixture path
frontend/rust-lib/event-integration-test/tests/user/af_cloud_test/workspace_test.rs	test-fixture	test or fixture path
frontend/rust-lib/event-integration-test/tests/user/local_test/auth_test.rs	test-fixture	test or fixture path
frontend/rust-lib/event-integration-test/tests/user/local_test/helper.rs	test-fixture	test or fixture path
frontend/rust-lib/event-integration-test/tests/user/local_test/import_af_data_local_test.rs	test-fixture	test or fixture path
frontend/rust-lib/event-integration-test/tests/user/local_test/mod.rs	test-fixture	test or fixture path
frontend/rust-lib/event-integration-test/tests/user/local_test/user_awareness_test.rs	test-fixture	test or fixture path
frontend/rust-lib/event-integration-test/tests/user/local_test/user_profile_test.rs	test-fixture	test or fixture path
frontend/rust-lib/event-integration-test/tests/user/migration_test/document_test.rs	test-fixture	test or fixture path
frontend/rust-lib/event-integration-test/tests/user/migration_test/history_user_db/020_historical_user_data.zip	test-fixture	test or fixture path
frontend/rust-lib/event-integration-test/tests/user/migration_test/history_user_db/036_fav_v1_workspace_array.zip	test-fixture	test or fixture path
frontend/rust-lib/event-integration-test/tests/user/migration_test/history_user_db/038_collab_db_corrupt_restore.zip	test-fixture	test or fixture path
frontend/rust-lib/event-integration-test/tests/user/migration_test/history_user_db/README.md	test-fixture	test or fixture path
frontend/rust-lib/event-integration-test/tests/user/migration_test/history_user_db/historical_empty_document.zip	test-fixture	test or fixture path
frontend/rust-lib/event-integration-test/tests/user/migration_test/mod.rs	test-fixture	test or fixture path
frontend/rust-lib/event-integration-test/tests/user/migration_test/version_test.rs	test-fixture	test or fixture path
frontend/rust-lib/event-integration-test/tests/user/mod.rs	test-fixture	test or fixture path
frontend/rust-lib/event-integration-test/tests/util.rs	test-fixture	test or fixture path
frontend/rust-lib/flowy-ai-pub/Cargo.toml	unreviewed	production-relevant until a pass-3 reviewer records it
frontend/rust-lib/flowy-ai-pub/src/cloud.rs	unreviewed	production-relevant until a pass-3 reviewer records it
frontend/rust-lib/flowy-ai-pub/src/entities.rs	unreviewed	production-relevant until a pass-3 reviewer records it
frontend/rust-lib/flowy-ai-pub/src/lib.rs	unreviewed	production-relevant until a pass-3 reviewer records it
frontend/rust-lib/flowy-ai-pub/src/persistence/chat_message_sql.rs	unreviewed	production-relevant until a pass-3 reviewer records it
frontend/rust-lib/flowy-ai-pub/src/persistence/chat_sql.rs	unreviewed	production-relevant until a pass-3 reviewer records it
frontend/rust-lib/flowy-ai-pub/src/persistence/collab_metadata_sql.rs	unreviewed	production-relevant until a pass-3 reviewer records it
frontend/rust-lib/flowy-ai-pub/src/persistence/collab_sql.rs	unreviewed	production-relevant until a pass-3 reviewer records it
frontend/rust-lib/flowy-ai-pub/src/persistence/local_model_sql.rs	unreviewed	production-relevant until a pass-3 reviewer records it
frontend/rust-lib/flowy-ai-pub/src/persistence/mod.rs	unreviewed	production-relevant until a pass-3 reviewer records it
frontend/rust-lib/flowy-ai-pub/src/user_service.rs	unreviewed	production-relevant until a pass-3 reviewer records it
frontend/rust-lib/flowy-ai/Cargo.toml	unreviewed	production-relevant until a pass-3 reviewer records it
frontend/rust-lib/flowy-ai/Flowy.toml	unreviewed	production-relevant until a pass-3 reviewer records it
frontend/rust-lib/flowy-ai/build.rs	unreviewed	production-relevant until a pass-3 reviewer records it
frontend/rust-lib/flowy-ai/dev.env	unreviewed	production-relevant until a pass-3 reviewer records it
frontend/rust-lib/flowy-ai/src/ai_manager.rs	unreviewed	production-relevant until a pass-3 reviewer records it
frontend/rust-lib/flowy-ai/src/ai_tool/markdown.rs	unreviewed	production-relevant until a pass-3 reviewer records it
frontend/rust-lib/flowy-ai/src/ai_tool/mod.rs	unreviewed	production-relevant until a pass-3 reviewer records it
frontend/rust-lib/flowy-ai/src/ai_tool/pdf.rs	unreviewed	production-relevant until a pass-3 reviewer records it
frontend/rust-lib/flowy-ai/src/chat.rs	unreviewed	production-relevant until a pass-3 reviewer records it
frontend/rust-lib/flowy-ai/src/completion.rs	unreviewed	production-relevant until a pass-3 reviewer records it
frontend/rust-lib/flowy-ai/src/embeddings/context.rs	unreviewed	production-relevant until a pass-3 reviewer records it
frontend/rust-lib/flowy-ai/src/embeddings/document_indexer.rs	unreviewed	production-relevant until a pass-3 reviewer records it
frontend/rust-lib/flowy-ai/src/embeddings/embedder.rs	unreviewed	production-relevant until a pass-3 reviewer records it
frontend/rust-lib/flowy-ai/src/embeddings/indexer.rs	unreviewed	production-relevant until a pass-3 reviewer records it
frontend/rust-lib/flowy-ai/src/embeddings/mod.rs	unreviewed	production-relevant until a pass-3 reviewer records it
frontend/rust-lib/flowy-ai/src/embeddings/scheduler.rs	unreviewed	production-relevant until a pass-3 reviewer records it
frontend/rust-lib/flowy-ai/src/embeddings/store.rs	unreviewed	production-relevant until a pass-3 reviewer records it
frontend/rust-lib/flowy-ai/src/entities.rs	unreviewed	production-relevant until a pass-3 reviewer records it
frontend/rust-lib/flowy-ai/src/event_handler.rs	unreviewed	production-relevant until a pass-3 reviewer records it
frontend/rust-lib/flowy-ai/src/event_map.rs	unreviewed	production-relevant until a pass-3 reviewer records it
frontend/rust-lib/flowy-ai/src/lib.rs	unreviewed	production-relevant until a pass-3 reviewer records it
frontend/rust-lib/flowy-ai/src/local_ai/chat/chains/context_question_chain.rs	unreviewed	production-relevant until a pass-3 reviewer records it
frontend/rust-lib/flowy-ai/src/local_ai/chat/chains/conversation_chain.rs	unreviewed	production-relevant until a pass-3 reviewer records it
frontend/rust-lib/flowy-ai/src/local_ai/chat/chains/mod.rs	unreviewed	production-relevant until a pass-3 reviewer records it
frontend/rust-lib/flowy-ai/src/local_ai/chat/chains/related_question_chain.rs	unreviewed	production-relevant until a pass-3 reviewer records it
frontend/rust-lib/flowy-ai/src/local_ai/chat/format_prompt.rs	unreviewed	production-relevant until a pass-3 reviewer records it
frontend/rust-lib/flowy-ai/src/local_ai/chat/llm.rs	unreviewed	production-relevant until a pass-3 reviewer records it
frontend/rust-lib/flowy-ai/src/local_ai/chat/llm_chat.rs	unreviewed	production-relevant until a pass-3 reviewer records it
frontend/rust-lib/flowy-ai/src/local_ai/chat/mod.rs	unreviewed	production-relevant until a pass-3 reviewer records it
frontend/rust-lib/flowy-ai/src/local_ai/chat/retriever/mod.rs	unreviewed	production-relevant until a pass-3 reviewer records it
frontend/rust-lib/flowy-ai/src/local_ai/chat/retriever/multi_source_retriever.rs	unreviewed	production-relevant until a pass-3 reviewer records it
frontend/rust-lib/flowy-ai/src/local_ai/chat/retriever/sqlite_retriever.rs	unreviewed	production-relevant until a pass-3 reviewer records it
frontend/rust-lib/flowy-ai/src/local_ai/chat/summary_memory.rs	unreviewed	production-relevant until a pass-3 reviewer records it
frontend/rust-lib/flowy-ai/src/local_ai/completion/chain.rs	unreviewed	production-relevant until a pass-3 reviewer records it
frontend/rust-lib/flowy-ai/src/local_ai/completion/impls.rs	unreviewed	production-relevant until a pass-3 reviewer records it
frontend/rust-lib/flowy-ai/src/local_ai/completion/mod.rs	unreviewed	production-relevant until a pass-3 reviewer records it
frontend/rust-lib/flowy-ai/src/local_ai/completion/stream_interpreter.rs	unreviewed	production-relevant until a pass-3 reviewer records it
frontend/rust-lib/flowy-ai/src/local_ai/completion/writer.rs	unreviewed	production-relevant until a pass-3 reviewer records it
frontend/rust-lib/flowy-ai/src/local_ai/controller.rs	unreviewed	production-relevant until a pass-3 reviewer records it
frontend/rust-lib/flowy-ai/src/local_ai/database/mod.rs	unreviewed	production-relevant until a pass-3 reviewer records it
frontend/rust-lib/flowy-ai/src/local_ai/database/summary.rs	unreviewed	production-relevant until a pass-3 reviewer records it
frontend/rust-lib/flowy-ai/src/local_ai/database/translate.rs	unreviewed	production-relevant until a pass-3 reviewer records it
frontend/rust-lib/flowy-ai/src/local_ai/mod.rs	unreviewed	production-relevant until a pass-3 reviewer records it
frontend/rust-lib/flowy-ai/src/local_ai/prompt/mod.rs	unreviewed	production-relevant until a pass-3 reviewer records it
frontend/rust-lib/flowy-ai/src/local_ai/request.rs	unreviewed	production-relevant until a pass-3 reviewer records it
frontend/rust-lib/flowy-ai/src/local_ai/resource.rs	unreviewed	production-relevant until a pass-3 reviewer records it
frontend/rust-lib/flowy-ai/src/local_ai/stream_util.rs	unreviewed	production-relevant until a pass-3 reviewer records it
frontend/rust-lib/flowy-ai/src/mcp/manager.rs	unreviewed	production-relevant until a pass-3 reviewer records it
frontend/rust-lib/flowy-ai/src/mcp/mod.rs	unreviewed	production-relevant until a pass-3 reviewer records it
frontend/rust-lib/flowy-ai/src/middleware/chat_service_mw.rs	unreviewed	production-relevant until a pass-3 reviewer records it
frontend/rust-lib/flowy-ai/src/middleware/mod.rs	unreviewed	production-relevant until a pass-3 reviewer records it
frontend/rust-lib/flowy-ai/src/model_select.rs	unreviewed	production-relevant until a pass-3 reviewer records it
frontend/rust-lib/flowy-ai/src/model_select_test.rs	unreviewed	production-relevant until a pass-3 reviewer records it
frontend/rust-lib/flowy-ai/src/notification.rs	unreviewed	production-relevant until a pass-3 reviewer records it
frontend/rust-lib/flowy-ai/src/offline/mod.rs	unreviewed	production-relevant until a pass-3 reviewer records it
frontend/rust-lib/flowy-ai/src/offline/offline_message_sync.rs	unreviewed	production-relevant until a pass-3 reviewer records it
frontend/rust-lib/flowy-ai/src/search/mod.rs	unreviewed	production-relevant until a pass-3 reviewer records it
frontend/rust-lib/flowy-ai/src/search/summary.rs	unreviewed	production-relevant until a pass-3 reviewer records it
frontend/rust-lib/flowy-ai/src/stream_message.rs	unreviewed	production-relevant until a pass-3 reviewer records it
frontend/rust-lib/flowy-ai/tests/asset/japan_trip.md	test-fixture	test or fixture path
frontend/rust-lib/flowy-ai/tests/chat_test/mod.rs	test-fixture	test or fixture path
frontend/rust-lib/flowy-ai/tests/chat_test/qa_test.rs	test-fixture	test or fixture path
frontend/rust-lib/flowy-ai/tests/chat_test/related_question_test.rs	test-fixture	test or fixture path
frontend/rust-lib/flowy-ai/tests/complete_test/mod.rs	test-fixture	test or fixture path
frontend/rust-lib/flowy-ai/tests/main.rs	test-fixture	test or fixture path
frontend/rust-lib/flowy-ai/tests/summary_test/mod.rs	test-fixture	test or fixture path
frontend/rust-lib/flowy-ai/tests/translate_test/mod.rs	test-fixture	test or fixture path
frontend/rust-lib/flowy-core/.gitignore	unreviewed	production-relevant until a pass-3 reviewer records it
frontend/rust-lib/flowy-core/Cargo.toml	unreviewed	production-relevant until a pass-3 reviewer records it
frontend/rust-lib/flowy-core/assets/read_me.json	unreviewed	production-relevant until a pass-3 reviewer records it
frontend/rust-lib/flowy-core/src/app_life_cycle.rs	unreviewed	production-relevant until a pass-3 reviewer records it
frontend/rust-lib/flowy-core/src/config.rs	unreviewed	production-relevant until a pass-3 reviewer records it
frontend/rust-lib/flowy-core/src/deps_resolve/chat_deps.rs	unreviewed	production-relevant until a pass-3 reviewer records it
frontend/rust-lib/flowy-core/src/deps_resolve/cloud_service_impl.rs	unreviewed	production-relevant until a pass-3 reviewer records it
frontend/rust-lib/flowy-core/src/deps_resolve/collab_deps.rs	unreviewed	production-relevant until a pass-3 reviewer records it
frontend/rust-lib/flowy-core/src/deps_resolve/database_deps.rs	unreviewed	production-relevant until a pass-3 reviewer records it
frontend/rust-lib/flowy-core/src/deps_resolve/document_deps.rs	unreviewed	production-relevant until a pass-3 reviewer records it
frontend/rust-lib/flowy-core/src/deps_resolve/file_storage_deps.rs	unreviewed	production-relevant until a pass-3 reviewer records it
frontend/rust-lib/flowy-core/src/deps_resolve/folder_deps/folder_deps_chat_impl.rs	unreviewed	production-relevant until a pass-3 reviewer records it
frontend/rust-lib/flowy-core/src/deps_resolve/folder_deps/folder_deps_database_impl.rs	unreviewed	production-relevant until a pass-3 reviewer records it
frontend/rust-lib/flowy-core/src/deps_resolve/folder_deps/folder_deps_doc_impl.rs	unreviewed	production-relevant until a pass-3 reviewer records it
frontend/rust-lib/flowy-core/src/deps_resolve/folder_deps/mod.rs	unreviewed	production-relevant until a pass-3 reviewer records it
frontend/rust-lib/flowy-core/src/deps_resolve/mod.rs	unreviewed	production-relevant until a pass-3 reviewer records it
frontend/rust-lib/flowy-core/src/deps_resolve/reminder_deps.rs	unreviewed	production-relevant until a pass-3 reviewer records it
frontend/rust-lib/flowy-core/src/deps_resolve/search_deps.rs	unreviewed	production-relevant until a pass-3 reviewer records it
frontend/rust-lib/flowy-core/src/deps_resolve/user_deps.rs	unreviewed	production-relevant until a pass-3 reviewer records it
frontend/rust-lib/flowy-core/src/folder_view_observer.rs	unreviewed	production-relevant until a pass-3 reviewer records it
frontend/rust-lib/flowy-core/src/full_indexed_data_provider.rs	unreviewed	production-relevant until a pass-3 reviewer records it
frontend/rust-lib/flowy-core/src/indexed_data_consumer.rs	unreviewed	production-relevant until a pass-3 reviewer records it
frontend/rust-lib/flowy-core/src/indexing_data_runner.rs	unreviewed	production-relevant until a pass-3 reviewer records it
frontend/rust-lib/flowy-core/src/lib.rs	unreviewed	production-relevant until a pass-3 reviewer records it
frontend/rust-lib/flowy-core/src/log_filter.rs	unreviewed	production-relevant until a pass-3 reviewer records it
frontend/rust-lib/flowy-core/src/module.rs	unreviewed	production-relevant until a pass-3 reviewer records it
frontend/rust-lib/flowy-core/src/server_layer.rs	unreviewed	production-relevant until a pass-3 reviewer records it
frontend/rust-lib/flowy-database-pub/Cargo.toml	unreviewed	production-relevant until a pass-3 reviewer records it
frontend/rust-lib/flowy-database-pub/src/cloud.rs	unreviewed	production-relevant until a pass-3 reviewer records it
frontend/rust-lib/flowy-database-pub/src/lib.rs	unreviewed	production-relevant until a pass-3 reviewer records it
frontend/rust-lib/flowy-database2/Cargo.toml	unreviewed	production-relevant until a pass-3 reviewer records it
frontend/rust-lib/flowy-database2/Flowy.toml	unreviewed	production-relevant until a pass-3 reviewer records it
frontend/rust-lib/flowy-database2/build.rs	unreviewed	production-relevant until a pass-3 reviewer records it
frontend/rust-lib/flowy-database2/src/entities/board_entities.rs	unreviewed	production-relevant until a pass-3 reviewer records it
frontend/rust-lib/flowy-database2/src/entities/calculation/calculation_changeset.rs	unreviewed	production-relevant until a pass-3 reviewer records it
frontend/rust-lib/flowy-database2/src/entities/calculation/calculation_entities.rs	unreviewed	production-relevant until a pass-3 reviewer records it
frontend/rust-lib/flowy-database2/src/entities/calculation/mod.rs	unreviewed	production-relevant until a pass-3 reviewer records it
frontend/rust-lib/flowy-database2/src/entities/calendar_entities.rs	unreviewed	production-relevant until a pass-3 reviewer records it
frontend/rust-lib/flowy-database2/src/entities/cell_entities.rs	unreviewed	production-relevant until a pass-3 reviewer records it
frontend/rust-lib/flowy-database2/src/entities/database_entities.rs	unreviewed	production-relevant until a pass-3 reviewer records it
frontend/rust-lib/flowy-database2/src/entities/field_entities.rs	unreviewed	production-relevant until a pass-3 reviewer records it
frontend/rust-lib/flowy-database2/src/entities/field_settings_entities.rs	unreviewed	production-relevant until a pass-3 reviewer records it
frontend/rust-lib/flowy-database2/src/entities/file_entities.rs	unreviewed	production-relevant until a pass-3 reviewer records it
frontend/rust-lib/flowy-database2/src/entities/filter_entities/checkbox_filter.rs	unreviewed	production-relevant until a pass-3 reviewer records it
frontend/rust-lib/flowy-database2/src/entities/filter_entities/checklist_filter.rs	unreviewed	production-relevant until a pass-3 reviewer records it
frontend/rust-lib/flowy-database2/src/entities/filter_entities/date_filter.rs	unreviewed	production-relevant until a pass-3 reviewer records it
frontend/rust-lib/flowy-database2/src/entities/filter_entities/filter_changeset.rs	unreviewed	production-relevant until a pass-3 reviewer records it
frontend/rust-lib/flowy-database2/src/entities/filter_entities/media_filter.rs	unreviewed	production-relevant until a pass-3 reviewer records it
frontend/rust-lib/flowy-database2/src/entities/filter_entities/mod.rs	unreviewed	production-relevant until a pass-3 reviewer records it
frontend/rust-lib/flowy-database2/src/entities/filter_entities/number_filter.rs	unreviewed	production-relevant until a pass-3 reviewer records it
frontend/rust-lib/flowy-database2/src/entities/filter_entities/relation_filter.rs	unreviewed	production-relevant until a pass-3 reviewer records it
frontend/rust-lib/flowy-database2/src/entities/filter_entities/select_option_filter.rs	unreviewed	production-relevant until a pass-3 reviewer records it
frontend/rust-lib/flowy-database2/src/entities/filter_entities/text_filter.rs	unreviewed	production-relevant until a pass-3 reviewer records it
frontend/rust-lib/flowy-database2/src/entities/filter_entities/time_filter.rs	unreviewed	production-relevant until a pass-3 reviewer records it
frontend/rust-lib/flowy-database2/src/entities/filter_entities/util.rs	unreviewed	production-relevant until a pass-3 reviewer records it
frontend/rust-lib/flowy-database2/src/entities/group_entities/configuration.rs	unreviewed	production-relevant until a pass-3 reviewer records it
frontend/rust-lib/flowy-database2/src/entities/group_entities/group.rs	unreviewed	production-relevant until a pass-3 reviewer records it
frontend/rust-lib/flowy-database2/src/entities/group_entities/group_changeset.rs	unreviewed	production-relevant until a pass-3 reviewer records it
frontend/rust-lib/flowy-database2/src/entities/group_entities/mod.rs	unreviewed	production-relevant until a pass-3 reviewer records it
frontend/rust-lib/flowy-database2/src/entities/macros.rs	unreviewed	production-relevant until a pass-3 reviewer records it
frontend/rust-lib/flowy-database2/src/entities/mod.rs	unreviewed	production-relevant until a pass-3 reviewer records it
frontend/rust-lib/flowy-database2/src/entities/parser.rs	unreviewed	production-relevant until a pass-3 reviewer records it
frontend/rust-lib/flowy-database2/src/entities/position_entities.rs	unreviewed	production-relevant until a pass-3 reviewer records it
frontend/rust-lib/flowy-database2/src/entities/row_entities.rs	unreviewed	production-relevant until a pass-3 reviewer records it
frontend/rust-lib/flowy-database2/src/entities/setting_entities.rs	unreviewed	production-relevant until a pass-3 reviewer records it
frontend/rust-lib/flowy-database2/src/entities/share_entities.rs	unreviewed	production-relevant until a pass-3 reviewer records it
frontend/rust-lib/flowy-database2/src/entities/sort_entities.rs	unreviewed	production-relevant until a pass-3 reviewer records it
frontend/rust-lib/flowy-database2/src/entities/type_option_entities/checkbox_entities.rs	unreviewed	production-relevant until a pass-3 reviewer records it
frontend/rust-lib/flowy-database2/src/entities/type_option_entities/checklist_entities.rs	unreviewed	production-relevant until a pass-3 reviewer records it
frontend/rust-lib/flowy-database2/src/entities/type_option_entities/date_entities.rs	unreviewed	production-relevant until a pass-3 reviewer records it
frontend/rust-lib/flowy-database2/src/entities/type_option_entities/media_entities.rs	unreviewed	production-relevant until a pass-3 reviewer records it
frontend/rust-lib/flowy-database2/src/entities/type_option_entities/mod.rs	unreviewed	production-relevant until a pass-3 reviewer records it
frontend/rust-lib/flowy-database2/src/entities/type_option_entities/number_entities.rs	unreviewed	production-relevant until a pass-3 reviewer records it
frontend/rust-lib/flowy-database2/src/entities/type_option_entities/relation_entities.rs	unreviewed	production-relevant until a pass-3 reviewer records it
frontend/rust-lib/flowy-database2/src/entities/type_option_entities/select_option_entities.rs	unreviewed	production-relevant until a pass-3 reviewer records it
frontend/rust-lib/flowy-database2/src/entities/type_option_entities/summary_entities.rs	unreviewed	production-relevant until a pass-3 reviewer records it
frontend/rust-lib/flowy-database2/src/entities/type_option_entities/text_entities.rs	unreviewed	production-relevant until a pass-3 reviewer records it
frontend/rust-lib/flowy-database2/src/entities/type_option_entities/time_entities.rs	unreviewed	production-relevant until a pass-3 reviewer records it
frontend/rust-lib/flowy-database2/src/entities/type_option_entities/timestamp_entities.rs	unreviewed	production-relevant until a pass-3 reviewer records it
frontend/rust-lib/flowy-database2/src/entities/type_option_entities/translate_entities.rs	unreviewed	production-relevant until a pass-3 reviewer records it
frontend/rust-lib/flowy-database2/src/entities/type_option_entities/url_entities.rs	unreviewed	production-relevant until a pass-3 reviewer records it
frontend/rust-lib/flowy-database2/src/entities/view_entities.rs	unreviewed	production-relevant until a pass-3 reviewer records it
frontend/rust-lib/flowy-database2/src/event_handler.rs	unreviewed	production-relevant until a pass-3 reviewer records it
frontend/rust-lib/flowy-database2/src/event_map.rs	unreviewed	production-relevant until a pass-3 reviewer records it
frontend/rust-lib/flowy-database2/src/lib.rs	unreviewed	production-relevant until a pass-3 reviewer records it
frontend/rust-lib/flowy-database2/src/manager.rs	unreviewed	production-relevant until a pass-3 reviewer records it
frontend/rust-lib/flowy-database2/src/notification.rs	unreviewed	production-relevant until a pass-3 reviewer records it
frontend/rust-lib/flowy-database2/src/services/calculations/cache.rs	unreviewed	production-relevant until a pass-3 reviewer records it
frontend/rust-lib/flowy-database2/src/services/calculations/controller.rs	unreviewed	production-relevant until a pass-3 reviewer records it
frontend/rust-lib/flowy-database2/src/services/calculations/entities.rs	unreviewed	production-relevant until a pass-3 reviewer records it
frontend/rust-lib/flowy-database2/src/services/calculations/mod.rs	unreviewed	production-relevant until a pass-3 reviewer records it
frontend/rust-lib/flowy-database2/src/services/calculations/service.rs	unreviewed	production-relevant until a pass-3 reviewer records it
frontend/rust-lib/flowy-database2/src/services/calculations/task.rs	unreviewed	production-relevant until a pass-3 reviewer records it
frontend/rust-lib/flowy-database2/src/services/cell/cell_data_cache.rs	unreviewed	production-relevant until a pass-3 reviewer records it
frontend/rust-lib/flowy-database2/src/services/cell/cell_operation.rs	unreviewed	production-relevant until a pass-3 reviewer records it
frontend/rust-lib/flowy-database2/src/services/cell/mod.rs	unreviewed	production-relevant until a pass-3 reviewer records it
frontend/rust-lib/flowy-database2/src/services/cell/type_cell_data.rs	unreviewed	production-relevant until a pass-3 reviewer records it
frontend/rust-lib/flowy-database2/src/services/database/database_editor.rs	unreviewed	production-relevant until a pass-3 reviewer records it
frontend/rust-lib/flowy-database2/src/services/database/database_observe.rs	unreviewed	production-relevant until a pass-3 reviewer records it
frontend/rust-lib/flowy-database2/src/services/database/entities.rs	unreviewed	production-relevant until a pass-3 reviewer records it
frontend/rust-lib/flowy-database2/src/services/database/mod.rs	unreviewed	production-relevant until a pass-3 reviewer records it
frontend/rust-lib/flowy-database2/src/services/database/util.rs	unreviewed	production-relevant until a pass-3 reviewer records it
frontend/rust-lib/flowy-database2/src/services/database_view/layout_deps.rs	unreviewed	production-relevant until a pass-3 reviewer records it
frontend/rust-lib/flowy-database2/src/services/database_view/mod.rs	unreviewed	production-relevant until a pass-3 reviewer records it
frontend/rust-lib/flowy-database2/src/services/database_view/notifier.rs	unreviewed	production-relevant until a pass-3 reviewer records it
frontend/rust-lib/flowy-database2/src/services/database_view/view_calculations.rs	unreviewed	production-relevant until a pass-3 reviewer records it
frontend/rust-lib/flowy-database2/src/services/database_view/view_editor.rs	unreviewed	production-relevant until a pass-3 reviewer records it
frontend/rust-lib/flowy-database2/src/services/database_view/view_filter.rs	unreviewed	production-relevant until a pass-3 reviewer records it
frontend/rust-lib/flowy-database2/src/services/database_view/view_group.rs	unreviewed	production-relevant until a pass-3 reviewer records it
frontend/rust-lib/flowy-database2/src/services/database_view/view_operation.rs	unreviewed	production-relevant until a pass-3 reviewer records it
frontend/rust-lib/flowy-database2/src/services/database_view/view_sort.rs	unreviewed	production-relevant until a pass-3 reviewer records it
frontend/rust-lib/flowy-database2/src/services/database_view/views.rs	unreviewed	production-relevant until a pass-3 reviewer records it
frontend/rust-lib/flowy-database2/src/services/field/field_builder.rs	unreviewed	production-relevant until a pass-3 reviewer records it
frontend/rust-lib/flowy-database2/src/services/field/field_operation.rs	unreviewed	production-relevant until a pass-3 reviewer records it
frontend/rust-lib/flowy-database2/src/services/field/mod.rs	unreviewed	production-relevant until a pass-3 reviewer records it
frontend/rust-lib/flowy-database2/src/services/field/type_option_transform.rs	unreviewed	production-relevant until a pass-3 reviewer records it
frontend/rust-lib/flowy-database2/src/services/field/type_options/checkbox_type_option/checkbox_filter.rs	unreviewed	production-relevant until a pass-3 reviewer records it
frontend/rust-lib/flowy-database2/src/services/field/type_options/checkbox_type_option/checkbox_tests.rs	unreviewed	production-relevant until a pass-3 reviewer records it
frontend/rust-lib/flowy-database2/src/services/field/type_options/checkbox_type_option/checkbox_type_option.rs	unreviewed	production-relevant until a pass-3 reviewer records it
frontend/rust-lib/flowy-database2/src/services/field/type_options/checkbox_type_option/checkbox_type_option_entities.rs	unreviewed	production-relevant until a pass-3 reviewer records it
frontend/rust-lib/flowy-database2/src/services/field/type_options/checkbox_type_option/mod.rs	unreviewed	production-relevant until a pass-3 reviewer records it
frontend/rust-lib/flowy-database2/src/services/field/type_options/checklist_type_option/checklist_filter.rs	unreviewed	production-relevant until a pass-3 reviewer records it
frontend/rust-lib/flowy-database2/src/services/field/type_options/checklist_type_option/checklist_type_option.rs	unreviewed	production-relevant until a pass-3 reviewer records it
frontend/rust-lib/flowy-database2/src/services/field/type_options/checklist_type_option/mod.rs	unreviewed	production-relevant until a pass-3 reviewer records it
frontend/rust-lib/flowy-database2/src/services/field/type_options/date_type_option/date_filter.rs	unreviewed	production-relevant until a pass-3 reviewer records it
frontend/rust-lib/flowy-database2/src/services/field/type_options/date_type_option/date_tests.rs	unreviewed	production-relevant until a pass-3 reviewer records it
frontend/rust-lib/flowy-database2/src/services/field/type_options/date_type_option/date_type_option.rs	unreviewed	production-relevant until a pass-3 reviewer records it
frontend/rust-lib/flowy-database2/src/services/field/type_options/date_type_option/mod.rs	unreviewed	production-relevant until a pass-3 reviewer records it
frontend/rust-lib/flowy-database2/src/services/field/type_options/media_type_option/media_file.rs	unreviewed	production-relevant until a pass-3 reviewer records it
frontend/rust-lib/flowy-database2/src/services/field/type_options/media_type_option/media_filter.rs	unreviewed	production-relevant until a pass-3 reviewer records it
frontend/rust-lib/flowy-database2/src/services/field/type_options/media_type_option/media_type_option.rs	unreviewed	production-relevant until a pass-3 reviewer records it
frontend/rust-lib/flowy-database2/src/services/field/type_options/media_type_option/mod.rs	unreviewed	production-relevant until a pass-3 reviewer records it
frontend/rust-lib/flowy-database2/src/services/field/type_options/mod.rs	unreviewed	production-relevant until a pass-3 reviewer records it
frontend/rust-lib/flowy-database2/src/services/field/type_options/number_type_option/mod.rs	unreviewed	production-relevant until a pass-3 reviewer records it
frontend/rust-lib/flowy-database2/src/services/field/type_options/number_type_option/number_filter.rs	unreviewed	production-relevant until a pass-3 reviewer records it
frontend/rust-lib/flowy-database2/src/services/field/type_options/number_type_option/number_type_option.rs	unreviewed	production-relevant until a pass-3 reviewer records it
frontend/rust-lib/flowy-database2/src/services/field/type_options/number_type_option/number_type_option_entities.rs	unreviewed	production-relevant until a pass-3 reviewer records it
frontend/rust-lib/flowy-database2/src/services/field/type_options/relation_type_option/mod.rs	unreviewed	production-relevant until a pass-3 reviewer records it
frontend/rust-lib/flowy-database2/src/services/field/type_options/relation_type_option/relation.rs	unreviewed	production-relevant until a pass-3 reviewer records it
frontend/rust-lib/flowy-database2/src/services/field/type_options/relation_type_option/relation_entities.rs	unreviewed	production-relevant until a pass-3 reviewer records it
frontend/rust-lib/flowy-database2/src/services/field/type_options/selection_type_option/mod.rs	unreviewed	production-relevant until a pass-3 reviewer records it
frontend/rust-lib/flowy-database2/src/services/field/type_options/selection_type_option/multi_select_type_option.rs	unreviewed	production-relevant until a pass-3 reviewer records it
frontend/rust-lib/flowy-database2/src/services/field/type_options/selection_type_option/select_filter.rs	unreviewed	production-relevant until a pass-3 reviewer records it
frontend/rust-lib/flowy-database2/src/services/field/type_options/selection_type_option/select_option_tests.rs	unreviewed	production-relevant until a pass-3 reviewer records it
frontend/rust-lib/flowy-database2/src/services/field/type_options/selection_type_option/select_type_option.rs	unreviewed	production-relevant until a pass-3 reviewer records it
frontend/rust-lib/flowy-database2/src/services/field/type_options/selection_type_option/single_select_type_option.rs	unreviewed	production-relevant until a pass-3 reviewer records it
frontend/rust-lib/flowy-database2/src/services/field/type_options/selection_type_option/type_option_transform.rs	unreviewed	production-relevant until a pass-3 reviewer records it
frontend/rust-lib/flowy-database2/src/services/field/type_options/summary_type_option/mod.rs	unreviewed	production-relevant until a pass-3 reviewer records it
frontend/rust-lib/flowy-database2/src/services/field/type_options/summary_type_option/summary.rs	unreviewed	production-relevant until a pass-3 reviewer records it
frontend/rust-lib/flowy-database2/src/services/field/type_options/text_type_option/mod.rs	unreviewed	production-relevant until a pass-3 reviewer records it
frontend/rust-lib/flowy-database2/src/services/field/type_options/text_type_option/text_filter.rs	unreviewed	production-relevant until a pass-3 reviewer records it
frontend/rust-lib/flowy-database2/src/services/field/type_options/text_type_option/text_tests.rs	unreviewed	production-relevant until a pass-3 reviewer records it
frontend/rust-lib/flowy-database2/src/services/field/type_options/text_type_option/text_type_option.rs	unreviewed	production-relevant until a pass-3 reviewer records it
frontend/rust-lib/flowy-database2/src/services/field/type_options/time_type_option/mod.rs	unreviewed	production-relevant until a pass-3 reviewer records it
frontend/rust-lib/flowy-database2/src/services/field/type_options/time_type_option/time.rs	unreviewed	production-relevant until a pass-3 reviewer records it
frontend/rust-lib/flowy-database2/src/services/field/type_options/time_type_option/time_filter.rs	unreviewed	production-relevant until a pass-3 reviewer records it
frontend/rust-lib/flowy-database2/src/services/field/type_options/timestamp_type_option/mod.rs	unreviewed	production-relevant until a pass-3 reviewer records it
frontend/rust-lib/flowy-database2/src/services/field/type_options/timestamp_type_option/timestamp_type_option.rs	unreviewed	production-relevant until a pass-3 reviewer records it
frontend/rust-lib/flowy-database2/src/services/field/type_options/translate_type_option/mod.rs	unreviewed	production-relevant until a pass-3 reviewer records it
frontend/rust-lib/flowy-database2/src/services/field/type_options/translate_type_option/translate.rs	unreviewed	production-relevant until a pass-3 reviewer records it
frontend/rust-lib/flowy-database2/src/services/field/type_options/type_option.rs	unreviewed	production-relevant until a pass-3 reviewer records it
frontend/rust-lib/flowy-database2/src/services/field/type_options/type_option_cell.rs	unreviewed	production-relevant until a pass-3 reviewer records it
frontend/rust-lib/flowy-database2/src/services/field/type_options/url_type_option/mod.rs	unreviewed	production-relevant until a pass-3 reviewer records it
frontend/rust-lib/flowy-database2/src/services/field/type_options/url_type_option/url_tests.rs	unreviewed	production-relevant until a pass-3 reviewer records it
frontend/rust-lib/flowy-database2/src/services/field/type_options/url_type_option/url_type_option.rs	unreviewed	production-relevant until a pass-3 reviewer records it
frontend/rust-lib/flowy-database2/src/services/field/type_options/url_type_option/url_type_option_entities.rs	unreviewed	production-relevant until a pass-3 reviewer records it
frontend/rust-lib/flowy-database2/src/services/field/type_options/util.rs	unreviewed	production-relevant until a pass-3 reviewer records it
frontend/rust-lib/flowy-database2/src/services/field_settings/entities.rs	unreviewed	production-relevant until a pass-3 reviewer records it
frontend/rust-lib/flowy-database2/src/services/field_settings/field_settings_builder.rs	unreviewed	production-relevant until a pass-3 reviewer records it
frontend/rust-lib/flowy-database2/src/services/field_settings/mod.rs	unreviewed	production-relevant until a pass-3 reviewer records it
frontend/rust-lib/flowy-database2/src/services/filter/controller.rs	unreviewed	production-relevant until a pass-3 reviewer records it
frontend/rust-lib/flowy-database2/src/services/filter/entities.rs	unreviewed	production-relevant until a pass-3 reviewer records it
frontend/rust-lib/flowy-database2/src/services/filter/mod.rs	unreviewed	production-relevant until a pass-3 reviewer records it
frontend/rust-lib/flowy-database2/src/services/filter/task.rs	unreviewed	production-relevant until a pass-3 reviewer records it
frontend/rust-lib/flowy-database2/src/services/group/action.rs	unreviewed	production-relevant until a pass-3 reviewer records it
frontend/rust-lib/flowy-database2/src/services/group/configuration.rs	unreviewed	production-relevant until a pass-3 reviewer records it
frontend/rust-lib/flowy-database2/src/services/group/controller.rs	unreviewed	production-relevant until a pass-3 reviewer records it
frontend/rust-lib/flowy-database2/src/services/group/controller_impls/checkbox_controller.rs	unreviewed	production-relevant until a pass-3 reviewer records it
frontend/rust-lib/flowy-database2/src/services/group/controller_impls/date_controller.rs	unreviewed	production-relevant until a pass-3 reviewer records it
frontend/rust-lib/flowy-database2/src/services/group/controller_impls/default_controller.rs	unreviewed	production-relevant until a pass-3 reviewer records it
frontend/rust-lib/flowy-database2/src/services/group/controller_impls/mod.rs	unreviewed	production-relevant until a pass-3 reviewer records it
frontend/rust-lib/flowy-database2/src/services/group/controller_impls/select_option_controller/mod.rs	unreviewed	production-relevant until a pass-3 reviewer records it
frontend/rust-lib/flowy-database2/src/services/group/controller_impls/select_option_controller/multi_select_controller.rs	unreviewed	production-relevant until a pass-3 reviewer records it
frontend/rust-lib/flowy-database2/src/services/group/controller_impls/select_option_controller/single_select_controller.rs	unreviewed	production-relevant until a pass-3 reviewer records it
frontend/rust-lib/flowy-database2/src/services/group/controller_impls/select_option_controller/util.rs	unreviewed	production-relevant until a pass-3 reviewer records it
frontend/rust-lib/flowy-database2/src/services/group/controller_impls/url_controller.rs	unreviewed	production-relevant until a pass-3 reviewer records it
frontend/rust-lib/flowy-database2/src/services/group/entities.rs	unreviewed	production-relevant until a pass-3 reviewer records it
frontend/rust-lib/flowy-database2/src/services/group/group_builder.rs	unreviewed	production-relevant until a pass-3 reviewer records it
frontend/rust-lib/flowy-database2/src/services/group/mod.rs	unreviewed	production-relevant until a pass-3 reviewer records it
frontend/rust-lib/flowy-database2/src/services/mod.rs	unreviewed	production-relevant until a pass-3 reviewer records it
frontend/rust-lib/flowy-database2/src/services/setting/entities.rs	unreviewed	production-relevant until a pass-3 reviewer records it
frontend/rust-lib/flowy-database2/src/services/setting/mod.rs	unreviewed	production-relevant until a pass-3 reviewer records it
frontend/rust-lib/flowy-database2/src/services/share/csv/export.rs	unreviewed	production-relevant until a pass-3 reviewer records it
frontend/rust-lib/flowy-database2/src/services/share/csv/import.rs	unreviewed	production-relevant until a pass-3 reviewer records it
frontend/rust-lib/flowy-database2/src/services/share/csv/mod.rs	unreviewed	production-relevant until a pass-3 reviewer records it
frontend/rust-lib/flowy-database2/src/services/share/mod.rs	unreviewed	production-relevant until a pass-3 reviewer records it
frontend/rust-lib/flowy-database2/src/services/snapshot/entities.rs	unreviewed	production-relevant until a pass-3 reviewer records it
frontend/rust-lib/flowy-database2/src/services/snapshot/mod.rs	unreviewed	production-relevant until a pass-3 reviewer records it
frontend/rust-lib/flowy-database2/src/services/sort/controller.rs	unreviewed	production-relevant until a pass-3 reviewer records it
frontend/rust-lib/flowy-database2/src/services/sort/entities.rs	unreviewed	production-relevant until a pass-3 reviewer records it
frontend/rust-lib/flowy-database2/src/services/sort/mod.rs	unreviewed	production-relevant until a pass-3 reviewer records it
frontend/rust-lib/flowy-database2/src/services/sort/task.rs	unreviewed	production-relevant until a pass-3 reviewer records it
frontend/rust-lib/flowy-database2/src/template.rs	unreviewed	production-relevant until a pass-3 reviewer records it
frontend/rust-lib/flowy-database2/src/utils/cache.rs	unreviewed	production-relevant until a pass-3 reviewer records it
frontend/rust-lib/flowy-database2/src/utils/mod.rs	unreviewed	production-relevant until a pass-3 reviewer records it
frontend/rust-lib/flowy-database2/tests/database/block_test/mod.rs	test-fixture	test or fixture path
frontend/rust-lib/flowy-database2/tests/database/block_test/row_test.rs	test-fixture	test or fixture path
frontend/rust-lib/flowy-database2/tests/database/block_test/script.rs	test-fixture	test or fixture path
frontend/rust-lib/flowy-database2/tests/database/calculations_test/calculation_test.rs	test-fixture	test or fixture path
frontend/rust-lib/flowy-database2/tests/database/calculations_test/mod.rs	test-fixture	test or fixture path
frontend/rust-lib/flowy-database2/tests/database/calculations_test/script.rs	test-fixture	test or fixture path
frontend/rust-lib/flowy-database2/tests/database/cell_test/mod.rs	test-fixture	test or fixture path
frontend/rust-lib/flowy-database2/tests/database/cell_test/script.rs	test-fixture	test or fixture path
frontend/rust-lib/flowy-database2/tests/database/cell_test/test.rs	test-fixture	test or fixture path
frontend/rust-lib/flowy-database2/tests/database/database_editor.rs	test-fixture	test or fixture path
frontend/rust-lib/flowy-database2/tests/database/field_settings_test/mod.rs	test-fixture	test or fixture path
frontend/rust-lib/flowy-database2/tests/database/field_settings_test/script.rs	test-fixture	test or fixture path
frontend/rust-lib/flowy-database2/tests/database/field_settings_test/test.rs	test-fixture	test or fixture path
frontend/rust-lib/flowy-database2/tests/database/field_test/mod.rs	test-fixture	test or fixture path
frontend/rust-lib/flowy-database2/tests/database/field_test/script.rs	test-fixture	test or fixture path
frontend/rust-lib/flowy-database2/tests/database/field_test/test.rs	test-fixture	test or fixture path
frontend/rust-lib/flowy-database2/tests/database/field_test/util.rs	test-fixture	test or fixture path
frontend/rust-lib/flowy-database2/tests/database/filter_test/advanced_filter_test.rs	test-fixture	test or fixture path
frontend/rust-lib/flowy-database2/tests/database/filter_test/checkbox_filter_test.rs	test-fixture	test or fixture path
frontend/rust-lib/flowy-database2/tests/database/filter_test/checklist_filter_test.rs	test-fixture	test or fixture path
frontend/rust-lib/flowy-database2/tests/database/filter_test/date_filter_test.rs	test-fixture	test or fixture path
frontend/rust-lib/flowy-database2/tests/database/filter_test/mod.rs	test-fixture	test or fixture path
frontend/rust-lib/flowy-database2/tests/database/filter_test/number_filter_test.rs	test-fixture	test or fixture path
frontend/rust-lib/flowy-database2/tests/database/filter_test/script.rs	test-fixture	test or fixture path
frontend/rust-lib/flowy-database2/tests/database/filter_test/select_option_filter_test.rs	test-fixture	test or fixture path
frontend/rust-lib/flowy-database2/tests/database/filter_test/text_filter_test.rs	test-fixture	test or fixture path
frontend/rust-lib/flowy-database2/tests/database/filter_test/time_filter_test.rs	test-fixture	test or fixture path
frontend/rust-lib/flowy-database2/tests/database/group_test/date_group_test.rs	test-fixture	test or fixture path
frontend/rust-lib/flowy-database2/tests/database/group_test/mod.rs	test-fixture	test or fixture path
frontend/rust-lib/flowy-database2/tests/database/group_test/script.rs	test-fixture	test or fixture path
frontend/rust-lib/flowy-database2/tests/database/group_test/test.rs	test-fixture	test or fixture path
frontend/rust-lib/flowy-database2/tests/database/group_test/url_group_test.rs	test-fixture	test or fixture path
frontend/rust-lib/flowy-database2/tests/database/layout_test/mod.rs	test-fixture	test or fixture path
frontend/rust-lib/flowy-database2/tests/database/layout_test/script.rs	test-fixture	test or fixture path
frontend/rust-lib/flowy-database2/tests/database/layout_test/test.rs	test-fixture	test or fixture path
frontend/rust-lib/flowy-database2/tests/database/mock_data/board_mock_data.rs	test-fixture	test or fixture path
frontend/rust-lib/flowy-database2/tests/database/mock_data/calendar_mock_data.rs	test-fixture	test or fixture path
frontend/rust-lib/flowy-database2/tests/database/mock_data/grid_mock_data.rs	test-fixture	test or fixture path
frontend/rust-lib/flowy-database2/tests/database/mock_data/mod.rs	test-fixture	test or fixture path
frontend/rust-lib/flowy-database2/tests/database/mod.rs	test-fixture	test or fixture path
frontend/rust-lib/flowy-database2/tests/database/pre_fill_cell_test/mod.rs	test-fixture	test or fixture path
frontend/rust-lib/flowy-database2/tests/database/pre_fill_cell_test/pre_fill_row_according_to_filter_test.rs	test-fixture	test or fixture path
frontend/rust-lib/flowy-database2/tests/database/pre_fill_cell_test/pre_fill_row_with_payload_test.rs	test-fixture	test or fixture path
frontend/rust-lib/flowy-database2/tests/database/pre_fill_cell_test/script.rs	test-fixture	test or fixture path
frontend/rust-lib/flowy-database2/tests/database/share_test/export_test.rs	test-fixture	test or fixture path
frontend/rust-lib/flowy-database2/tests/database/share_test/mod.rs	test-fixture	test or fixture path
frontend/rust-lib/flowy-database2/tests/database/sort_test/mod.rs	test-fixture	test or fixture path
frontend/rust-lib/flowy-database2/tests/database/sort_test/multi_sort_test.rs	test-fixture	test or fixture path
frontend/rust-lib/flowy-database2/tests/database/sort_test/script.rs	test-fixture	test or fixture path
frontend/rust-lib/flowy-database2/tests/database/sort_test/single_sort_test.rs	test-fixture	test or fixture path
frontend/rust-lib/flowy-database2/tests/main.rs	test-fixture	test or fixture path
frontend/rust-lib/flowy-date/Cargo.toml	unreviewed	production-relevant until a pass-3 reviewer records it
frontend/rust-lib/flowy-date/Flowy.toml	unreviewed	production-relevant until a pass-3 reviewer records it
frontend/rust-lib/flowy-date/build.rs	unreviewed	production-relevant until a pass-3 reviewer records it
frontend/rust-lib/flowy-date/src/entities.rs	unreviewed	production-relevant until a pass-3 reviewer records it
frontend/rust-lib/flowy-date/src/event_handler.rs	unreviewed	production-relevant until a pass-3 reviewer records it
frontend/rust-lib/flowy-date/src/event_map.rs	unreviewed	production-relevant until a pass-3 reviewer records it
frontend/rust-lib/flowy-date/src/lib.rs	unreviewed	production-relevant until a pass-3 reviewer records it
frontend/rust-lib/flowy-document-pub/Cargo.toml	unreviewed	production-relevant until a pass-3 reviewer records it
frontend/rust-lib/flowy-document-pub/src/cloud.rs	unreviewed	production-relevant until a pass-3 reviewer records it
frontend/rust-lib/flowy-document-pub/src/lib.rs	unreviewed	production-relevant until a pass-3 reviewer records it
frontend/rust-lib/flowy-document/Cargo.toml	unreviewed	production-relevant until a pass-3 reviewer records it
frontend/rust-lib/flowy-document/Flowy.toml	unreviewed	production-relevant until a pass-3 reviewer records it
frontend/rust-lib/flowy-document/build.rs	unreviewed	production-relevant until a pass-3 reviewer records it
frontend/rust-lib/flowy-document/src/deps.rs	unreviewed	production-relevant until a pass-3 reviewer records it
frontend/rust-lib/flowy-document/src/document.rs	unreviewed	production-relevant until a pass-3 reviewer records it
frontend/rust-lib/flowy-document/src/document_data.rs	unreviewed	production-relevant until a pass-3 reviewer records it
frontend/rust-lib/flowy-document/src/entities.rs	unreviewed	production-relevant until a pass-3 reviewer records it
frontend/rust-lib/flowy-document/src/event_handler.rs	unreviewed	production-relevant until a pass-3 reviewer records it
frontend/rust-lib/flowy-document/src/event_map.rs	unreviewed	production-relevant until a pass-3 reviewer records it
frontend/rust-lib/flowy-document/src/lib.rs	unreviewed	production-relevant until a pass-3 reviewer records it
frontend/rust-lib/flowy-document/src/manager.rs	unreviewed	production-relevant until a pass-3 reviewer records it
frontend/rust-lib/flowy-document/src/notification.rs	unreviewed	production-relevant until a pass-3 reviewer records it
frontend/rust-lib/flowy-document/src/parse.rs	unreviewed	production-relevant until a pass-3 reviewer records it
frontend/rust-lib/flowy-document/src/parser/constant.rs	unreviewed	production-relevant until a pass-3 reviewer records it
frontend/rust-lib/flowy-document/src/parser/document_data_parser.rs	unreviewed	production-relevant until a pass-3 reviewer records it
frontend/rust-lib/flowy-document/src/parser/external/mod.rs	unreviewed	production-relevant until a pass-3 reviewer records it
frontend/rust-lib/flowy-document/src/parser/external/parser.rs	unreviewed	production-relevant until a pass-3 reviewer records it
frontend/rust-lib/flowy-document/src/parser/external/utils.rs	unreviewed	production-relevant until a pass-3 reviewer records it
frontend/rust-lib/flowy-document/src/parser/json/block.rs	unreviewed	production-relevant until a pass-3 reviewer records it
frontend/rust-lib/flowy-document/src/parser/json/mod.rs	unreviewed	production-relevant until a pass-3 reviewer records it
frontend/rust-lib/flowy-document/src/parser/json/parser.rs	unreviewed	production-relevant until a pass-3 reviewer records it
frontend/rust-lib/flowy-document/src/parser/mod.rs	unreviewed	production-relevant until a pass-3 reviewer records it
frontend/rust-lib/flowy-document/src/parser/parser_entities.rs	unreviewed	production-relevant until a pass-3 reviewer records it
frontend/rust-lib/flowy-document/src/parser/utils.rs	unreviewed	production-relevant until a pass-3 reviewer records it
frontend/rust-lib/flowy-document/src/reminder.rs	unreviewed	production-relevant until a pass-3 reviewer records it
frontend/rust-lib/flowy-document/tests/assets/html/bulleted_list.html	test-fixture	test or fixture path
frontend/rust-lib/flowy-document/tests/assets/html/callout.html	test-fixture	test or fixture path
frontend/rust-lib/flowy-document/tests/assets/html/code.html	test-fixture	test or fixture path
frontend/rust-lib/flowy-document/tests/assets/html/divider.html	test-fixture	test or fixture path
frontend/rust-lib/flowy-document/tests/assets/html/google_docs.html	test-fixture	test or fixture path
frontend/rust-lib/flowy-document/tests/assets/html/heading.html	test-fixture	test or fixture path
frontend/rust-lib/flowy-document/tests/assets/html/image.html	test-fixture	test or fixture path
frontend/rust-lib/flowy-document/tests/assets/html/math_equation.html	test-fixture	test or fixture path
frontend/rust-lib/flowy-document/tests/assets/html/notion.html	test-fixture	test or fixture path
frontend/rust-lib/flowy-document/tests/assets/html/numbered_list.html	test-fixture	test or fixture path
frontend/rust-lib/flowy-document/tests/assets/html/paragraph.html	test-fixture	test or fixture path
frontend/rust-lib/flowy-document/tests/assets/html/quote.html	test-fixture	test or fixture path
frontend/rust-lib/flowy-document/tests/assets/html/simple.html	test-fixture	test or fixture path
frontend/rust-lib/flowy-document/tests/assets/html/todo_list.html	test-fixture	test or fixture path
frontend/rust-lib/flowy-document/tests/assets/html/toggle_list.html	test-fixture	test or fixture path
frontend/rust-lib/flowy-document/tests/assets/json/bulleted_list.json	test-fixture	test or fixture path
frontend/rust-lib/flowy-document/tests/assets/json/callout.json	test-fixture	test or fixture path
frontend/rust-lib/flowy-document/tests/assets/json/code.json	test-fixture	test or fixture path
frontend/rust-lib/flowy-document/tests/assets/json/divider.json	test-fixture	test or fixture path
frontend/rust-lib/flowy-document/tests/assets/json/google_docs.json	test-fixture	test or fixture path
frontend/rust-lib/flowy-document/tests/assets/json/heading.json	test-fixture	test or fixture path
frontend/rust-lib/flowy-document/tests/assets/json/image.json	test-fixture	test or fixture path
frontend/rust-lib/flowy-document/tests/assets/json/initial_document.json	test-fixture	test or fixture path
frontend/rust-lib/flowy-document/tests/assets/json/math_equation.json	test-fixture	test or fixture path
frontend/rust-lib/flowy-document/tests/assets/json/notion.json	test-fixture	test or fixture path
frontend/rust-lib/flowy-document/tests/assets/json/numbered_list.json	test-fixture	test or fixture path
frontend/rust-lib/flowy-document/tests/assets/json/paragraph.json	test-fixture	test or fixture path
frontend/rust-lib/flowy-document/tests/assets/json/plain_text.json	test-fixture	test or fixture path
frontend/rust-lib/flowy-document/tests/assets/json/quote.json	test-fixture	test or fixture path
frontend/rust-lib/flowy-document/tests/assets/json/range_1.json	test-fixture	test or fixture path
frontend/rust-lib/flowy-document/tests/assets/json/range_2.json	test-fixture	test or fixture path
frontend/rust-lib/flowy-document/tests/assets/json/simple.json	test-fixture	test or fixture path
frontend/rust-lib/flowy-document/tests/assets/json/todo_list.json	test-fixture	test or fixture path
frontend/rust-lib/flowy-document/tests/assets/json/toggle_list.json	test-fixture	test or fixture path
frontend/rust-lib/flowy-document/tests/assets/text/bulleted_list.txt	test-fixture	test or fixture path
frontend/rust-lib/flowy-document/tests/assets/text/callout.txt	test-fixture	test or fixture path
frontend/rust-lib/flowy-document/tests/assets/text/code.txt	test-fixture	test or fixture path
frontend/rust-lib/flowy-document/tests/assets/text/divider.txt	test-fixture	test or fixture path
frontend/rust-lib/flowy-document/tests/assets/text/heading.txt	test-fixture	test or fixture path
frontend/rust-lib/flowy-document/tests/assets/text/image.txt	test-fixture	test or fixture path
frontend/rust-lib/flowy-document/tests/assets/text/math_equation.txt	test-fixture	test or fixture path
frontend/rust-lib/flowy-document/tests/assets/text/numbered_list.txt	test-fixture	test or fixture path
frontend/rust-lib/flowy-document/tests/assets/text/paragraph.txt	test-fixture	test or fixture path
frontend/rust-lib/flowy-document/tests/assets/text/plain_text.txt	test-fixture	test or fixture path
frontend/rust-lib/flowy-document/tests/assets/text/quote.txt	test-fixture	test or fixture path
frontend/rust-lib/flowy-document/tests/assets/text/todo_list.txt	test-fixture	test or fixture path
frontend/rust-lib/flowy-document/tests/assets/text/toggle_list.txt	test-fixture	test or fixture path
frontend/rust-lib/flowy-document/tests/document/document_insert_test.rs	test-fixture	test or fixture path
frontend/rust-lib/flowy-document/tests/document/document_redo_undo_test.rs	test-fixture	test or fixture path
frontend/rust-lib/flowy-document/tests/document/document_test.rs	test-fixture	test or fixture path
frontend/rust-lib/flowy-document/tests/document/event_handler_test.rs	test-fixture	test or fixture path
frontend/rust-lib/flowy-document/tests/document/mod.rs	test-fixture	test or fixture path
frontend/rust-lib/flowy-document/tests/document/util.rs	test-fixture	test or fixture path
frontend/rust-lib/flowy-document/tests/file_storage.rs	test-fixture	test or fixture path
frontend/rust-lib/flowy-document/tests/main.rs	test-fixture	test or fixture path
frontend/rust-lib/flowy-document/tests/parser/document_data_parser_test.rs	test-fixture	test or fixture path
frontend/rust-lib/flowy-document/tests/parser/html/mod.rs	test-fixture	test or fixture path
frontend/rust-lib/flowy-document/tests/parser/html/parser_test.rs	test-fixture	test or fixture path
frontend/rust-lib/flowy-document/tests/parser/json/block_test.rs	test-fixture	test or fixture path
frontend/rust-lib/flowy-document/tests/parser/json/mod.rs	test-fixture	test or fixture path
frontend/rust-lib/flowy-document/tests/parser/json/parser_test.rs	test-fixture	test or fixture path
frontend/rust-lib/flowy-document/tests/parser/mod.rs	test-fixture	test or fixture path
frontend/rust-lib/flowy-document/tests/parser/parse_to_html_text/mod.rs	test-fixture	test or fixture path
frontend/rust-lib/flowy-document/tests/parser/parse_to_html_text/test.rs	test-fixture	test or fixture path
frontend/rust-lib/flowy-document/tests/parser/parse_to_html_text/utils.rs	test-fixture	test or fixture path
frontend/rust-lib/flowy-error/Cargo.toml	unreviewed	production-relevant until a pass-3 reviewer records it
frontend/rust-lib/flowy-error/Flowy.toml	unreviewed	production-relevant until a pass-3 reviewer records it
frontend/rust-lib/flowy-error/build.rs	unreviewed	production-relevant until a pass-3 reviewer records it
frontend/rust-lib/flowy-error/src/code.rs	unreviewed	production-relevant until a pass-3 reviewer records it
frontend/rust-lib/flowy-error/src/errors.rs	unreviewed	production-relevant until a pass-3 reviewer records it
frontend/rust-lib/flowy-error/src/impl_from/cloud.rs	unreviewed	production-relevant until a pass-3 reviewer records it
frontend/rust-lib/flowy-error/src/impl_from/collab.rs	unreviewed	production-relevant until a pass-3 reviewer records it
frontend/rust-lib/flowy-error/src/impl_from/collab_persistence.rs	unreviewed	production-relevant until a pass-3 reviewer records it
frontend/rust-lib/flowy-error/src/impl_from/database.rs	unreviewed	production-relevant until a pass-3 reviewer records it
frontend/rust-lib/flowy-error/src/impl_from/dispatch.rs	unreviewed	production-relevant until a pass-3 reviewer records it
frontend/rust-lib/flowy-error/src/impl_from/mod.rs	unreviewed	production-relevant until a pass-3 reviewer records it
frontend/rust-lib/flowy-error/src/impl_from/reqwest.rs	unreviewed	production-relevant until a pass-3 reviewer records it
frontend/rust-lib/flowy-error/src/impl_from/serde.rs	unreviewed	production-relevant until a pass-3 reviewer records it
frontend/rust-lib/flowy-error/src/impl_from/tantivy.rs	unreviewed	production-relevant until a pass-3 reviewer records it
frontend/rust-lib/flowy-error/src/impl_from/url.rs	unreviewed	production-relevant until a pass-3 reviewer records it
frontend/rust-lib/flowy-error/src/lib.rs	unreviewed	production-relevant until a pass-3 reviewer records it
frontend/rust-lib/flowy-folder-pub/Cargo.toml	unreviewed	production-relevant until a pass-3 reviewer records it
frontend/rust-lib/flowy-folder-pub/src/cloud.rs	unreviewed	production-relevant until a pass-3 reviewer records it
frontend/rust-lib/flowy-folder-pub/src/entities.rs	unreviewed	production-relevant until a pass-3 reviewer records it
frontend/rust-lib/flowy-folder-pub/src/lib.rs	unreviewed	production-relevant until a pass-3 reviewer records it
frontend/rust-lib/flowy-folder-pub/src/query.rs	unreviewed	production-relevant until a pass-3 reviewer records it
frontend/rust-lib/flowy-folder-pub/src/sql/mod.rs	unreviewed	production-relevant until a pass-3 reviewer records it
frontend/rust-lib/flowy-folder-pub/src/sql/workspace_shared_user_sql.rs	unreviewed	production-relevant until a pass-3 reviewer records it
frontend/rust-lib/flowy-folder-pub/src/sql/workspace_shared_view_sql.rs	unreviewed	production-relevant until a pass-3 reviewer records it
frontend/rust-lib/flowy-folder/Cargo.toml	unreviewed	production-relevant until a pass-3 reviewer records it
frontend/rust-lib/flowy-folder/Flowy.toml	unreviewed	production-relevant until a pass-3 reviewer records it
frontend/rust-lib/flowy-folder/build.rs	unreviewed	production-relevant until a pass-3 reviewer records it
frontend/rust-lib/flowy-folder/src/entities/icon.rs	unreviewed	production-relevant until a pass-3 reviewer records it
frontend/rust-lib/flowy-folder/src/entities/import.rs	unreviewed	production-relevant until a pass-3 reviewer records it
frontend/rust-lib/flowy-folder/src/entities/mod.rs	unreviewed	production-relevant until a pass-3 reviewer records it
frontend/rust-lib/flowy-folder/src/entities/parser/empty_str.rs	unreviewed	production-relevant until a pass-3 reviewer records it
frontend/rust-lib/flowy-folder/src/entities/parser/mod.rs	unreviewed	production-relevant until a pass-3 reviewer records it
frontend/rust-lib/flowy-folder/src/entities/parser/trash/mod.rs	unreviewed	production-relevant until a pass-3 reviewer records it
frontend/rust-lib/flowy-folder/src/entities/parser/trash/trash_id.rs	unreviewed	production-relevant until a pass-3 reviewer records it
frontend/rust-lib/flowy-folder/src/entities/parser/view/mod.rs	unreviewed	production-relevant until a pass-3 reviewer records it
frontend/rust-lib/flowy-folder/src/entities/parser/view/view_id.rs	unreviewed	production-relevant until a pass-3 reviewer records it
frontend/rust-lib/flowy-folder/src/entities/parser/view/view_name.rs	unreviewed	production-relevant until a pass-3 reviewer records it
frontend/rust-lib/flowy-folder/src/entities/parser/view/view_thumbnail.rs	unreviewed	production-relevant until a pass-3 reviewer records it
frontend/rust-lib/flowy-folder/src/entities/parser/workspace/mod.rs	unreviewed	production-relevant until a pass-3 reviewer records it
frontend/rust-lib/flowy-folder/src/entities/parser/workspace/workspace_desc.rs	unreviewed	production-relevant until a pass-3 reviewer records it
frontend/rust-lib/flowy-folder/src/entities/parser/workspace/workspace_id.rs	unreviewed	production-relevant until a pass-3 reviewer records it
frontend/rust-lib/flowy-folder/src/entities/parser/workspace/workspace_name.rs	unreviewed	production-relevant until a pass-3 reviewer records it
frontend/rust-lib/flowy-folder/src/entities/publish.rs	unreviewed	production-relevant until a pass-3 reviewer records it
frontend/rust-lib/flowy-folder/src/entities/trash.rs	unreviewed	production-relevant until a pass-3 reviewer records it
frontend/rust-lib/flowy-folder/src/entities/view.rs	unreviewed	production-relevant until a pass-3 reviewer records it
frontend/rust-lib/flowy-folder/src/entities/workspace.rs	unreviewed	production-relevant until a pass-3 reviewer records it
frontend/rust-lib/flowy-folder/src/event_handler.rs	unreviewed	production-relevant until a pass-3 reviewer records it
frontend/rust-lib/flowy-folder/src/event_map.rs	unreviewed	production-relevant until a pass-3 reviewer records it
frontend/rust-lib/flowy-folder/src/lib.rs	unreviewed	production-relevant until a pass-3 reviewer records it
frontend/rust-lib/flowy-folder/src/manager.rs	unreviewed	production-relevant until a pass-3 reviewer records it
frontend/rust-lib/flowy-folder/src/manager_init.rs	unreviewed	production-relevant until a pass-3 reviewer records it
frontend/rust-lib/flowy-folder/src/manager_observer.rs	unreviewed	production-relevant until a pass-3 reviewer records it
frontend/rust-lib/flowy-folder/src/notification.rs	unreviewed	production-relevant until a pass-3 reviewer records it
frontend/rust-lib/flowy-folder/src/publish_util.rs	unreviewed	production-relevant until a pass-3 reviewer records it
frontend/rust-lib/flowy-folder/src/share/import.rs	unreviewed	production-relevant until a pass-3 reviewer records it
frontend/rust-lib/flowy-folder/src/share/mod.rs	unreviewed	production-relevant until a pass-3 reviewer records it
frontend/rust-lib/flowy-folder/src/user_default.rs	unreviewed	production-relevant until a pass-3 reviewer records it
frontend/rust-lib/flowy-folder/src/util.rs	unreviewed	production-relevant until a pass-3 reviewer records it
frontend/rust-lib/flowy-folder/src/view_operation.rs	unreviewed	production-relevant until a pass-3 reviewer records it
frontend/rust-lib/flowy-notification/Cargo.toml	unreviewed	production-relevant until a pass-3 reviewer records it
frontend/rust-lib/flowy-notification/Flowy.toml	unreviewed	production-relevant until a pass-3 reviewer records it
frontend/rust-lib/flowy-notification/build.rs	unreviewed	production-relevant until a pass-3 reviewer records it
frontend/rust-lib/flowy-notification/src/builder.rs	unreviewed	production-relevant until a pass-3 reviewer records it
frontend/rust-lib/flowy-notification/src/debounce.rs	unreviewed	production-relevant until a pass-3 reviewer records it
frontend/rust-lib/flowy-notification/src/entities/mod.rs	unreviewed	production-relevant until a pass-3 reviewer records it
frontend/rust-lib/flowy-notification/src/entities/subject.rs	unreviewed	production-relevant until a pass-3 reviewer records it
frontend/rust-lib/flowy-notification/src/lib.rs	unreviewed	production-relevant until a pass-3 reviewer records it
frontend/rust-lib/flowy-search-pub/Cargo.toml	unreviewed	production-relevant until a pass-3 reviewer records it
frontend/rust-lib/flowy-search-pub/src/cloud.rs	unreviewed	production-relevant until a pass-3 reviewer records it
frontend/rust-lib/flowy-search-pub/src/entities.rs	unreviewed	production-relevant until a pass-3 reviewer records it
frontend/rust-lib/flowy-search-pub/src/lib.rs	unreviewed	production-relevant until a pass-3 reviewer records it
frontend/rust-lib/flowy-search-pub/src/schema.rs	unreviewed	production-relevant until a pass-3 reviewer records it
frontend/rust-lib/flowy-search-pub/src/tantivy_state.rs	unreviewed	production-relevant until a pass-3 reviewer records it
frontend/rust-lib/flowy-search-pub/src/tantivy_state_init.rs	unreviewed	production-relevant until a pass-3 reviewer records it
frontend/rust-lib/flowy-search/Cargo.toml	unreviewed	production-relevant until a pass-3 reviewer records it
frontend/rust-lib/flowy-search/Flowy.toml	unreviewed	production-relevant until a pass-3 reviewer records it
frontend/rust-lib/flowy-search/build.rs	unreviewed	production-relevant until a pass-3 reviewer records it
frontend/rust-lib/flowy-search/src/document/cloud_search_handler.rs	unreviewed	production-relevant until a pass-3 reviewer records it
frontend/rust-lib/flowy-search/src/document/local_search_handler.rs	unreviewed	production-relevant until a pass-3 reviewer records it
frontend/rust-lib/flowy-search/src/document/mod.rs	unreviewed	production-relevant until a pass-3 reviewer records it
frontend/rust-lib/flowy-search/src/entities/mod.rs	unreviewed	production-relevant until a pass-3 reviewer records it
frontend/rust-lib/flowy-search/src/entities/notification.rs	unreviewed	production-relevant until a pass-3 reviewer records it
frontend/rust-lib/flowy-search/src/entities/query.rs	unreviewed	production-relevant until a pass-3 reviewer records it
frontend/rust-lib/flowy-search/src/entities/result.rs	unreviewed	production-relevant until a pass-3 reviewer records it
frontend/rust-lib/flowy-search/src/entities/search_filter.rs	unreviewed	production-relevant until a pass-3 reviewer records it
frontend/rust-lib/flowy-search/src/event_handler.rs	unreviewed	production-relevant until a pass-3 reviewer records it
frontend/rust-lib/flowy-search/src/event_map.rs	unreviewed	production-relevant until a pass-3 reviewer records it
frontend/rust-lib/flowy-search/src/lib.rs	unreviewed	production-relevant until a pass-3 reviewer records it
frontend/rust-lib/flowy-search/src/services/manager.rs	unreviewed	production-relevant until a pass-3 reviewer records it
frontend/rust-lib/flowy-search/src/services/mod.rs	unreviewed	production-relevant until a pass-3 reviewer records it
frontend/rust-lib/flowy-search/tests/main.rs	test-fixture	test or fixture path
frontend/rust-lib/flowy-search/tests/tantivy_test.rs	test-fixture	test or fixture path
frontend/rust-lib/flowy-server-pub/Cargo.toml	unreviewed	production-relevant until a pass-3 reviewer records it
frontend/rust-lib/flowy-server-pub/src/af_cloud_config.rs	unreviewed	production-relevant until a pass-3 reviewer records it
frontend/rust-lib/flowy-server-pub/src/lib.rs	unreviewed	production-relevant until a pass-3 reviewer records it
frontend/rust-lib/flowy-server-pub/src/native/af_cloud_config.rs	unreviewed	production-relevant until a pass-3 reviewer records it
frontend/rust-lib/flowy-server-pub/src/native/mod.rs	unreviewed	production-relevant until a pass-3 reviewer records it
frontend/rust-lib/flowy-server-pub/src/wasm/af_cloud_config.rs	unreviewed	production-relevant until a pass-3 reviewer records it
frontend/rust-lib/flowy-server-pub/src/wasm/mod.rs	unreviewed	production-relevant until a pass-3 reviewer records it
frontend/rust-lib/flowy-server/Cargo.toml	unreviewed	production-relevant until a pass-3 reviewer records it
frontend/rust-lib/flowy-server/src/af_cloud/define.rs	unreviewed	production-relevant until a pass-3 reviewer records it
frontend/rust-lib/flowy-server/src/af_cloud/impls/chat.rs	unreviewed	production-relevant until a pass-3 reviewer records it
frontend/rust-lib/flowy-server/src/af_cloud/impls/database.rs	unreviewed	production-relevant until a pass-3 reviewer records it
frontend/rust-lib/flowy-server/src/af_cloud/impls/document.rs	unreviewed	production-relevant until a pass-3 reviewer records it
frontend/rust-lib/flowy-server/src/af_cloud/impls/file_storage.rs	unreviewed	production-relevant until a pass-3 reviewer records it
frontend/rust-lib/flowy-server/src/af_cloud/impls/folder.rs	unreviewed	production-relevant until a pass-3 reviewer records it
frontend/rust-lib/flowy-server/src/af_cloud/impls/mod.rs	unreviewed	production-relevant until a pass-3 reviewer records it
frontend/rust-lib/flowy-server/src/af_cloud/impls/search.rs	unreviewed	production-relevant until a pass-3 reviewer records it
frontend/rust-lib/flowy-server/src/af_cloud/impls/user/cloud_service_impl.rs	unreviewed	production-relevant until a pass-3 reviewer records it
frontend/rust-lib/flowy-server/src/af_cloud/impls/user/dto.rs	unreviewed	production-relevant until a pass-3 reviewer records it
frontend/rust-lib/flowy-server/src/af_cloud/impls/user/mod.rs	unreviewed	production-relevant until a pass-3 reviewer records it
frontend/rust-lib/flowy-server/src/af_cloud/impls/user/util.rs	unreviewed	production-relevant until a pass-3 reviewer records it
frontend/rust-lib/flowy-server/src/af_cloud/impls/util.rs	unreviewed	production-relevant until a pass-3 reviewer records it
frontend/rust-lib/flowy-server/src/af_cloud/mod.rs	unreviewed	production-relevant until a pass-3 reviewer records it
frontend/rust-lib/flowy-server/src/af_cloud/server.rs	unreviewed	production-relevant until a pass-3 reviewer records it
frontend/rust-lib/flowy-server/src/lib.rs	unreviewed	production-relevant until a pass-3 reviewer records it
frontend/rust-lib/flowy-server/src/local_server/impls/chat.rs	unreviewed	production-relevant until a pass-3 reviewer records it
frontend/rust-lib/flowy-server/src/local_server/impls/database.rs	unreviewed	production-relevant until a pass-3 reviewer records it
frontend/rust-lib/flowy-server/src/local_server/impls/document.rs	unreviewed	production-relevant until a pass-3 reviewer records it
frontend/rust-lib/flowy-server/src/local_server/impls/folder.rs	unreviewed	production-relevant until a pass-3 reviewer records it
frontend/rust-lib/flowy-server/src/local_server/impls/mod.rs	unreviewed	production-relevant until a pass-3 reviewer records it
frontend/rust-lib/flowy-server/src/local_server/impls/search.rs	unreviewed	production-relevant until a pass-3 reviewer records it
frontend/rust-lib/flowy-server/src/local_server/impls/user.rs	unreviewed	production-relevant until a pass-3 reviewer records it
frontend/rust-lib/flowy-server/src/local_server/mod.rs	unreviewed	production-relevant until a pass-3 reviewer records it
frontend/rust-lib/flowy-server/src/local_server/server.rs	unreviewed	production-relevant until a pass-3 reviewer records it
frontend/rust-lib/flowy-server/src/local_server/template/create_workspace.rs	unreviewed	production-relevant until a pass-3 reviewer records it
frontend/rust-lib/flowy-server/src/local_server/template/mod.rs	unreviewed	production-relevant until a pass-3 reviewer records it
frontend/rust-lib/flowy-server/src/local_server/uid.rs	unreviewed	production-relevant until a pass-3 reviewer records it
frontend/rust-lib/flowy-server/src/local_server/util.rs	unreviewed	production-relevant until a pass-3 reviewer records it
frontend/rust-lib/flowy-server/src/response.rs	unreviewed	production-relevant until a pass-3 reviewer records it
frontend/rust-lib/flowy-server/src/server.rs	unreviewed	production-relevant until a pass-3 reviewer records it
frontend/rust-lib/flowy-server/src/util.rs	unreviewed	production-relevant until a pass-3 reviewer records it
frontend/rust-lib/flowy-sqlite-vec/Cargo.toml	unreviewed	production-relevant until a pass-3 reviewer records it
frontend/rust-lib/flowy-sqlite-vec/migrations/001-init/up.sql	unreviewed	production-relevant until a pass-3 reviewer records it
frontend/rust-lib/flowy-sqlite-vec/src/db.rs	unreviewed	production-relevant until a pass-3 reviewer records it
frontend/rust-lib/flowy-sqlite-vec/src/entities.rs	unreviewed	production-relevant until a pass-3 reviewer records it
frontend/rust-lib/flowy-sqlite-vec/src/lib.rs	unreviewed	production-relevant until a pass-3 reviewer records it
frontend/rust-lib/flowy-sqlite-vec/src/migration.rs	unreviewed	production-relevant until a pass-3 reviewer records it
frontend/rust-lib/flowy-sqlite-vec/tests/main.rs	test-fixture	test or fixture path
frontend/rust-lib/flowy-sqlite/.env	unreviewed	production-relevant until a pass-3 reviewer records it
frontend/rust-lib/flowy-sqlite/Cargo.toml	unreviewed	production-relevant until a pass-3 reviewer records it
frontend/rust-lib/flowy-sqlite/diesel.toml	unreviewed	production-relevant until a pass-3 reviewer records it
frontend/rust-lib/flowy-sqlite/migrations/2023-06-05-023648_user/down.sql	unreviewed	production-relevant until a pass-3 reviewer records it
frontend/rust-lib/flowy-sqlite/migrations/2023-06-05-023648_user/up.sql	unreviewed	production-relevant until a pass-3 reviewer records it
frontend/rust-lib/flowy-sqlite/migrations/2023-06-05-135652_collab_snapshot/down.sql	unreviewed	production-relevant until a pass-3 reviewer records it
frontend/rust-lib/flowy-sqlite/migrations/2023-06-05-135652_collab_snapshot/up.sql	unreviewed	production-relevant until a pass-3 reviewer records it
frontend/rust-lib/flowy-sqlite/migrations/2023-07-12-135810_user_auth_type/down.sql	unreviewed	production-relevant until a pass-3 reviewer records it
frontend/rust-lib/flowy-sqlite/migrations/2023-07-12-135810_user_auth_type/up.sql	unreviewed	production-relevant until a pass-3 reviewer records it
frontend/rust-lib/flowy-sqlite/migrations/2023-07-21-081348_user_workspace/down.sql	unreviewed	production-relevant until a pass-3 reviewer records it
frontend/rust-lib/flowy-sqlite/migrations/2023-07-21-081348_user_workspace/up.sql	unreviewed	production-relevant until a pass-3 reviewer records it
frontend/rust-lib/flowy-sqlite/migrations/2023-08-02-083250_user_migration/down.sql	unreviewed	production-relevant until a pass-3 reviewer records it
frontend/rust-lib/flowy-sqlite/migrations/2023-08-02-083250_user_migration/up.sql	unreviewed	production-relevant until a pass-3 reviewer records it
frontend/rust-lib/flowy-sqlite/migrations/2023-08-14-162155_user_encrypt/down.sql	unreviewed	production-relevant until a pass-3 reviewer records it
frontend/rust-lib/flowy-sqlite/migrations/2023-08-14-162155_user_encrypt/up.sql	unreviewed	production-relevant until a pass-3 reviewer records it
frontend/rust-lib/flowy-sqlite/migrations/2023-10-09-094834_user_stability_ai_key/down.sql	unreviewed	production-relevant until a pass-3 reviewer records it
frontend/rust-lib/flowy-sqlite/migrations/2023-10-09-094834_user_stability_ai_key/up.sql	unreviewed	production-relevant until a pass-3 reviewer records it
frontend/rust-lib/flowy-sqlite/migrations/2023-10-24-074032_user_updated_at/down.sql	unreviewed	production-relevant until a pass-3 reviewer records it
frontend/rust-lib/flowy-sqlite/migrations/2023-10-24-074032_user_updated_at/up.sql	unreviewed	production-relevant until a pass-3 reviewer records it
frontend/rust-lib/flowy-sqlite/migrations/2023-11-19-040403_rocksdb_backup/down.sql	unreviewed	production-relevant until a pass-3 reviewer records it
frontend/rust-lib/flowy-sqlite/migrations/2023-11-19-040403_rocksdb_backup/up.sql	unreviewed	production-relevant until a pass-3 reviewer records it
frontend/rust-lib/flowy-sqlite/migrations/2024-01-07-041005_recreate_snapshot_table/down.sql	unreviewed	production-relevant until a pass-3 reviewer records it
frontend/rust-lib/flowy-sqlite/migrations/2024-01-07-041005_recreate_snapshot_table/up.sql	unreviewed	production-relevant until a pass-3 reviewer records it
frontend/rust-lib/flowy-sqlite/migrations/2024-03-09-031208_user_workspace_icon/down.sql	unreviewed	production-relevant until a pass-3 reviewer records it
frontend/rust-lib/flowy-sqlite/migrations/2024-03-09-031208_user_workspace_icon/up.sql	unreviewed	production-relevant until a pass-3 reviewer records it
frontend/rust-lib/flowy-sqlite/migrations/2024-05-23-061639_chat_message/down.sql	unreviewed	production-relevant until a pass-3 reviewer records it
frontend/rust-lib/flowy-sqlite/migrations/2024-05-23-061639_chat_message/up.sql	unreviewed	production-relevant until a pass-3 reviewer records it
frontend/rust-lib/flowy-sqlite/migrations/2024-06-14-020242_workspace_member/down.sql	unreviewed	production-relevant until a pass-3 reviewer records it
frontend/rust-lib/flowy-sqlite/migrations/2024-06-14-020242_workspace_member/up.sql	unreviewed	production-relevant until a pass-3 reviewer records it
frontend/rust-lib/flowy-sqlite/migrations/2024-06-16-131359_file_upload/down.sql	unreviewed	production-relevant until a pass-3 reviewer records it
frontend/rust-lib/flowy-sqlite/migrations/2024-06-16-131359_file_upload/up.sql	unreviewed	production-relevant until a pass-3 reviewer records it
frontend/rust-lib/flowy-sqlite/migrations/2024-06-22-082201_user_ai_model/down.sql	unreviewed	production-relevant until a pass-3 reviewer records it
frontend/rust-lib/flowy-sqlite/migrations/2024-06-22-082201_user_ai_model/up.sql	unreviewed	production-relevant until a pass-3 reviewer records it
frontend/rust-lib/flowy-sqlite/migrations/2024-06-26-015936_chat_setting/down.sql	unreviewed	production-relevant until a pass-3 reviewer records it
frontend/rust-lib/flowy-sqlite/migrations/2024-06-26-015936_chat_setting/up.sql	unreviewed	production-relevant until a pass-3 reviewer records it
frontend/rust-lib/flowy-sqlite/migrations/2024-08-05-024351_chat_message_metadata/down.sql	unreviewed	production-relevant until a pass-3 reviewer records it
frontend/rust-lib/flowy-sqlite/migrations/2024-08-05-024351_chat_message_metadata/up.sql	unreviewed	production-relevant until a pass-3 reviewer records it
frontend/rust-lib/flowy-sqlite/migrations/2024-08-07-093650_chat_metadata/down.sql	unreviewed	production-relevant until a pass-3 reviewer records it
frontend/rust-lib/flowy-sqlite/migrations/2024-08-07-093650_chat_metadata/up.sql	unreviewed	production-relevant until a pass-3 reviewer records it
frontend/rust-lib/flowy-sqlite/migrations/2024-08-20-061727_file_upload_finish/down.sql	unreviewed	production-relevant until a pass-3 reviewer records it
frontend/rust-lib/flowy-sqlite/migrations/2024-08-20-061727_file_upload_finish/up.sql	unreviewed	production-relevant until a pass-3 reviewer records it
frontend/rust-lib/flowy-sqlite/migrations/2024-11-08-102351_workspace_member_count/down.sql	unreviewed	production-relevant until a pass-3 reviewer records it
frontend/rust-lib/flowy-sqlite/migrations/2024-11-08-102351_workspace_member_count/up.sql	unreviewed	production-relevant until a pass-3 reviewer records it
frontend/rust-lib/flowy-sqlite/migrations/2024-12-12-102351_workspace_role/down.sql	unreviewed	production-relevant until a pass-3 reviewer records it
frontend/rust-lib/flowy-sqlite/migrations/2024-12-12-102351_workspace_role/up.sql	unreviewed	production-relevant until a pass-3 reviewer records it
frontend/rust-lib/flowy-sqlite/migrations/2024-12-29-061706_collab_metadata/down.sql	unreviewed	production-relevant until a pass-3 reviewer records it
frontend/rust-lib/flowy-sqlite/migrations/2024-12-29-061706_collab_metadata/up.sql	unreviewed	production-relevant until a pass-3 reviewer records it
frontend/rust-lib/flowy-sqlite/migrations/2025-04-17-042326_chat_metadata/down.sql	unreviewed	production-relevant until a pass-3 reviewer records it
frontend/rust-lib/flowy-sqlite/migrations/2025-04-17-042326_chat_metadata/up.sql	unreviewed	production-relevant until a pass-3 reviewer records it
frontend/rust-lib/flowy-sqlite/migrations/2025-04-17-142713_offline_chat_message/down.sql	unreviewed	production-relevant until a pass-3 reviewer records it
frontend/rust-lib/flowy-sqlite/migrations/2025-04-17-142713_offline_chat_message/up.sql	unreviewed	production-relevant until a pass-3 reviewer records it
frontend/rust-lib/flowy-sqlite/migrations/2025-04-18-132232_user_workspace_auth_type/down.sql	unreviewed	production-relevant until a pass-3 reviewer records it
frontend/rust-lib/flowy-sqlite/migrations/2025-04-18-132232_user_workspace_auth_type/up.sql	unreviewed	production-relevant until a pass-3 reviewer records it
frontend/rust-lib/flowy-sqlite/migrations/2025-04-22-150142_workspace_member_joined_at/down.sql	unreviewed	production-relevant until a pass-3 reviewer records it
frontend/rust-lib/flowy-sqlite/migrations/2025-04-22-150142_workspace_member_joined_at/up.sql	unreviewed	production-relevant until a pass-3 reviewer records it
frontend/rust-lib/flowy-sqlite/migrations/2025-04-25-071459_local_ai_model/down.sql	unreviewed	production-relevant until a pass-3 reviewer records it
frontend/rust-lib/flowy-sqlite/migrations/2025-04-25-071459_local_ai_model/up.sql	unreviewed	production-relevant until a pass-3 reviewer records it
frontend/rust-lib/flowy-sqlite/migrations/2025-04-28-070644_collab_table/down.sql	unreviewed	production-relevant until a pass-3 reviewer records it
frontend/rust-lib/flowy-sqlite/migrations/2025-04-28-070644_collab_table/up.sql	unreviewed	production-relevant until a pass-3 reviewer records it
frontend/rust-lib/flowy-sqlite/migrations/2025-05-06-131915_chat_summary/down.sql	unreviewed	production-relevant until a pass-3 reviewer records it
frontend/rust-lib/flowy-sqlite/migrations/2025-05-06-131915_chat_summary/up.sql	unreviewed	production-relevant until a pass-3 reviewer records it
frontend/rust-lib/flowy-sqlite/migrations/2025-05-19-074647_create_shared_views_table/down.sql	unreviewed	production-relevant until a pass-3 reviewer records it
frontend/rust-lib/flowy-sqlite/migrations/2025-05-19-074647_create_shared_views_table/up.sql	unreviewed	production-relevant until a pass-3 reviewer records it
frontend/rust-lib/flowy-sqlite/migrations/2025-06-04-072900_create_shared_users_table/down.sql	unreviewed	production-relevant until a pass-3 reviewer records it
frontend/rust-lib/flowy-sqlite/migrations/2025-06-04-072900_create_shared_users_table/up.sql	unreviewed	production-relevant until a pass-3 reviewer records it
frontend/rust-lib/flowy-sqlite/migrations/2025-06-04-123016_update_shared_users_table_order/down.sql	unreviewed	production-relevant until a pass-3 reviewer records it
frontend/rust-lib/flowy-sqlite/migrations/2025-06-04-123016_update_shared_users_table_order/up.sql	unreviewed	production-relevant until a pass-3 reviewer records it
frontend/rust-lib/flowy-sqlite/src/kv/kv.rs	unreviewed	production-relevant until a pass-3 reviewer records it
frontend/rust-lib/flowy-sqlite/src/kv/mod.rs	unreviewed	production-relevant until a pass-3 reviewer records it
frontend/rust-lib/flowy-sqlite/src/kv/schema.rs	unreviewed	production-relevant until a pass-3 reviewer records it
frontend/rust-lib/flowy-sqlite/src/lib.rs	unreviewed	production-relevant until a pass-3 reviewer records it
frontend/rust-lib/flowy-sqlite/src/schema.rs	unreviewed	production-relevant until a pass-3 reviewer records it
frontend/rust-lib/flowy-sqlite/src/sqlite_impl/conn_ext.rs	unreviewed	production-relevant until a pass-3 reviewer records it
frontend/rust-lib/flowy-sqlite/src/sqlite_impl/database.rs	unreviewed	production-relevant until a pass-3 reviewer records it
frontend/rust-lib/flowy-sqlite/src/sqlite_impl/errors.rs	unreviewed	production-relevant until a pass-3 reviewer records it
frontend/rust-lib/flowy-sqlite/src/sqlite_impl/mod.rs	unreviewed	production-relevant until a pass-3 reviewer records it
frontend/rust-lib/flowy-sqlite/src/sqlite_impl/pool.rs	unreviewed	production-relevant until a pass-3 reviewer records it
frontend/rust-lib/flowy-sqlite/src/sqlite_impl/pragma.rs	unreviewed	production-relevant until a pass-3 reviewer records it
frontend/rust-lib/flowy-storage-pub/Cargo.toml	unreviewed	production-relevant until a pass-3 reviewer records it
frontend/rust-lib/flowy-storage-pub/src/chunked_byte.rs	unreviewed	production-relevant until a pass-3 reviewer records it
frontend/rust-lib/flowy-storage-pub/src/cloud.rs	unreviewed	production-relevant until a pass-3 reviewer records it
frontend/rust-lib/flowy-storage-pub/src/lib.rs	unreviewed	production-relevant until a pass-3 reviewer records it
frontend/rust-lib/flowy-storage-pub/src/storage.rs	unreviewed	production-relevant until a pass-3 reviewer records it
frontend/rust-lib/flowy-storage/Cargo.toml	unreviewed	production-relevant until a pass-3 reviewer records it
frontend/rust-lib/flowy-storage/Flowy.toml	unreviewed	production-relevant until a pass-3 reviewer records it
frontend/rust-lib/flowy-storage/build.rs	unreviewed	production-relevant until a pass-3 reviewer records it
frontend/rust-lib/flowy-storage/src/entities.rs	unreviewed	production-relevant until a pass-3 reviewer records it
frontend/rust-lib/flowy-storage/src/event_handler.rs	unreviewed	production-relevant until a pass-3 reviewer records it
frontend/rust-lib/flowy-storage/src/event_map.rs	unreviewed	production-relevant until a pass-3 reviewer records it
frontend/rust-lib/flowy-storage/src/file_cache.rs	unreviewed	production-relevant until a pass-3 reviewer records it
frontend/rust-lib/flowy-storage/src/lib.rs	unreviewed	production-relevant until a pass-3 reviewer records it
frontend/rust-lib/flowy-storage/src/manager.rs	unreviewed	production-relevant until a pass-3 reviewer records it
frontend/rust-lib/flowy-storage/src/notification.rs	unreviewed	production-relevant until a pass-3 reviewer records it
frontend/rust-lib/flowy-storage/src/sqlite_sql.rs	unreviewed	production-relevant until a pass-3 reviewer records it
frontend/rust-lib/flowy-storage/src/uploader.rs	unreviewed	production-relevant until a pass-3 reviewer records it
frontend/rust-lib/flowy-storage/tests/multiple_part_upload_test.rs	test-fixture	test or fixture path
frontend/rust-lib/flowy-user-pub/Cargo.toml	unreviewed	production-relevant until a pass-3 reviewer records it
frontend/rust-lib/flowy-user-pub/src/cloud.rs	unreviewed	production-relevant until a pass-3 reviewer records it
frontend/rust-lib/flowy-user-pub/src/entities.rs	unreviewed	production-relevant until a pass-3 reviewer records it
frontend/rust-lib/flowy-user-pub/src/lib.rs	unreviewed	production-relevant until a pass-3 reviewer records it
frontend/rust-lib/flowy-user-pub/src/session.rs	unreviewed	production-relevant until a pass-3 reviewer records it
frontend/rust-lib/flowy-user-pub/src/sql/member_sql.rs	unreviewed	production-relevant until a pass-3 reviewer records it
frontend/rust-lib/flowy-user-pub/src/sql/mod.rs	unreviewed	production-relevant until a pass-3 reviewer records it
frontend/rust-lib/flowy-user-pub/src/sql/user_sql.rs	unreviewed	production-relevant until a pass-3 reviewer records it
frontend/rust-lib/flowy-user-pub/src/sql/workspace_setting_sql.rs	unreviewed	production-relevant until a pass-3 reviewer records it
frontend/rust-lib/flowy-user-pub/src/sql/workspace_sql.rs	unreviewed	production-relevant until a pass-3 reviewer records it
frontend/rust-lib/flowy-user-pub/src/workspace_service.rs	unreviewed	production-relevant until a pass-3 reviewer records it
frontend/rust-lib/flowy-user/Cargo.toml	unreviewed	production-relevant until a pass-3 reviewer records it
frontend/rust-lib/flowy-user/Flowy.toml	unreviewed	production-relevant until a pass-3 reviewer records it
frontend/rust-lib/flowy-user/build.rs	unreviewed	production-relevant until a pass-3 reviewer records it
frontend/rust-lib/flowy-user/src/entities/auth.rs	unreviewed	production-relevant until a pass-3 reviewer records it
frontend/rust-lib/flowy-user/src/entities/date_time.rs	unreviewed	production-relevant until a pass-3 reviewer records it
frontend/rust-lib/flowy-user/src/entities/import_data.rs	unreviewed	production-relevant until a pass-3 reviewer records it
frontend/rust-lib/flowy-user/src/entities/mod.rs	unreviewed	production-relevant until a pass-3 reviewer records it
frontend/rust-lib/flowy-user/src/entities/parser/mod.rs	unreviewed	production-relevant until a pass-3 reviewer records it
frontend/rust-lib/flowy-user/src/entities/parser/user_email.rs	unreviewed	production-relevant until a pass-3 reviewer records it
frontend/rust-lib/flowy-user/src/entities/parser/user_icon.rs	unreviewed	production-relevant until a pass-3 reviewer records it
frontend/rust-lib/flowy-user/src/entities/parser/user_id.rs	unreviewed	production-relevant until a pass-3 reviewer records it
frontend/rust-lib/flowy-user/src/entities/parser/user_name.rs	unreviewed	production-relevant until a pass-3 reviewer records it
frontend/rust-lib/flowy-user/src/entities/parser/user_openai_key.rs	unreviewed	production-relevant until a pass-3 reviewer records it
frontend/rust-lib/flowy-user/src/entities/parser/user_password.rs	unreviewed	production-relevant until a pass-3 reviewer records it
frontend/rust-lib/flowy-user/src/entities/parser/user_stability_ai_key.rs	unreviewed	production-relevant until a pass-3 reviewer records it
frontend/rust-lib/flowy-user/src/entities/realtime.rs	unreviewed	production-relevant until a pass-3 reviewer records it
frontend/rust-lib/flowy-user/src/entities/reminder.rs	unreviewed	production-relevant until a pass-3 reviewer records it
frontend/rust-lib/flowy-user/src/entities/user_profile.rs	unreviewed	production-relevant until a pass-3 reviewer records it
frontend/rust-lib/flowy-user/src/entities/user_setting.rs	unreviewed	production-relevant until a pass-3 reviewer records it
frontend/rust-lib/flowy-user/src/entities/workspace.rs	unreviewed	production-relevant until a pass-3 reviewer records it
frontend/rust-lib/flowy-user/src/event_handler.rs	unreviewed	production-relevant until a pass-3 reviewer records it
frontend/rust-lib/flowy-user/src/event_map.rs	unreviewed	production-relevant until a pass-3 reviewer records it
frontend/rust-lib/flowy-user/src/lib.rs	unreviewed	production-relevant until a pass-3 reviewer records it
frontend/rust-lib/flowy-user/src/migrations/anon_user_workspace.rs	unreviewed	production-relevant until a pass-3 reviewer records it
frontend/rust-lib/flowy-user/src/migrations/doc_key_with_workspace.rs	unreviewed	production-relevant until a pass-3 reviewer records it
frontend/rust-lib/flowy-user/src/migrations/document_empty_content.rs	unreviewed	production-relevant until a pass-3 reviewer records it
frontend/rust-lib/flowy-user/src/migrations/migration.rs	unreviewed	production-relevant until a pass-3 reviewer records it
frontend/rust-lib/flowy-user/src/migrations/mod.rs	unreviewed	production-relevant until a pass-3 reviewer records it
frontend/rust-lib/flowy-user/src/migrations/session_migration.rs	unreviewed	production-relevant until a pass-3 reviewer records it
frontend/rust-lib/flowy-user/src/migrations/util.rs	unreviewed	production-relevant until a pass-3 reviewer records it
frontend/rust-lib/flowy-user/src/migrations/workspace_and_favorite_v1.rs	unreviewed	production-relevant until a pass-3 reviewer records it
frontend/rust-lib/flowy-user/src/migrations/workspace_trash_v1.rs	unreviewed	production-relevant until a pass-3 reviewer records it
frontend/rust-lib/flowy-user/src/notification.rs	unreviewed	production-relevant until a pass-3 reviewer records it
frontend/rust-lib/flowy-user/src/services/authenticate_user.rs	unreviewed	production-relevant until a pass-3 reviewer records it
frontend/rust-lib/flowy-user/src/services/billing_check.rs	unreviewed	production-relevant until a pass-3 reviewer records it
frontend/rust-lib/flowy-user/src/services/cloud_config.rs	unreviewed	production-relevant until a pass-3 reviewer records it
frontend/rust-lib/flowy-user/src/services/collab_interact.rs	unreviewed	production-relevant until a pass-3 reviewer records it
frontend/rust-lib/flowy-user/src/services/data_import/appflowy_data_import.rs	unreviewed	production-relevant until a pass-3 reviewer records it
frontend/rust-lib/flowy-user/src/services/data_import/importer.rs	unreviewed	production-relevant until a pass-3 reviewer records it
frontend/rust-lib/flowy-user/src/services/data_import/mod.rs	unreviewed	production-relevant until a pass-3 reviewer records it
frontend/rust-lib/flowy-user/src/services/db.rs	unreviewed	production-relevant until a pass-3 reviewer records it
frontend/rust-lib/flowy-user/src/services/entities.rs	unreviewed	production-relevant until a pass-3 reviewer records it
frontend/rust-lib/flowy-user/src/services/mod.rs	unreviewed	production-relevant until a pass-3 reviewer records it
frontend/rust-lib/flowy-user/src/user_manager/manager.rs	unreviewed	production-relevant until a pass-3 reviewer records it
frontend/rust-lib/flowy-user/src/user_manager/manager_history_user.rs	unreviewed	production-relevant until a pass-3 reviewer records it
frontend/rust-lib/flowy-user/src/user_manager/manager_user_awareness.rs	unreviewed	production-relevant until a pass-3 reviewer records it
frontend/rust-lib/flowy-user/src/user_manager/manager_user_encryption.rs	unreviewed	production-relevant until a pass-3 reviewer records it
frontend/rust-lib/flowy-user/src/user_manager/manager_user_workspace.rs	unreviewed	production-relevant until a pass-3 reviewer records it
frontend/rust-lib/flowy-user/src/user_manager/mod.rs	unreviewed	production-relevant until a pass-3 reviewer records it
frontend/rust-lib/lib-dispatch/Cargo.toml	unreviewed	production-relevant until a pass-3 reviewer records it
frontend/rust-lib/lib-dispatch/src/byte_trait.rs	unreviewed	production-relevant until a pass-3 reviewer records it
frontend/rust-lib/lib-dispatch/src/data.rs	unreviewed	production-relevant until a pass-3 reviewer records it
frontend/rust-lib/lib-dispatch/src/dispatcher.rs	unreviewed	production-relevant until a pass-3 reviewer records it
frontend/rust-lib/lib-dispatch/src/errors/errors.rs	unreviewed	production-relevant until a pass-3 reviewer records it
frontend/rust-lib/lib-dispatch/src/errors/mod.rs	unreviewed	production-relevant until a pass-3 reviewer records it
frontend/rust-lib/lib-dispatch/src/lib.rs	unreviewed	production-relevant until a pass-3 reviewer records it
frontend/rust-lib/lib-dispatch/src/macros.rs	unreviewed	production-relevant until a pass-3 reviewer records it
frontend/rust-lib/lib-dispatch/src/module/container.rs	unreviewed	production-relevant until a pass-3 reviewer records it
frontend/rust-lib/lib-dispatch/src/module/data.rs	unreviewed	production-relevant until a pass-3 reviewer records it
frontend/rust-lib/lib-dispatch/src/module/mod.rs	unreviewed	production-relevant until a pass-3 reviewer records it
frontend/rust-lib/lib-dispatch/src/module/module.rs	unreviewed	production-relevant until a pass-3 reviewer records it
frontend/rust-lib/lib-dispatch/src/request/mod.rs	unreviewed	production-relevant until a pass-3 reviewer records it
frontend/rust-lib/lib-dispatch/src/request/payload.rs	unreviewed	production-relevant until a pass-3 reviewer records it
frontend/rust-lib/lib-dispatch/src/request/request.rs	unreviewed	production-relevant until a pass-3 reviewer records it
frontend/rust-lib/lib-dispatch/src/response/builder.rs	unreviewed	production-relevant until a pass-3 reviewer records it
frontend/rust-lib/lib-dispatch/src/response/mod.rs	unreviewed	production-relevant until a pass-3 reviewer records it
frontend/rust-lib/lib-dispatch/src/response/responder.rs	unreviewed	production-relevant until a pass-3 reviewer records it
frontend/rust-lib/lib-dispatch/src/response/response.rs	unreviewed	production-relevant until a pass-3 reviewer records it
frontend/rust-lib/lib-dispatch/src/runtime.rs	unreviewed	production-relevant until a pass-3 reviewer records it
frontend/rust-lib/lib-dispatch/src/service/boxed.rs	unreviewed	production-relevant until a pass-3 reviewer records it
frontend/rust-lib/lib-dispatch/src/service/handler.rs	unreviewed	production-relevant until a pass-3 reviewer records it
frontend/rust-lib/lib-dispatch/src/service/mod.rs	unreviewed	production-relevant until a pass-3 reviewer records it
frontend/rust-lib/lib-dispatch/src/service/service.rs	unreviewed	production-relevant until a pass-3 reviewer records it
frontend/rust-lib/lib-dispatch/src/util/mod.rs	unreviewed	production-relevant until a pass-3 reviewer records it
frontend/rust-lib/lib-dispatch/src/util/ready.rs	unreviewed	production-relevant until a pass-3 reviewer records it
frontend/rust-lib/lib-dispatch/tests/api/main.rs	test-fixture	test or fixture path
frontend/rust-lib/lib-dispatch/tests/api/module.rs	test-fixture	test or fixture path
frontend/rust-lib/lib-infra/Cargo.toml	unreviewed	production-relevant until a pass-3 reviewer records it
frontend/rust-lib/lib-infra/src/box_any.rs	unreviewed	production-relevant until a pass-3 reviewer records it
frontend/rust-lib/lib-infra/src/compression.rs	unreviewed	production-relevant until a pass-3 reviewer records it
frontend/rust-lib/lib-infra/src/encryption/mod.rs	unreviewed	production-relevant until a pass-3 reviewer records it
frontend/rust-lib/lib-infra/src/file_util.rs	unreviewed	production-relevant until a pass-3 reviewer records it
frontend/rust-lib/lib-infra/src/isolate_stream.rs	unreviewed	production-relevant until a pass-3 reviewer records it
frontend/rust-lib/lib-infra/src/lib.rs	unreviewed	production-relevant until a pass-3 reviewer records it
frontend/rust-lib/lib-infra/src/native/future.rs	unreviewed	production-relevant until a pass-3 reviewer records it
frontend/rust-lib/lib-infra/src/native/mod.rs	unreviewed	production-relevant until a pass-3 reviewer records it
frontend/rust-lib/lib-infra/src/priority_task/mod.rs	unreviewed	production-relevant until a pass-3 reviewer records it
frontend/rust-lib/lib-infra/src/priority_task/queue.rs	unreviewed	production-relevant until a pass-3 reviewer records it
frontend/rust-lib/lib-infra/src/priority_task/scheduler.rs	unreviewed	production-relevant until a pass-3 reviewer records it
frontend/rust-lib/lib-infra/src/priority_task/store.rs	unreviewed	production-relevant until a pass-3 reviewer records it
frontend/rust-lib/lib-infra/src/priority_task/task.rs	unreviewed	production-relevant until a pass-3 reviewer records it
frontend/rust-lib/lib-infra/src/ref_map.rs	unreviewed	production-relevant until a pass-3 reviewer records it
frontend/rust-lib/lib-infra/src/stream_util.rs	unreviewed	production-relevant until a pass-3 reviewer records it
frontend/rust-lib/lib-infra/src/util.rs	unreviewed	production-relevant until a pass-3 reviewer records it
frontend/rust-lib/lib-infra/src/validator_fn.rs	unreviewed	production-relevant until a pass-3 reviewer records it
frontend/rust-lib/lib-infra/src/wasm/future.rs	unreviewed	production-relevant until a pass-3 reviewer records it
frontend/rust-lib/lib-infra/src/wasm/mod.rs	unreviewed	production-relevant until a pass-3 reviewer records it
frontend/rust-lib/lib-infra/tests/main.rs	test-fixture	test or fixture path
frontend/rust-lib/lib-infra/tests/task_test/mod.rs	test-fixture	test or fixture path
frontend/rust-lib/lib-infra/tests/task_test/script.rs	test-fixture	test or fixture path
frontend/rust-lib/lib-infra/tests/task_test/task_cancel_test.rs	test-fixture	test or fixture path
frontend/rust-lib/lib-infra/tests/task_test/task_order_test.rs	test-fixture	test or fixture path
frontend/rust-lib/lib-log/Cargo.toml	unreviewed	production-relevant until a pass-3 reviewer records it
frontend/rust-lib/lib-log/src/layer.rs	unreviewed	production-relevant until a pass-3 reviewer records it
frontend/rust-lib/lib-log/src/lib.rs	unreviewed	production-relevant until a pass-3 reviewer records it
frontend/rust-lib/lib-log/src/stream_log.rs	unreviewed	production-relevant until a pass-3 reviewer records it
frontend/rust-lib/rust-toolchain.toml	unreviewed	production-relevant until a pass-3 reviewer records it
frontend/rust-lib/rustfmt.toml	unreviewed	production-relevant until a pass-3 reviewer records it
frontend/rust-toolchain.toml	unreviewed	production-relevant until a pass-3 reviewer records it
frontend/scripts/code_generation/flowy_icons/generate_flowy_icons.cmd	unreviewed	production-relevant until a pass-3 reviewer records it
frontend/scripts/code_generation/flowy_icons/generate_flowy_icons.sh	unreviewed	production-relevant until a pass-3 reviewer records it
frontend/scripts/code_generation/freezed/generate_freezed.cmd	unreviewed	production-relevant until a pass-3 reviewer records it
frontend/scripts/code_generation/freezed/generate_freezed.sh	unreviewed	production-relevant until a pass-3 reviewer records it
frontend/scripts/code_generation/generate.cmd	unreviewed	production-relevant until a pass-3 reviewer records it
frontend/scripts/code_generation/generate.sh	unreviewed	production-relevant until a pass-3 reviewer records it
frontend/scripts/code_generation/language_files/generate_language_files.cmd	unreviewed	production-relevant until a pass-3 reviewer records it
frontend/scripts/code_generation/language_files/generate_language_files.sh	unreviewed	production-relevant until a pass-3 reviewer records it
frontend/scripts/dmg_assets/AppFlowyInstallerBackground.jpg	asset	binary or font asset, not executable logic
frontend/scripts/docker-buildfiles/Dockerfile	unreviewed	production-relevant until a pass-3 reviewer records it
frontend/scripts/docker-buildfiles/README.md	doc	readme
frontend/scripts/docker-buildfiles/docker-compose.yml	unreviewed	production-relevant until a pass-3 reviewer records it
frontend/scripts/flatpack-buildfiles/.gitignore	unreviewed	production-relevant until a pass-3 reviewer records it
frontend/scripts/flatpack-buildfiles/dbus-interface.xml	unreviewed	production-relevant until a pass-3 reviewer records it
frontend/scripts/flatpack-buildfiles/io.appflowy.AppFlowy.desktop	unreviewed	production-relevant until a pass-3 reviewer records it
frontend/scripts/flatpack-buildfiles/io.appflowy.AppFlowy.launcher.desktop	unreviewed	production-relevant until a pass-3 reviewer records it
frontend/scripts/flatpack-buildfiles/io.appflowy.AppFlowy.metainfo.xml	unreviewed	production-relevant until a pass-3 reviewer records it
frontend/scripts/flatpack-buildfiles/io.appflowy.AppFlowy.service	unreviewed	production-relevant until a pass-3 reviewer records it
frontend/scripts/flatpack-buildfiles/io.appflowy.AppFlowy.yml	unreviewed	production-relevant until a pass-3 reviewer records it
frontend/scripts/flatpack-buildfiles/launcher.sh	unreviewed	production-relevant until a pass-3 reviewer records it
frontend/scripts/flatpack-buildfiles/logo.svg	asset	binary or font asset, not executable logic
frontend/scripts/flutter_release_build/build_flowy.dart	unreviewed	production-relevant until a pass-3 reviewer records it
frontend/scripts/flutter_release_build/build_universal_package_for_macos.sh	unreviewed	production-relevant until a pass-3 reviewer records it
frontend/scripts/flutter_release_build/tool.dart	unreviewed	production-relevant until a pass-3 reviewer records it
frontend/scripts/install_dev_env/install_ios.sh	unreviewed	production-relevant until a pass-3 reviewer records it
frontend/scripts/install_dev_env/install_linux.sh	unreviewed	production-relevant until a pass-3 reviewer records it
frontend/scripts/install_dev_env/install_macos.sh	unreviewed	production-relevant until a pass-3 reviewer records it
frontend/scripts/install_dev_env/install_windows.sh	unreviewed	production-relevant until a pass-3 reviewer records it
frontend/scripts/linux_distribution/appimage/AppImageBuilder.yml	unreviewed	production-relevant until a pass-3 reviewer records it
frontend/scripts/linux_distribution/appimage/build_appimage.sh	unreviewed	production-relevant until a pass-3 reviewer records it
frontend/scripts/linux_distribution/appimage/io.appflowy.AppFlowy.desktop	unreviewed	production-relevant until a pass-3 reviewer records it
frontend/scripts/linux_distribution/deb/AppFlowy.desktop	unreviewed	production-relevant until a pass-3 reviewer records it
frontend/scripts/linux_distribution/deb/DEBIAN/control	unreviewed	production-relevant until a pass-3 reviewer records it
frontend/scripts/linux_distribution/deb/DEBIAN/postinst	unreviewed	production-relevant until a pass-3 reviewer records it
frontend/scripts/linux_distribution/deb/DEBIAN/postrm	unreviewed	production-relevant until a pass-3 reviewer records it
frontend/scripts/linux_distribution/deb/README.md	doc	readme
frontend/scripts/linux_distribution/deb/build_deb.sh	unreviewed	production-relevant until a pass-3 reviewer records it
frontend/scripts/linux_distribution/flatpak/README.md	doc	readme
frontend/scripts/linux_distribution/packaging/appflowy.svg	asset	binary or font asset, not executable logic
frontend/scripts/linux_distribution/packaging/io.appflowy.AppFlowy.launcher.desktop	unreviewed	production-relevant until a pass-3 reviewer records it
frontend/scripts/linux_distribution/packaging/io.appflowy.AppFlowy.metainfo.xml	unreviewed	production-relevant until a pass-3 reviewer records it
frontend/scripts/linux_distribution/packaging/io.appflowy.AppFlowy.service	unreviewed	production-relevant until a pass-3 reviewer records it
frontend/scripts/linux_distribution/packaging/launcher.sh	unreviewed	production-relevant until a pass-3 reviewer records it
frontend/scripts/linux_installer/control	unreviewed	production-relevant until a pass-3 reviewer records it
frontend/scripts/linux_installer/postinst	unreviewed	production-relevant until a pass-3 reviewer records it
frontend/scripts/linux_installer/postrm	unreviewed	production-relevant until a pass-3 reviewer records it
frontend/scripts/makefile/desktop.toml	unreviewed	production-relevant until a pass-3 reviewer records it
frontend/scripts/makefile/docker.toml	unreviewed	production-relevant until a pass-3 reviewer records it
frontend/scripts/makefile/env.toml	unreviewed	production-relevant until a pass-3 reviewer records it
frontend/scripts/makefile/flutter.toml	unreviewed	production-relevant until a pass-3 reviewer records it
frontend/scripts/makefile/mobile.toml	unreviewed	production-relevant until a pass-3 reviewer records it
frontend/scripts/makefile/protobuf.toml	unreviewed	production-relevant until a pass-3 reviewer records it
frontend/scripts/makefile/tauri.toml	unreviewed	production-relevant until a pass-3 reviewer records it
frontend/scripts/makefile/tests.toml	unreviewed	production-relevant until a pass-3 reviewer records it
frontend/scripts/makefile/tool.toml	unreviewed	production-relevant until a pass-3 reviewer records it
frontend/scripts/makefile/web.toml	unreviewed	production-relevant until a pass-3 reviewer records it
frontend/scripts/tool/update_client_api_rev.sh	unreviewed	production-relevant until a pass-3 reviewer records it
frontend/scripts/tool/update_collab_rev.sh	unreviewed	production-relevant until a pass-3 reviewer records it
frontend/scripts/tool/update_collab_source.sh	unreviewed	production-relevant until a pass-3 reviewer records it
frontend/scripts/tool/update_local_ai_rev.sh	unreviewed	production-relevant until a pass-3 reviewer records it
frontend/scripts/white_label/code_white_label.sh	unreviewed	production-relevant until a pass-3 reviewer records it
frontend/scripts/white_label/font_white_label.sh	unreviewed	production-relevant until a pass-3 reviewer records it
frontend/scripts/white_label/i18n_white_label.sh	unreviewed	production-relevant until a pass-3 reviewer records it
frontend/scripts/white_label/icon_white_label.sh	unreviewed	production-relevant until a pass-3 reviewer records it
frontend/scripts/white_label/resources/my_company_logo.ico	asset	binary or font asset, not executable logic
frontend/scripts/white_label/resources/my_company_logo.png	asset	binary or font asset, not executable logic
frontend/scripts/white_label/resources/my_company_logo.svg	asset	binary or font asset, not executable logic
frontend/scripts/white_label/white_label.sh	unreviewed	production-relevant until a pass-3 reviewer records it
frontend/scripts/white_label/windows_white_label.sh	unreviewed	production-relevant until a pass-3 reviewer records it
frontend/scripts/windows_installer/flowy_logo.ico	asset	binary or font asset, not executable logic
frontend/scripts/windows_installer/inno_setup_config.iss	unreviewed	production-relevant until a pass-3 reviewer records it
install.sh	unreviewed	production-relevant until a pass-3 reviewer records it
project.inlang.json	unreviewed	production-relevant until a pass-3 reviewer records it
project.inlang/project_id	unreviewed	production-relevant until a pass-3 reviewer records it
project.inlang/settings.json	unreviewed	production-relevant until a pass-3 reviewer records it
